{
   "temperature":     298.150000000000,
   "unit": "hartree",
   "energy":     -23.957380439465,
   "free energy":     -23.850546894059,
   "G(T)":       0.106833545406,
   "ZPVE":       0.143016128266,
   "number of imags":0,
   "point group": "c1",
   "gradient norm":       0.000064824733
}
