{
   "temperature":     298.150000000000,
   "unit": "hartree",
   "energy":     -22.695730501328,
   "free energy":     -22.614608885244,
   "G(T)":       0.081121616084,
   "ZPVE":       0.112673113600,
   "number of imags":0,
   "point group": "cs",
   "gradient norm":       0.000127186526
}
