{
   "temperature":     298.150000000000,
   "unit": "hartree",
   "energy":     -41.506634831594,
   "free energy":     -41.425743116248,
   "G(T)":       0.080891715347,
   "ZPVE":       0.121833448357,
   "number of imags":0,
   "point group": "c1",
   "gradient norm":       0.000060347219
}
