{
   "temperature":     298.150000000000,
   "unit": "hartree",
   "energy":     -24.061938013255,
   "free energy":     -23.905589333269,
   "G(T)":       0.156348679986,
   "ZPVE":       0.190075514942,
   "number of imags":0,
   "point group": "c1",
   "gradient norm":       0.000033643511
}
