{
   "temperature":     298.150000000000,
   "unit": "hartree",
   "energy":     -22.694609363529,
   "free energy":     -22.613360960527,
   "G(T)":       0.081248403003,
   "ZPVE":       0.112665220378,
   "number of imags":0,
   "point group": "c1",
   "gradient norm":       0.000048188359
}
