{
   "temperature":     298.150000000000,
   "unit": "hartree",
   "energy":     -17.876215345637,
   "free energy":     -17.768380609776,
   "G(T)":       0.107834735861,
   "ZPVE":       0.139659896607,
   "number of imags":0,
   "point group": "c1",
   "gradient norm":       0.000059010847
}
