{
   "temperature":     298.150000000000,
   "unit": "hartree",
   "energy":     -25.308687325765,
   "free energy":     -25.120861217073,
   "G(T)":       0.187826108692,
   "ZPVE":       0.223275511421,
   "number of imags":0,
   "point group": "c1",
   "gradient norm":       0.000042435146
}
