{
   "temperature":     298.150000000000,
   "unit": "hartree",
   "energy":     -23.959319534933,
   "free energy":     -23.851844659186,
   "G(T)":       0.107474875746,
   "ZPVE":       0.142860718001,
   "number of imags":0,
   "point group": "c1",
   "gradient norm":       0.000099430932
}
