{
   "temperature":     298.150000000000,
   "unit": "hartree",
   "energy":     -23.963897176018,
   "free energy":     -23.853375786574,
   "G(T)":       0.110521389444,
   "ZPVE":       0.143780917788,
   "number of imags":0,
   "point group": "cs",
   "gradient norm":       0.000053811296
}
