{
   "temperature":     298.150000000000,
   "unit": "hartree",
   "energy":     -19.990385373376,
   "free energy":     -19.835509747689,
   "G(T)":       0.154875625687,
   "ZPVE":       0.187160135277,
   "number of imags":0,
   "point group": "c1",
   "gradient norm":       0.000044710162
}
