{
   "temperature":     298.150000000000,
   "unit": "hartree",
   "energy":     -23.959554650218,
   "free energy":     -23.849639363481,
   "G(T)":       0.109915286737,
   "ZPVE":       0.143158004333,
   "number of imags":0,
   "point group": "c1",
   "gradient norm":       0.000054082710
}
