{
   "temperature":     298.150000000000,
   "unit": "hartree",
   "energy":     -44.048111891914,
   "free energy":     -43.881070405885,
   "G(T)":       0.167041486029,
   "ZPVE":       0.211389574429,
   "number of imags":0,
   "point group": "c1",
   "gradient norm":       0.000057096511
}
