{
    "partname": "prescreening",
    "runtime": 8.066552772186697,
    "results": {
        "CONF4": {
            "xtb_gsolv": {
                "gsolv": -0.0028274024160026556,
                "energy_xtb_gas": -39.721368267463,
                "energy_xtb_solv": -39.724195669879
            },
            "sp": {
                "energy": -1148.531454871185
            },
            "gtot": -1148.5342822736009,
            "bmw": 6.167567627640989e-07
        },
        "CONF3": {
            "xtb_gsolv": {
                "gsolv": -0.0018368305440006338,
                "energy_xtb_gas": -39.723184054991,
                "energy_xtb_solv": -39.725020885535
            },
            "sp": {
                "energy": -1148.540330591409
            },
            "gtot": -1148.542167421953,
            "bmw": 0.0026123484427409216
        },
        "CONF2": {
            "xtb_gsolv": {
                "gsolv": -0.0037705295329999444,
                "energy_xtb_gas": -39.72440450448,
                "energy_xtb_solv": -39.728175034013
            },
            "sp": {
                "energy": -1148.533263851189
            },
            "gtot": -1148.5370343807222,
            "bmw": 1.1376156832142119e-05
        },
        "CONF6": {
            "xtb_gsolv": {
                "gsolv": -0.0023143551370026216,
                "energy_xtb_gas": -39.720121414133,
                "energy_xtb_solv": -39.72243576927
            },
            "sp": {
                "energy": -1148.544575002914
            },
            "gtot": -1148.546889358051,
            "bmw": 0.38812477469010254
        },
        "CONF5": {
            "xtb_gsolv": {
                "gsolv": -0.0006774362420003399,
                "energy_xtb_gas": -39.722717849385,
                "energy_xtb_solv": -39.723395285627
            },
            "sp": {
                "energy": -1148.546196275645
            },
            "gtot": -1148.546873711887,
            "bmw": 0.38174611690045324
        },
        "CONF1": {
            "xtb_gsolv": {
                "gsolv": -0.0011982549630005224,
                "energy_xtb_gas": -39.728088343013,
                "energy_xtb_solv": -39.729286597976
            },
            "sp": {
                "energy": -1148.545186761953
            },
            "gtot": -1148.5463850169158,
            "bmw": 0.22750476705310832
        }
    },
    "settings": {
        "threshold": 4.0,
        "func": "pbe-d4",
        "basis": "def2-sv(p)",
        "prog": "orca",
        "gfnv": "gfn2",
        "run": true,
        "template": false
    },
    "nconf_in": 6,
    "nconf_out": 4
}