{
    "partname": "screening",
    "runtime": 60.22155503835529,
    "results": {
        "CONF5": {
            "gsolv": {
                "gsolv": -0.0008394903800308384,
                "energy_gas": -1150.115482771751,
                "energy_solv": -1150.116322262131
            },
            "gtot": -1150.116322262131,
            "bmw": 0.20761621452953694
        },
        "CONF1": {
            "gsolv": {
                "gsolv": -0.0013727205139275611,
                "energy_gas": -1150.115614628621,
                "energy_solv": -1150.116987349135
            },
            "gtot": -1150.116987349135,
            "bmw": 0.41993310591604144
        },
        "CONF6": {
            "gsolv": {
                "gsolv": -0.004334412041998803,
                "energy_gas": -1150.112500051712,
                "energy_solv": -1150.116834463754
            },
            "gtot": -1150.116834463754,
            "bmw": 0.3571557995601312
        },
        "CONF3": {
            "gsolv": {
                "gsolv": -0.0011644368521501747,
                "energy_gas": -1150.112695230492,
                "energy_solv": -1150.113859667344
            },
            "gtot": -1150.113859667344,
            "bmw": 0.01529487999429034
        }
    },
    "settings": {
        "threshold": 3.5,
        "func": "r2scan-3c",
        "basis": "def2-tzvp",
        "prog": "orca",
        "sm": "smd",
        "gfnv": "gfn2",
        "run": true,
        "implicit": false,
        "template": false
    },
    "nconf_in": 4,
    "nconf_out": 4
}