{
   "temperature":     298.150000000000,
   "unit": "hartree",
   "energy":     -31.095727637797,
   "free energy":     -31.061636203959,
   "G(T)":       0.034091433838,
   "ZPVE":       0.069436944683,
   "number of imags":0,
   "point group": "c1",
   "gradient norm":       0.000090356868
}
