{
   "temperature":     298.150000000000,
   "unit": "hartree",
   "energy":     -20.891875999553,
   "free energy":     -20.760743012571,
   "G(T)":       0.131132986982,
   "ZPVE":       0.162583406331,
   "number of imags":0,
   "point group": "c1",
   "gradient norm":       0.000088525233
}
