{
   "temperature":     298.150000000000,
   "unit": "hartree",
   "energy":     -39.724250039803,
   "free energy":     -39.706991187141,
   "G(T)":       0.017258852662,
   "ZPVE":       0.055670932608,
   "number of imags":0,
   "point group": "c1",
   "gradient norm":       0.000090430943
}
