{
   "temperature":     298.150000000000,
   "unit": "hartree",
   "energy":     -23.954704347383,
   "free energy":     -23.847960991704,
   "G(T)":       0.106743355679,
   "ZPVE":       0.142981162606,
   "number of imags":0,
   "point group": "c1",
   "gradient norm":       0.000048696513
}
