{
    "partname": "prescreening",
    "runtime": 12.402823818847537,
    "results": {
        "CONF2": {
            "xtb_gsolv": {
                "gsolv": -0.0047574990620020685,
                "energy_xtb_gas": -29.085169054639,
                "energy_xtb_solv": -29.089926553701
            },
            "sp": {
                "energy": -420.627171154632
            },
            "gtot": -420.631928653694,
            "bmw": 0.6449757857366947
        },
        "CONF6": {
            "xtb_gsolv": {
                "gsolv": -0.005160585865002787,
                "energy_xtb_gas": -29.08132888745,
                "energy_xtb_solv": -29.086489473315
            },
            "sp": {
                "energy": -420.620397633669
            },
            "gtot": -420.62555821953396,
            "bmw": 0.0007574370196406734
        },
        "CONF8": {
            "xtb_gsolv": {
                "gsolv": -0.0034729807019999726,
                "energy_xtb_gas": -29.082064218393,
                "energy_xtb_solv": -29.085537199095
            },
            "sp": {
                "energy": -420.62223274993
            },
            "gtot": -420.625705730632,
            "bmw": 0.0008855170666814952
        },
        "CONF3": {
            "xtb_gsolv": {
                "gsolv": -0.004385637005000831,
                "energy_xtb_gas": -29.084532408114,
                "energy_xtb_solv": -29.088918045119
            },
            "sp": {
                "energy": -420.625814226274
            },
            "gtot": -420.63019986327896,
            "bmw": 0.10336056222582365
        },
        "CONF7": {
            "xtb_gsolv": {
                "gsolv": -0.005211247928002649,
                "energy_xtb_gas": -29.081220057426,
                "energy_xtb_solv": -29.086431305354
            },
            "sp": {
                "energy": -420.620666636387
            },
            "gtot": -420.625877884315,
            "bmw": 0.001062630186109814
        },
        "CONF1": {
            "xtb_gsolv": {
                "gsolv": -0.004768519626001222,
                "energy_xtb_gas": -29.085165607049,
                "energy_xtb_solv": -29.089934126675
            },
            "sp": {
                "energy": -420.626211953501
            },
            "gtot": -420.630980473127,
            "bmw": 0.23627106502685147
        },
        "CONF5": {
            "xtb_gsolv": {
                "gsolv": -0.005185454850000326,
                "energy_xtb_gas": -29.081332934018,
                "energy_xtb_solv": -29.086518388868
            },
            "sp": {
                "energy": -420.620716047976
            },
            "gtot": -420.62590150282597,
            "bmw": 0.0010895468558843851
        },
        "CONF4": {
            "xtb_gsolv": {
                "gsolv": -0.00397191007700215,
                "energy_xtb_gas": -29.082944165702,
                "energy_xtb_solv": -29.086916075779
            },
            "sp": {
                "energy": -420.624162609956
            },
            "gtot": -420.628134520033,
            "bmw": 0.01159745588231365
        }
    },
    "settings": {
        "threshold": 4.0,
        "func": "pbe-d4",
        "basis": "def2-sv(p)",
        "prog": "orca",
        "gfnv": "gfn2",
        "run": true,
        "template": false
    },
    "nconf_in": 8,
    "nconf_out": 8
}