{
    "partname": "screening",
    "runtime": 87.54098859615624,
    "results": {
        "CONF7": {
            "gsolv": {
                "gsolv": -0.008988473416025045,
                "energy_gas": -421.447164909577,
                "energy_solv": -421.456153382993
            },
            "gtot": -421.456153382993,
            "bmw": 0.0007901507304966026
        },
        "CONF6": {
            "gsolv": {
                "gsolv": -0.00903850493500613,
                "energy_gas": -421.446699967726,
                "energy_solv": -421.455738472661
            },
            "gtot": -421.455738472661,
            "bmw": 0.0005091718715680869
        },
        "CONF5": {
            "gsolv": {
                "gsolv": -0.009044556639992152,
                "energy_gas": -421.446822107832,
                "energy_solv": -421.455866664472
            },
            "gtot": -421.455866664472,
            "bmw": 0.0005832148253332453
        },
        "CONF4": {
            "gsolv": {
                "gsolv": -0.006056835715014586,
                "energy_gas": -421.449292600287,
                "energy_solv": -421.455349436002
            },
            "gtot": -421.455349436002,
            "bmw": 0.00033722512727837455
        },
        "CONF2": {
            "gsolv": {
                "gsolv": -0.008739796080021733,
                "energy_gas": -421.45372666966,
                "energy_solv": -421.46246646574
            },
            "gtot": -421.46246646574,
            "bmw": 0.6331797322262974
        },
        "CONF1": {
            "gsolv": {
                "gsolv": -0.00878074903499737,
                "energy_gas": -421.452892999293,
                "energy_solv": -421.461673748328
            },
            "gtot": -421.461673748328,
            "bmw": 0.27346530529484675
        },
        "CONF8": {
            "gsolv": {
                "gsolv": -0.004933875896995232,
                "energy_gas": -421.446835795875,
                "energy_solv": -421.451769671772
            },
            "gtot": -421.451769671772,
            "bmw": 7.6092588657000536e-06
        },
        "CONF3": {
            "gsolv": {
                "gsolv": -0.008350252111029022,
                "energy_gas": -421.452285919298,
                "energy_solv": -421.460636171409
            },
            "gtot": -421.460636171409,
            "bmw": 0.09112759066531372
        }
    },
    "settings": {
        "threshold": 3.5,
        "func": "r2scan-3c",
        "basis": "def2-tzvp",
        "prog": "orca",
        "sm": "smd",
        "gfnv": "gfn2",
        "run": true,
        "implicit": false,
        "template": false
    },
    "nconf_in": 8,
    "nconf_out": 8
}