{
   "temperature":     298.150000000000,
   "unit": "hartree",
   "energy":     -32.574438242093,
   "free energy":     -32.400930862729,
   "G(T)":       0.173507379363,
   "ZPVE":       0.211368266508,
   "number of imags":0,
   "point group": "c1",
   "gradient norm":       0.000038887513
}
