{
    "partname": "prescreening",
    "runtime": 8.22574608772993,
    "results": {
        "CONF4": {
            "xtb_gsolv": {
                "gsolv": -0.0012547845320014517,
                "energy_xtb_gas": -17.706317192792,
                "energy_xtb_solv": -17.707571977324
            },
            "sp": {
                "energy": -617.30001524592
            },
            "gtot": -617.301270030452,
            "bmw": 0.2695776523913502
        },
        "CONF3": {
            "xtb_gsolv": {
                "gsolv": -0.0012625517429967203,
                "energy_xtb_gas": -17.7063715047,
                "energy_xtb_solv": -17.707634056443
            },
            "sp": {
                "energy": -617.298751318191
            },
            "gtot": -617.300013869934,
            "bmw": 0.07126725707794651
        },
        "CONF5": {
            "xtb_gsolv": {
                "gsolv": -0.0011839369260009391,
                "energy_xtb_gas": -17.704867089984,
                "energy_xtb_solv": -17.70605102691
            },
            "sp": {
                "energy": -617.29739853247
            },
            "gtot": -617.298582469396,
            "bmw": 0.015649172274476823
        },
        "CONF2": {
            "xtb_gsolv": {
                "gsolv": -0.001235034972001614,
                "energy_xtb_gas": -17.706943317693,
                "energy_xtb_solv": -17.708178352665
            },
            "sp": {
                "energy": -617.299809439919
            },
            "gtot": -617.301044474891,
            "bmw": 0.2122929199188372
        },
        "CONF1": {
            "xtb_gsolv": {
                "gsolv": -0.001272275907002296,
                "energy_xtb_gas": -17.707092089196,
                "energy_xtb_solv": -17.708364365103
            },
            "sp": {
                "energy": -617.300441280802
            },
            "gtot": -617.301713556709,
            "bmw": 0.4312129983373893
        }
    },
    "settings": {
        "threshold": 4.0,
        "func": "pbe-d4",
        "basis": "def2-sv(p)",
        "prog": "orca",
        "gfnv": "gfn2",
        "run": true,
        "template": false
    },
    "nconf_in": 5,
    "nconf_out": 5
}