{
    "partname": "screening",
    "runtime": 46.30631744954735,
    "results": {
        "CONF1": {
            "gsolv": {
                "gsolv": -0.001429365909984881,
                "energy_gas": -617.969580223341,
                "energy_solv": -617.971009589251
            },
            "gtot": -617.971009589251,
            "bmw": 0.30398629967463864
        },
        "CONF4": {
            "gsolv": {
                "gsolv": -0.0014432034259925786,
                "energy_gas": -617.968939877322,
                "energy_solv": -617.970383080748
            },
            "gtot": -617.970383080748,
            "bmw": 0.15655972403474722
        },
        "CONF5": {
            "gsolv": {
                "gsolv": -0.0014395211169357935,
                "energy_gas": -617.965692934285,
                "energy_solv": -617.967132455402
            },
            "gtot": -617.967132455402,
            "bmw": 0.0050060581021729575
        },
        "CONF3": {
            "gsolv": {
                "gsolv": -0.0018747381449202294,
                "energy_gas": -617.968373010368,
                "energy_solv": -617.970247748513
            },
            "gtot": -617.970247748513,
            "bmw": 0.13565366380895147
        },
        "CONF2": {
            "gsolv": {
                "gsolv": -0.0017686750759366987,
                "energy_gas": -617.969497225137,
                "energy_solv": -617.971265900213
            },
            "gtot": -617.971265900213,
            "bmw": 0.3987942543794898
        }
    },
    "settings": {
        "threshold": 3.5,
        "func": "r2scan-3c",
        "basis": "def2-tzvp",
        "prog": "orca",
        "sm": "smd",
        "gfnv": "gfn2",
        "run": true,
        "implicit": false,
        "template": false
    },
    "nconf_in": 5,
    "nconf_out": 5
}