{
   "temperature":     298.150000000000,
   "unit": "hartree",
   "energy":     -19.867689517543,
   "free energy":     -19.761494953607,
   "G(T)":       0.106194563936,
   "ZPVE":       0.139089761702,
   "number of imags":0,
   "point group": "c1",
   "gradient norm":       0.000018041505
}
