{
   "temperature":     298.150000000000,
   "unit": "hartree",
   "energy":     -18.617908957628,
   "free energy":     -18.539715830945,
   "G(T)":       0.078193126683,
   "ZPVE":       0.108452738681,
   "number of imags":0,
   "point group": "c1",
   "gradient norm":       0.000036717340
}
