{
   "temperature":     298.150000000000,
   "unit": "hartree",
   "energy":     -26.282363528958,
   "free energy":     -26.158954089999,
   "G(T)":       0.123409438959,
   "ZPVE":       0.156843812651,
   "number of imags":0,
   "point group": "c1",
   "gradient norm":       0.000111978916
}
