{
   "temperature":     298.150000000000,
   "unit": "hartree",
   "energy":     -23.161172426042,
   "free energy":     -22.979866373431,
   "G(T)":       0.181306052612,
   "ZPVE":       0.214689100361,
   "number of imags":0,
   "point group": "c2",
   "gradient norm":       0.000062458619
}
