{
   "temperature":     298.150000000000,
   "unit": "hartree",
   "energy":     -23.156241654474,
   "free energy":     -22.975006754665,
   "G(T)":       0.181234899809,
   "ZPVE":       0.215092960658,
   "number of imags":0,
   "point group": "c1",
   "gradient norm":       0.000058674409
}
