{
   "temperature":     298.150000000000,
   "unit": "hartree",
   "energy":     -23.954704836723,
   "free energy":     -23.848098794381,
   "G(T)":       0.106606042342,
   "ZPVE":       0.142998645544,
   "number of imags":0,
   "point group": "c1",
   "gradient norm":       0.000046430709
}
