{
   "temperature":     298.150000000000,
   "unit": "hartree",
   "energy":     -41.506635218839,
   "free energy":     -41.425739494677,
   "G(T)":       0.080895724162,
   "ZPVE":       0.121826323066,
   "number of imags":0,
   "point group": "c1",
   "gradient norm":       0.000045339161
}
