{
   "temperature":     298.150000000000,
   "unit": "hartree",
   "energy":     -23.154076468392,
   "free energy":     -22.972095684709,
   "G(T)":       0.181980783683,
   "ZPVE":       0.215341674614,
   "number of imags":0,
   "point group": "c1",
   "gradient norm":       0.000038815433
}
