{
   "temperature":     298.150000000000,
   "unit": "hartree",
   "energy":     -19.992442475458,
   "free energy":     -19.837475945096,
   "G(T)":       0.154966530362,
   "ZPVE":       0.187002838498,
   "number of imags":0,
   "point group": "c1",
   "gradient norm":       0.000028732257
}
