{
   "temperature":     298.150000000000,
   "unit": "hartree",
   "energy":     -20.895419122924,
   "free energy":     -20.765250458901,
   "G(T)":       0.130168664023,
   "ZPVE":       0.162160621359,
   "number of imags":0,
   "point group": "c1",
   "gradient norm":       0.000024589183
}
