{
   "temperature":     298.150000000000,
   "unit": "hartree",
   "energy":     -32.360072071193,
   "free energy":     -32.222185611401,
   "G(T)":       0.137886459793,
   "ZPVE":       0.175213187133,
   "number of imags":0,
   "point group": "c1",
   "gradient norm":       0.000037700972
}
