{
   "temperature":     298.150000000000,
   "unit": "hartree",
   "energy":     -19.995427182382,
   "free energy":     -19.841191350950,
   "G(T)":       0.154235831432,
   "ZPVE":       0.186723827459,
   "number of imags":0,
   "point group": "c1",
   "gradient norm":       0.000038534163
}
