{
   "temperature":     298.150000000000,
   "unit": "hartree",
   "energy":     -23.957308507084,
   "free energy":     -23.849811410454,
   "G(T)":       0.107497096629,
   "ZPVE":       0.143218763994,
   "number of imags":0,
   "point group": "c1",
   "gradient norm":       0.000050740971
}
