{
   "temperature":     298.150000000000,
   "unit": "hartree",
   "energy":     -26.194960910457,
   "free energy":     -26.035310526492,
   "G(T)":       0.159650383965,
   "ZPVE":       0.195122356347,
   "number of imags":0,
   "point group": "c1",
   "gradient norm":       0.000024156704
}
