{
   "temperature":     298.150000000000,
   "unit": "hartree",
   "energy":     -24.061091927853,
   "free energy":     -23.905085941678,
   "G(T)":       0.156005986175,
   "ZPVE":       0.190023009590,
   "number of imags":0,
   "point group": "c1",
   "gradient norm":       0.000046054217
}
