{
    "partname": "prescreening",
    "runtime": 33.81964413821697,
    "results": {
        "CONF8": {
            "xtb_gsolv": {
                "gsolv": 0.0013608300859999645,
                "energy_xtb_gas": -25.308947697612,
                "energy_xtb_solv": -25.307586867526
            },
            "sp": {
                "energy": -313.693755492286
            },
            "gtot": -313.6923946622,
            "bmw": 0.09624677544824284
        },
        "CONF10": {
            "xtb_gsolv": {
                "gsolv": 0.001346668283002117,
                "energy_xtb_gas": -25.308706927247,
                "energy_xtb_solv": -25.307360258964
            },
            "sp": {
                "energy": -313.692202877696
            },
            "gtot": -313.69085620941297,
            "bmw": 0.018868913329430352
        },
        "CONF18": {
            "xtb_gsolv": {
                "gsolv": 0.0013630709070007185,
                "energy_xtb_gas": -25.30717396639,
                "energy_xtb_solv": -25.305810895483
            },
            "sp": {
                "energy": -313.691398702956
            },
            "gtot": -313.690035632049,
            "bmw": 0.00791238532670711
        },
        "CONF2": {
            "xtb_gsolv": {
                "gsolv": 0.0013384998730003872,
                "energy_xtb_gas": -25.310043659509,
                "energy_xtb_solv": -25.308705159636
            },
            "sp": {
                "energy": -313.693795793018
            },
            "gtot": -313.692457293145,
            "bmw": 0.1028476632731051
        },
        "CONF7": {
            "xtb_gsolv": {
                "gsolv": 0.0013597617919991478,
                "energy_xtb_gas": -25.308957567585,
                "energy_xtb_solv": -25.307597805793
            },
            "sp": {
                "energy": -313.6933944308
            },
            "gtot": -313.692034669008,
            "bmw": 0.0657356227994812
        },
        "CONF6": {
            "xtb_gsolv": {
                "gsolv": 0.0013663122479989909,
                "energy_xtb_gas": -25.309134860057,
                "energy_xtb_solv": -25.307768547809
            },
            "sp": {
                "energy": -313.693103590848
            },
            "gtot": -313.6917372786,
            "bmw": 0.04797452273766027
        },
        "CONF16": {
            "xtb_gsolv": {
                "gsolv": 0.001348025477000192,
                "energy_xtb_gas": -25.307479433557,
                "energy_xtb_solv": -25.30613140808
            },
            "sp": {
                "energy": -313.692429233848
            },
            "gtot": -313.691081208371,
            "bmw": 0.02394634562344869
        },
        "CONF21": {
            "xtb_gsolv": {
                "gsolv": 0.001381103150997376,
                "energy_xtb_gas": -25.307155318154,
                "energy_xtb_solv": -25.305774215003
            },
            "sp": {
                "energy": -313.690612426039
            },
            "gtot": -313.689231322888,
            "bmw": 0.0033755987979340843
        },
        "CONF12": {
            "xtb_gsolv": {
                "gsolv": 0.0013790999049980712,
                "energy_xtb_gas": -25.308124766198,
                "energy_xtb_solv": -25.306745666293
            },
            "sp": {
                "energy": -313.692092182976
            },
            "gtot": -313.690713083071,
            "bmw": 0.016214864707354764
        },
        "CONF15": {
            "xtb_gsolv": {
                "gsolv": 0.0013646436140000162,
                "energy_xtb_gas": -25.307761404839,
                "energy_xtb_solv": -25.306396761225
            },
            "sp": {
                "energy": -313.691663326171
            },
            "gtot": -313.690298682557,
            "bmw": 0.010454476415200113
        },
        "CONF22": {
            "xtb_gsolv": {
                "gsolv": 0.0013610924300024863,
                "energy_xtb_gas": -25.307006909396,
                "energy_xtb_solv": -25.305645816966
            },
            "sp": {
                "energy": -313.691547199409
            },
            "gtot": -313.690186106979,
            "bmw": 0.009279425848190217
        },
        "CONF17": {
            "xtb_gsolv": {
                "gsolv": 0.0013672738860002198,
                "energy_xtb_gas": -25.307225025334,
                "energy_xtb_solv": -25.305857751448
            },
            "sp": {
                "energy": -313.691146266672
            },
            "gtot": -313.689778992786,
            "bmw": 0.00602922566470672
        },
        "CONF9": {
            "xtb_gsolv": {
                "gsolv": 0.0013512239549982041,
                "energy_xtb_gas": -25.308802157036,
                "energy_xtb_solv": -25.307450933081
            },
            "sp": {
                "energy": -313.692446974873
            },
            "gtot": -313.691095750918,
            "bmw": 0.024318028051802092
        },
        "CONF4": {
            "xtb_gsolv": {
                "gsolv": 0.0013308929529998181,
                "energy_xtb_gas": -25.309913055138,
                "energy_xtb_solv": -25.308582162185
            },
            "sp": {
                "energy": -313.694144726283
            },
            "gtot": -313.69281383333004,
            "bmw": 0.15003464738848393
        },
        "CONF13": {
            "xtb_gsolv": {
                "gsolv": 0.0013775124599995081,
                "energy_xtb_gas": -25.307902651747,
                "energy_xtb_solv": -25.306525139287
            },
            "sp": {
                "energy": -313.691741089712
            },
            "gtot": -313.690363577252,
            "bmw": 0.011198291819404332
        },
        "CONF3": {
            "xtb_gsolv": {
                "gsolv": 0.0013341782679994196,
                "energy_xtb_gas": -25.309986029571,
                "energy_xtb_solv": -25.308651851303
            },
            "sp": {
                "energy": -313.694058872165
            },
            "gtot": -313.692724693897,
            "bmw": 0.13651810803333567
        },
        "CONF19": {
            "xtb_gsolv": {
                "gsolv": 0.0013756450129989162,
                "energy_xtb_gas": -25.307207518743,
                "energy_xtb_solv": -25.30583187373
            },
            "sp": {
                "energy": -313.690980286526
            },
            "gtot": -313.689604641513,
            "bmw": 0.005012628335862311
        },
        "CONF1": {
            "xtb_gsolv": {
                "gsolv": 0.001333966427001343,
                "energy_xtb_gas": -25.310087186673,
                "energy_xtb_solv": -25.308753220246
            },
            "sp": {
                "energy": -313.694147893164
            },
            "gtot": -313.69281392673696,
            "bmw": 0.15004949086322902
        },
        "CONF20": {
            "xtb_gsolv": {
                "gsolv": 0.0013616908629998647,
                "energy_xtb_gas": -25.307160122181,
                "energy_xtb_solv": -25.305798431318
            },
            "sp": {
                "energy": -313.691438455391
            },
            "gtot": -313.690076764528,
            "bmw": 0.00826469934994032
        },
        "CONF5": {
            "xtb_gsolv": {
                "gsolv": 0.0013601484060004054,
                "energy_xtb_gas": -25.309150647455,
                "energy_xtb_solv": -25.307790499049
            },
            "sp": {
                "energy": -313.693439561196
            },
            "gtot": -313.69207941279,
            "bmw": 0.06892574945170078
        },
        "CONF25": {
            "xtb_gsolv": {
                "gsolv": 0.0013791521290009712,
                "energy_xtb_gas": -25.306021665585,
                "energy_xtb_solv": -25.304642513456
            },