{
    "partname": "screening",
    "runtime": 164.21098484750837,
    "results": {
        "CONF1": {
            "gsolv": {
                "gsolv": 0.002776270267986547,
                "energy_gas": -314.383041129927,
                "energy_solv": -314.380264859659
            },
            "gtot": -314.380264859659,
            "bmw": 0.14592347452214033
        },
        "CONF11": {
            "gsolv": {
                "gsolv": 0.002624902099000792,
                "energy_gas": -314.380956902756,
                "energy_solv": -314.378332000657
            },
            "gtot": -314.378332000657,
            "bmw": 0.018839594983919496
        },
        "CONF13": {
            "gsolv": {
                "gsolv": 0.0026307548070008124,
                "energy_gas": -314.380366173346,
                "energy_solv": -314.377735418539
            },
            "gtot": -314.377735418539,
            "bmw": 0.01001527278343567
        },
        "CONF9": {
            "gsolv": {
                "gsolv": 0.0026409885759903773,
                "energy_gas": -314.381537028155,
                "energy_solv": -314.378896039579
            },
            "gtot": -314.378896039579,
            "bmw": 0.034238245961276004
        },
        "CONF5": {
            "gsolv": {
                "gsolv": 0.002725564138017944,
                "energy_gas": -314.382261242722,
                "energy_solv": -314.379535678584
            },
            "gtot": -314.379535678584,
            "bmw": 0.0674101174899602
        },
        "CONF10": {
            "gsolv": {
                "gsolv": 0.0026438276699991548,
                "energy_gas": -314.381236856387,
                "energy_solv": -314.378593028717
            },
            "gtot": -314.378593028717,
            "bmw": 0.024839117315092883
        },
        "CONF18": {
            "gsolv": {
                "gsolv": 0.0026112541929705912,
                "energy_gas": -314.379739264042,
                "energy_solv": -314.377128009849
            },
            "gtot": -314.377128009849,
            "bmw": 0.00526349390894118
        },
        "CONF2": {
            "gsolv": {
                "gsolv": 0.0027723297629904664,
                "energy_gas": -314.382911453097,
                "energy_solv": -314.380139123334
            },
            "gtot": -314.380139123334,
            "bmw": 0.1277292775523587
        },
        "CONF14": {
            "gsolv": {
                "gsolv": 0.0025968494819608168,
                "energy_gas": -314.380401642679,
                "energy_solv": -314.377804793197
            },
            "gtot": -314.377804793197,
            "bmw": 0.010778862115442791
        },
        "CONF7": {
            "gsolv": {
                "gsolv": 0.0027135485709663953,
                "energy_gas": -314.382261449497,
                "energy_solv": -314.379547900926
            },
            "gtot": -314.379547900926,
            "bmw": 0.0682884054973357
        },
        "CONF20": {
            "gsolv": {
                "gsolv": 0.0027364447349782495,
                "energy_gas": -314.379781666049,
                "energy_solv": -314.377045221314
            },
            "gtot": -314.377045221314,
            "bmw": 0.004821631708630954
        },
        "CONF15": {
            "gsolv": {
                "gsolv": 0.0025966123300236177,
                "energy_gas": -314.380656279113,
                "energy_solv": -314.378059666783
            },
            "gtot": -314.378059666783,
            "bmw": 0.014119088190848353
        },
        "CONF16": {
            "gsolv": {
                "gsolv": 0.002685012586027824,
                "energy_gas": -314.380756305497,
                "energy_solv": -314.378071292911
            },
            "gtot": -314.378071292911,
            "bmw": 0.014294017176868214
        },
        "CONF8": {
            "gsolv": {
                "gsolv": 0.0027152656360271976,
                "energy_gas": -314.382491125261,
                "energy_solv": -314.379775859625
            },
            "gtot": -314.379775859625,
            "bmw": 0.08693621252404155
        },
        "CONF17": {
            "gsolv": {
                "gsolv": 0.00272616898104161,
                "energy_gas": -314.379498523359,
                "energy_solv": -314.376772354378
            },
            "gtot": -314.376772354378,
            "bmw": 0.0036114693371597914
        },
        "CONF4": {
            "gsolv": {
                "gsolv": 0.0027710461200172176,
                "energy_gas": -314.382958903631,
                "energy_solv": -314.380187857511
            },
            "gtot": -314.380187857511,
            "bmw": 0.13449515058634146
        },
        "CONF22": {
            "gsolv": {
                "gsolv": 0.0025838886750193524,
                "energy_gas": -314.379386697446,
                "energy_solv": -314.376802808771
            },
            "gtot": -314.376802808771,
            "bmw": 0.0037298552945746175
        },
        "CONF6": {
            "gsolv": {
                "gsolv": 0.002721399479014508,
                "energy_gas": -314.382177799492,
                "energy_solv": -314.379456400013
            },
            "gtot": -314.379456400013,
            "bmw": 0.061981126554168244
        },
        "CONF3": {
            "gsolv": {
                "gsolv": 0.0027763306690076206,
                "energy_gas": -314.382923938734,
                "energy_solv": -314.380147608065
            },
            "gtot": -314.380147608065,
            "bmw": 0.1288822656032307
        },
        "CONF12": {
            "gsolv": {
                "gsolv": 0.002604233327986094,
                "energy_gas": -314.380970479427,
                "energy_solv": -314.378366246099
            },
            "gtot": -314.378366246099,
            "bmw": 0.019535447991020503
        },
        "CONF21": {
            "gsolv": {
                "gsolv": 0.0025917575709968332,
                "energy_gas": -314.378997424786,
                "energy_solv": -314.376405667215
            },
            "gtot": -314.376405667215,
            "bmw": 0.002449173275967963
        },
        "CONF19": {
            "gsolv": {
                "gsolv": 0.002642705269011003,
                "energy_gas": -314.37923536716,
                "energy_solv": -314.376592661891
            },
            "gtot": -314.376592661891,
            "bmw": 0.002985596473957216
        },
        "CONF25": {
            "gsolv": {
                "gsolv": 0.0026243471409657104,
                "energy_gas": -314.378627086652,
                "energy_solv": -314.376002739511
            },
            "gtot": -314.376002739511,
            "bmw": 0.0015984004647061896
        },
        "CONF24": {
            "gsolv": {
                "gsolv": 0.00261433896298513,
                "energy_gas": -314.37841872728,
                "energy_solv": -314.375804388317
            },
            "gtot": -314.375804388317,
            "bmw": 0.0012955386183731783
        },
        "CONF28": {
            "gsolv": {
                "gsolv": 0.002648738326968214,
                "energy_gas": -314.377961646837,
                "energy_solv": -314.37531290851
            },
            "gtot": -314.37531290851,
            "bmw": 0.0007698131057023063
        },
        "CONF26": {
            "gsolv": {
                "gsolv": 0.0026598363870107278,
                "energy_gas": -314.377913769014,
                "energy_solv": -314.375253932627
            },
            "gtot": -314.375253932627,
            "bmw": 0.0007231997578492736
        },
        "CONF29": {
            "gsolv": {
                "gsolv": 0.002542187458004719,
                "energy_gas": -314.377905951019,
                "energy_solv": -314.375363763561
            },
            "gtot": -314.375363763561,
            "bmw": 0.0008124132628035966
        },