{
   "temperature":     298.150000000000,
   "unit": "hartree",
   "energy":     -20.892647924877,
   "free energy":     -20.762861667301,
   "G(T)":       0.129786257576,
   "ZPVE":       0.161944253925,
   "number of imags":0,
   "point group": "c1",
   "gradient norm":       0.000046168772
}
