{
   "temperature":     298.150000000000,
   "unit": "hartree",
   "energy":     -20.894822659231,
   "free energy":     -20.765465387964,
   "G(T)":       0.129357271267,
   "ZPVE":       0.161759972937,
   "number of imags":0,
   "point group": "c1",
   "gradient norm":       0.000055020010
}
