{
   "temperature":     298.150000000000,
   "unit": "hartree",
   "energy":     -23.954534972040,
   "free energy":     -23.847190702602,
   "G(T)":       0.107344269438,
   "ZPVE":       0.143106427817,
   "number of imags":0,
   "point group": "c1",
   "gradient norm":       0.000042066803
}
