{
   "temperature":     298.150000000000,
   "unit": "hartree",
   "energy":     -20.894569787395,
   "free energy":     -20.764154082647,
   "G(T)":       0.130415704748,
   "ZPVE":       0.162138416750,
   "number of imags":0,
   "point group": "c1",
   "gradient norm":       0.000030726624
}
