{
   "temperature":     298.150000000000,
   "unit": "hartree",
   "energy":     -19.992117467444,
   "free energy":     -19.837045019636,
   "G(T)":       0.155072447808,
   "ZPVE":       0.187074688580,
   "number of imags":0,
   "point group": "c1",
   "gradient norm":       0.000023559015
}
