{
    "partname": "prescreening",
    "runtime": 20.02537574339658,
    "results": {
        "CONF2": {
            "xtb_gsolv": {
                "gsolv": -0.00040513126900521,
                "energy_xtb_gas": -36.042043382671,
                "energy_xtb_solv": -36.04244851394
            },
            "sp": {
                "energy": -539.510018103544
            },
            "gtot": -539.510423234813,
            "bmw": 0.02555284200040911
        },
        "CONF1": {
            "xtb_gsolv": {
                "gsolv": -0.0003904519670001605,
                "energy_xtb_gas": -36.045455869321,
                "energy_xtb_solv": -36.045846321288
            },
            "sp": {
                "energy": -539.513470670985
            },
            "gtot": -539.513861122952,
            "bmw": 0.974447157999591
        }
    },
    "settings": {
        "threshold": 4.0,
        "func": "pbe-d4",
        "basis": "def2-sv(p)",
        "prog": "orca",
        "gfnv": "gfn2",
        "run": true,
        "template": false
    },
    "nconf_in": 2,
    "nconf_out": 2
}