{
    "partname": "screening",
    "runtime": 106.7119486304,
    "results": {
        "CONF2": {
            "gsolv": {
                "gsolv": -0.002977948038960676,
                "energy_gas": -540.545252151599,
                "energy_solv": -540.548230099638
            },
            "gtot": -540.548230099638,
            "bmw": 0.013439020198340578
        },
        "CONF1": {
            "gsolv": {
                "gsolv": -0.002859980657945016,
                "energy_gas": -540.549426391756,
                "energy_solv": -540.552286372414
            },
            "gtot": -540.552286372414,
            "bmw": 0.9865609798016595
        }
    },
    "settings": {
        "threshold": 3.5,
        "func": "r2scan-3c",
        "basis": "def2-tzvp",
        "prog": "orca",
        "sm": "smd",
        "gfnv": "gfn2",
        "run": true,
        "implicit": false,
        "template": false
    },
    "nconf_in": 2,
    "nconf_out": 2
}