{
   "temperature":     298.150000000000,
   "unit": "hartree",
   "energy":     -26.196772714800,
   "free energy":     -26.037505570302,
   "G(T)":       0.159267144498,
   "ZPVE":       0.194710647201,
   "number of imags":0,
   "point group": "c2",
   "gradient norm":       0.000023969413
}
