{
   "temperature":     298.150000000000,
   "unit": "hartree",
   "energy":     -18.941296971559,
   "free energy":     -18.810363034176,
   "G(T)":       0.130933937383,
   "ZPVE":       0.162794302539,
   "number of imags":0,
   "point group": "c1",
   "gradient norm":       0.000041816464
}
