{
   "temperature":     298.150000000000,
   "unit": "hartree",
   "energy":     -24.060808670963,
   "free energy":     -23.905091595635,
   "G(T)":       0.155717075328,
   "ZPVE":       0.189516502544,
   "number of imags":0,
   "point group": "c1",
   "gradient norm":       0.000048774795
}
