{
   "temperature":     298.150000000000,
   "unit": "hartree",
   "energy":     -23.957307734937,
   "free energy":     -23.850050366430,
   "G(T)":       0.107257368507,
   "ZPVE":       0.143210060087,
   "number of imags":0,
   "point group": "c1",
   "gradient norm":       0.000047398366
}
