{
   "temperature":     298.150000000000,
   "unit": "hartree",
   "energy":     -23.958037010929,
   "free energy":     -23.849932848967,
   "G(T)":       0.108104161962,
   "ZPVE":       0.143235379768,
   "number of imags":0,
   "point group": "c1",
   "gradient norm":       0.000022426848
}
