{
   "temperature":     298.150000000000,
   "unit": "hartree",
   "energy":     -32.358441227125,
   "free energy":     -32.222022313174,
   "G(T)":       0.136418913952,
   "ZPVE":       0.175257726020,
   "number of imags":0,
   "point group": "c1",
   "gradient norm":       0.000067829813
}
