{
   "temperature":     298.150000000000,
   "unit": "hartree",
   "energy":     -23.957394982118,
   "free energy":     -23.851118090705,
   "G(T)":       0.106276891413,
   "ZPVE":       0.142739234594,
   "number of imags":0,
   "point group": "c1",
   "gradient norm":       0.000063071723
}
