{
   "temperature":     298.150000000000,
   "unit": "hartree",
   "energy":     -34.258445281198,
   "free energy":     -34.143833078994,
   "G(T)":       0.114612202204,
   "ZPVE":       0.154480980144,
   "number of imags":0,
   "point group": "c1",
   "gradient norm":       0.000056269119
}
