{
   "temperature":     298.150000000000,
   "unit": "hartree",
   "energy":     -29.091740085341,
   "free energy":     -28.942771608999,
   "G(T)":       0.148968476342,
   "ZPVE":       0.185122328302,
   "number of imags":0,
   "point group": "c1",
   "gradient norm":       0.000047835455
}
