{
   "temperature":     298.150000000000,
   "unit": "hartree",
   "energy":     -23.957626561936,
   "free energy":     -23.849039541063,
   "G(T)":       0.108587020873,
   "ZPVE":       0.143364182462,
   "number of imags":0,
   "point group": "c1",
   "gradient norm":       0.000037069889
}
