{
   "temperature":     298.150000000000,
   "unit": "hartree",
   "energy":     -23.161170637080,
   "free energy":     -22.979844441975,
   "G(T)":       0.181326195106,
   "ZPVE":       0.214692015690,
   "number of imags":0,
   "point group": "c2",
   "gradient norm":       0.000069013711
}
