{
   "temperature":     298.150000000000,
   "unit": "hartree",
   "energy":     -20.895244867454,
   "free energy":     -20.764884706854,
   "G(T)":       0.130360160600,
   "ZPVE":       0.162254988108,
   "number of imags":0,
   "point group": "c1",
   "gradient norm":       0.000018438902
}
