{
   "temperature":     298.150000000000,
   "unit": "hartree",
   "energy":     -23.034130375896,
   "free energy":     -22.901479502916,
   "G(T)":       0.132650872979,
   "ZPVE":       0.166696576204,
   "number of imags":0,
   "point group": "c1",
   "gradient norm":       0.000064791903
}
