{
   "temperature":     298.150000000000,
   "unit": "hartree",
   "energy":     -32.358884650605,
   "free energy":     -32.221486347034,
   "G(T)":       0.137398303571,
   "ZPVE":       0.175218300263,
   "number of imags":0,
   "point group": "c1",
   "gradient norm":       0.000034361433
}
