{
   "temperature":     298.150000000000,
   "unit": "hartree",
   "energy":     -24.056333568703,
   "free energy":     -23.899826754852,
   "G(T)":       0.156506813851,
   "ZPVE":       0.190174418503,
   "number of imags":0,
   "point group": "c1",
   "gradient norm":       0.000026020624
}
