{
   "temperature":     298.150000000000,
   "unit": "hartree",
   "energy":     -17.088454062846,
   "free energy":     -16.971944170081,
   "G(T)":       0.116509892765,
   "ZPVE":       0.146808986044,
   "number of imags":0,
   "point group": "c1",
   "gradient norm":       0.000024493118
}
