{
    "partname": "prescreening",
    "runtime": 9.06381425820291,
    "results": {
        "CONF6": {
            "xtb_gsolv": {
                "gsolv": -0.003769094988001598,
                "energy_xtb_gas": -19.861280377883,
                "energy_xtb_solv": -19.865049472871
            },
            "sp": {
                "energy": -271.141444573454
            },
            "gtot": -271.145213668442,
            "bmw": 0.030988967059295807
        },
        "CONF7": {
            "xtb_gsolv": {
                "gsolv": -0.003668794437000855,
                "energy_xtb_gas": -19.861354416704,
                "energy_xtb_solv": -19.865023211141
            },
            "sp": {
                "energy": -271.141633925994
            },
            "gtot": -271.14530272043095,
            "bmw": 0.03405400377965776
        },
        "CONF1": {
            "xtb_gsolv": {
                "gsolv": -0.003873206552000852,
                "energy_xtb_gas": -19.862132858401,
                "energy_xtb_solv": -19.866006064953
            },
            "sp": {
                "energy": -271.143688228136
            },
            "gtot": -271.147561434688,
            "bmw": 0.37248159819234555
        },
        "CONF8": {
            "xtb_gsolv": {
                "gsolv": -0.0036042453779998596,
                "energy_xtb_gas": -19.860248933955,
                "energy_xtb_solv": -19.863853179333
            },
            "sp": {
                "energy": -271.140985560844
            },
            "gtot": -271.14458980622203,
            "bmw": 0.01600480335675769
        },
        "CONF4": {
            "xtb_gsolv": {
                "gsolv": -0.003696445534000503,
                "energy_xtb_gas": -19.861559628435,
                "energy_xtb_solv": -19.865256073969
            },
            "sp": {
                "energy": -271.141721644365
            },
            "gtot": -271.145418089899,
            "bmw": 0.038479946709077215
        },
        "CONF3": {
            "xtb_gsolv": {
                "gsolv": -0.0036989891070007275,
                "energy_xtb_gas": -19.861608697594,
                "energy_xtb_solv": -19.865307686701
            },
            "sp": {
                "energy": -271.141919401259
            },
            "gtot": -271.145618390366,
            "bmw": 0.04757363095537162
        },
        "CONF2": {
            "xtb_gsolv": {
                "gsolv": -0.003822753770997167,
                "energy_xtb_gas": -19.861966113886,
                "energy_xtb_solv": -19.865788867657
            },
            "sp": {
                "energy": -271.143870854416
            },
            "gtot": -271.14769360818696,
            "bmw": 0.4284502723681333
        },
        "CONF5": {
            "xtb_gsolv": {
                "gsolv": -0.0036864785790022836,
                "energy_xtb_gas": -19.861426290443,
                "energy_xtb_solv": -19.865112769022
            },
            "sp": {
                "energy": -271.141556521804
            },
            "gtot": -271.145243000383,
            "bmw": 0.031966777579361165
        }
    },
    "settings": {
        "threshold": 4.0,
        "func": "pbe-d4",
        "basis": "def2-sv(p)",
        "prog": "orca",
        "gfnv": "gfn2",
        "run": true,
        "template": false
    },
    "nconf_in": 8,
    "nconf_out": 8
}