{
    "partname": "screening",
    "runtime": 50.32105200365186,
    "results": {
        "CONF3": {
            "gsolv": {
                "gsolv": -0.0070201054770109295,
                "energy_gas": -271.703072489274,
                "energy_solv": -271.710092594751
            },
            "gtot": -271.710092594751,
            "bmw": 0.08062298773630298
        },
        "CONF1": {
            "gsolv": {
                "gsolv": -0.00685202476000768,
                "energy_gas": -271.704674909703,
                "energy_solv": -271.711526934463
            },
            "gtot": -271.711526934463,
            "bmw": 0.3683065879926788
        },
        "CONF6": {
            "gsolv": {
                "gsolv": -0.007262547046991585,
                "energy_gas": -271.702726918495,
                "energy_solv": -271.709989465542
            },
            "gtot": -271.709989465542,
            "bmw": 0.07228076421740165
        },
        "CONF2": {
            "gsolv": {
                "gsolv": -0.006265568396997878,
                "energy_gas": -271.704797302686,
                "energy_solv": -271.711062871083
            },
            "gtot": -271.711062871083,
            "bmw": 0.22529684393519459
        },
        "CONF8": {
            "gsolv": {
                "gsolv": -0.0055752749009911895,
                "energy_gas": -271.701079959648,
                "energy_solv": -271.706655234549
            },
            "gtot": -271.706655234549,
            "bmw": 0.0021153519674941825
        },
        "CONF4": {
            "gsolv": {
                "gsolv": -0.007285467826989134,
                "energy_gas": -271.703164203804,
                "energy_solv": -271.710449671631
            },
            "gtot": -271.710449671631,
            "bmw": 0.11768006075626879
        },
        "CONF5": {
            "gsolv": {
                "gsolv": -0.0069773222770095344,
                "energy_gas": -271.70281739863,
                "energy_solv": -271.709794720907
            },
            "gtot": -271.709794720907,
            "bmw": 0.05880935335837447
        },
        "CONF7": {
            "gsolv": {
                "gsolv": -0.0071627312469786375,
                "energy_gas": -271.702860192669,
                "energy_solv": -271.710022923916
            },
            "gtot": -271.710022923916,
            "bmw": 0.07488805003628464
        }
    },
    "settings": {
        "threshold": 3.5,
        "func": "r2scan-3c",
        "basis": "def2-tzvp",
        "prog": "orca",
        "sm": "smd",
        "gfnv": "gfn2",
        "run": true,
        "implicit": false,
        "template": false
    },
    "nconf_in": 8,
    "nconf_out": 8
}