{
    "partname": "refinement",
    "runtime": 258.9556251699105,
    "results": {
        "CONF1": {
            "gsolv": {
                "gsolv": -0.007636561558001631,
                "energy_gas": -271.79375422659,
                "energy_solv": -271.801390788148
            },
            "gtot": -271.801390788148,
            "bmw": 0.3941656779817693
        },
        "CONF3": {
            "gsolv": {
                "gsolv": -0.007670982913964508,
                "energy_gas": -271.792216574613,
                "energy_solv": -271.799887557527
            },
            "gtot": -271.799887557527,
            "bmw": 0.08021222837177389
        },
        "CONF8": {
            "gsolv": {
                "gsolv": -0.007000551498038021,
                "energy_gas": -271.793561943689,
                "energy_solv": -271.800562495187
            },
            "gtot": -271.800562495187,
            "bmw": 0.1639420704808877
        },
        "CONF2": {
            "gsolv": {
                "gsolv": -0.007160656872997606,
                "energy_gas": -271.793931143161,
                "energy_solv": -271.801091800034
            },
            "gtot": -271.801091800034,
            "bmw": 0.28717973637743516
        },
        "CONF5": {
            "gsolv": {
                "gsolv": -0.007911768962003407,
                "energy_gas": -271.791906038874,
                "energy_solv": -271.799817807836
            },
            "gtot": -271.799817807836,
            "bmw": 0.07450028678813386
        }
    },
    "settings": {
        "threshold": 0.95,
        "func": "wb97x-v",
        "basis": "def2-tzvp",
        "prog": "orca",
        "sm": "smd",
        "gfnv": "gfn2",
        "run": true,
        "implicit": false,
        "template": false
    },
    "nconf_in": 5,
    "nconf_out": 5
}