{
   "temperature":     298.150000000000,
   "unit": "hartree",
   "energy":     -22.694338618536,
   "free energy":     -22.613216009383,
   "G(T)":       0.081122609153,
   "ZPVE":       0.112594646496,
   "number of imags":0,
   "point group": "c1",
   "gradient norm":       0.000098042019
}
