{
   "temperature":     298.150000000000,
   "unit": "hartree",
   "energy":     -26.318144180244,
   "free energy":     -26.111051761728,
   "G(T)":       0.207092418515,
   "ZPVE":       0.243109492095,
   "number of imags":0,
   "point group": "c1",
   "gradient norm":       0.000038256727
}
