{
   "temperature":     298.150000000000,
   "unit": "hartree",
   "energy":     -26.897026099195,
   "free energy":     -26.840175766350,
   "G(T)":       0.056850332845,
   "ZPVE":       0.090123946715,
   "number of imags":0,
   "point group": "c2",
   "gradient norm":       0.000074684213
}
