{
   "temperature":     298.150000000000,
   "unit": "hartree",
   "energy":     -27.125552526905,
   "free energy":     -26.992551058887,
   "G(T)":       0.133001468018,
   "ZPVE":       0.170612503780,
   "number of imags":0,
   "point group": "c1",
   "gradient norm":       0.000023546638
}
