{
   "temperature":     298.150000000000,
   "unit": "hartree",
   "energy":     -22.693818555039,
   "free energy":     -22.613252080422,
   "G(T)":       0.080566474617,
   "ZPVE":       0.112560025122,
   "number of imags":0,
   "point group": "c1",
   "gradient norm":       0.000044495446
}
