{
   "temperature":     298.150000000000,
   "unit": "hartree",
   "energy":     -22.692729887275,
   "free energy":     -22.612968689305,
   "G(T)":       0.079761197970,
   "ZPVE":       0.112106910978,
   "number of imags":0,
   "point group": "c1",
   "gradient norm":       0.000039332952
}
