{
   "temperature":     298.150000000000,
   "unit": "hartree",
   "energy":     -19.993082027313,
   "free energy":     -19.838043620445,
   "G(T)":       0.155038406869,
   "ZPVE":       0.187085271918,
   "number of imags":0,
   "point group": "c1",
   "gradient norm":       0.000096287334
}
