{
   "temperature":     298.150000000000,
   "unit": "hartree",
   "energy":     -24.061750941385,
   "free energy":     -23.906196332783,
   "G(T)":       0.155554608601,
   "ZPVE":       0.189538748411,
   "number of imags":0,
   "point group": "c1",
   "gradient norm":       0.000044313722
}
