{
   "temperature":     298.150000000000,
   "unit": "hartree",
   "energy":     -20.895052921431,
   "free energy":     -20.764901913999,
   "G(T)":       0.130151007433,
   "ZPVE":       0.162008323239,
   "number of imags":0,
   "point group": "c1",
   "gradient norm":       0.000046125350
}
