{
   "temperature":     298.150000000000,
   "unit": "hartree",
   "energy":     -23.957397229680,
   "free energy":     -23.850956344526,
   "G(T)":       0.106440885154,
   "ZPVE":       0.142746003942,
   "number of imags":0,
   "point group": "c1",
   "gradient norm":       0.000046800248
}
