{
   "temperature":     298.150000000000,
   "unit": "hartree",
   "energy":     -19.994468773804,
   "free energy":     -19.839761227541,
   "G(T)":       0.154707546263,
   "ZPVE":       0.186962961214,
   "number of imags":0,
   "point group": "c1",
   "gradient norm":       0.000054599667
}
