{
   "temperature":     298.150000000000,
   "unit": "hartree",
   "energy":     -20.893945163808,
   "free energy":     -20.763649722594,
   "G(T)":       0.130295441213,
   "ZPVE":       0.162150221262,
   "number of imags":0,
   "point group": "c1",
   "gradient norm":       0.000050922258
}
