{
   "temperature":     298.150000000000,
   "unit": "hartree",
   "energy":     -22.690407537907,
   "free energy":     -22.609905332822,
   "G(T)":       0.080502205085,
   "ZPVE":       0.112398741331,
   "number of imags":0,
   "point group": "c1",
   "gradient norm":       0.000048198168
}
