{
    "partname": "screening",
    "runtime": 261.90175420138985,
    "results": {
        "CONF16": {
            "gsolv": {
                "gsolv": -0.006102372658006061,
                "energy_gas": -312.203550806098,
                "energy_solv": -312.209653178756
            },
            "gtot": -312.209653178756,
            "bmw": 0.09839182061313052
        },
        "CONF25": {
            "gsolv": {
                "gsolv": -0.004538883567988705,
                "energy_gas": -312.200827621538,
                "energy_solv": -312.205366505106
            },
            "gtot": -312.205366505106,
            "bmw": 0.0010500877756335568
        },
        "CONF40": {
            "gsolv": {
                "gsolv": -0.00536852688099998,
                "energy_gas": -312.200598968193,
                "energy_solv": -312.205967495074
            },
            "gtot": -312.205967495074,
            "bmw": 0.0019845491209229925
        },
        "CONF37": {
            "gsolv": {
                "gsolv": -0.0057211907590044575,
                "energy_gas": -312.201634875653,
                "energy_solv": -312.207356066412
            },
            "gtot": -312.207356066412,
            "bmw": 0.008636951027543254
        },
        "CONF13": {
            "gsolv": {
                "gsolv": -0.004500710358001925,
                "energy_gas": -312.201822317927,
                "energy_solv": -312.206323028285
            },
            "gtot": -312.206323028285,
            "bmw": 0.002891983494685936
        },
        "CONF18": {
            "gsolv": {
                "gsolv": -0.0060019170609848516,
                "energy_gas": -312.203393421412,
                "energy_solv": -312.209395338473
            },
            "gtot": -312.209395338473,
            "bmw": 0.07487911037372122
        },
        "CONF34": {
            "gsolv": {
                "gsolv": -0.006237769860035769,
                "energy_gas": -312.19880000314,
                "energy_solv": -312.205037773
            },
            "gtot": -312.205037773,
            "bmw": 0.0007413431868878488
        },
        "CONF39": {
            "gsolv": {
                "gsolv": -0.005989275399997496,
                "energy_gas": -312.200076697546,
                "energy_solv": -312.206065972946
            },
            "gtot": -312.206065972946,
            "bmw": 0.0022027161629802807
        },
        "CONF24": {
            "gsolv": {
                "gsolv": -0.004611932404998242,
                "energy_gas": -312.200997780759,
                "energy_solv": -312.205609713164
            },
            "gtot": -312.205609713164,
            "bmw": 0.001358606117696762
        },
        "CONF23": {
            "gsolv": {
                "gsolv": -0.004697347376975358,
                "energy_gas": -312.201675777521,
                "energy_solv": -312.206373124898
            },
            "gtot": -312.206373124898,
            "bmw": 0.003049570353203137
        },
        "CONF9": {
            "gsolv": {
                "gsolv": -0.006141796393023924,
                "energy_gas": -312.203450605276,
                "energy_solv": -312.209592401669
            },
            "gtot": -312.209592401669,
            "bmw": 0.09225788022838267
        },
        "CONF17": {
            "gsolv": {
                "gsolv": -0.005981493649983349,
                "energy_gas": -312.198677867551,
                "energy_solv": -312.204659361201
            },
            "gtot": -312.204659361201,
            "bmw": 0.0004965487826414272
        },
        "CONF10": {
            "gsolv": {
                "gsolv": -0.006126521384999251,
                "energy_gas": -312.203179373893,
                "energy_solv": -312.209305895278
            },
            "gtot": -312.209305895278,
            "bmw": 0.06811137600651264
        },
        "CONF5": {
            "gsolv": {
                "gsolv": -0.005265643330005787,
                "energy_gas": -312.20410045813,
                "energy_solv": -312.20936610146
            },
            "gtot": -312.20936610146,
            "bmw": 0.07259598143213036
        },
        "CONF8": {
            "gsolv": {
                "gsolv": -0.006151340205008182,
                "energy_gas": -312.203344281805,
                "energy_solv": -312.20949562201
            },
            "gtot": -312.20949562201,
            "bmw": 0.0832698744892865
        },
        "CONF26": {
            "gsolv": {
                "gsolv": -0.006078682192026008,
                "energy_gas": -312.200352108041,
                "energy_solv": -312.206430790233
            },
            "gtot": -312.206430790233,
            "bmw": 0.00324162576102434
        },
        "CONF15": {
            "gsolv": {
                "gsolv": -0.006067075205010042,
                "energy_gas": -312.200346043278,
                "energy_solv": -312.206413118483
            },
            "gtot": -312.206413118483,
            "bmw": 0.0031815183515054362
        },
        "CONF14": {
            "gsolv": {
                "gsolv": -0.004554748695966282,
                "energy_gas": -312.201858668128,
                "energy_solv": -312.206413416824
            },
            "gtot": -312.206413416824,
            "bmw": 0.003182523799048621
        },
        "CONF42": {
            "gsolv": {
                "gsolv": -0.005619337830978566,
                "energy_gas": -312.201469492505,
                "energy_solv": -312.207088830336
            },
            "gtot": -312.207088830336,
            "bmw": 0.0065078925045432
        },
        "CONF4": {
            "gsolv": {
                "gsolv": -0.0061523427609699866,
                "energy_gas": -312.203161753986,
                "energy_solv": -312.209314096747
            },
            "gtot": -312.209314096747,
            "bmw": 0.0687055892572337
        },
        "CONF2": {
            "gsolv": {
                "gsolv": -0.004656794220011307,
                "energy_gas": -312.202018252651,
                "energy_solv": -312.206675046871
            },
            "gtot": -312.206675046871,
            "bmw": 0.004198683626454932
        },
        "CONF28": {
            "gsolv": {
                "gsolv": -0.005250367549990642,
                "energy_gas": -312.201131253989,
                "energy_solv": -312.206381621539
            },
            "gtot": -312.206381621539,
            "bmw": 0.003077137063478039
        },
        "CONF19": {
            "gsolv": {
                "gsolv": -0.00597898710498157,
                "energy_gas": -312.203647805333,
                "energy_solv": -312.209626792438
            },
            "gtot": -312.209626792438,
            "bmw": 0.09568021235449825
        },
        "CONF46": {
            "gsolv": {
                "gsolv": -0.0055665708419496696,
                "energy_gas": -312.199865063663,
                "energy_solv": -312.205431634505
            },
            "gtot": -312.205431634505,
            "bmw": 0.0011250790883913196
        },
        "CONF1": {
            "gsolv": {
                "gsolv": -0.005484435222967932,
                "energy_gas": -312.20400588579,
                "energy_solv": -312.209490321013
            },
            "gtot": -312.209490321013,
            "bmw": 0.08280367654329839
        },
        "CONF30": {
            "gsolv": {
                "gsolv": -0.004975984038026127,
                "energy_gas": -312.201157903888,
                "energy_solv": -312.206133887926
            },
            "gtot": -312.206133887926,
            "bmw": 0.002366994599067138
        },
        "CONF22": {
            "gsolv": {
                "gsolv": -0.005560155137004585,
                "energy_gas": -312.199737210809,
                "energy_solv": -312.205297365946
            },
            "gtot": -312.205297365946,
            "bmw": 0.0009759415103719486
        },