{
   "temperature":     298.150000000000,
   "unit": "hartree",
   "energy":     -27.125552502708,
   "free energy":     -26.992441125219,
   "G(T)":       0.133111377489,
   "ZPVE":       0.170615987301,
   "number of imags":0,
   "point group": "c1",
   "gradient norm":       0.000130916960
}
