{
   "temperature":     298.150000000000,
   "unit": "hartree",
   "energy":     -26.279780280756,
   "free energy":     -26.157109090478,
   "G(T)":       0.122671190278,
   "ZPVE":       0.156733525656,
   "number of imags":0,
   "point group": "c1",
   "gradient norm":       0.000043893307
}
