{
   "temperature":     298.150000000000,
   "unit": "hartree",
   "energy":     -20.897130445791,
   "free energy":     -20.766981136206,
   "G(T)":       0.130149309586,
   "ZPVE":       0.162222946816,
   "number of imags":0,
   "point group": "c1",
   "gradient norm":       0.000024982663
}
