{
   "temperature":     298.150000000000,
   "unit": "hartree",
   "energy":     -23.958592368274,
   "free energy":     -23.851314598567,
   "G(T)":       0.107277769706,
   "ZPVE":       0.142858811520,
   "number of imags":0,
   "point group": "c1",
   "gradient norm":       0.000057751908
}
