{
   "temperature":     298.150000000000,
   "unit": "hartree",
   "energy":     -20.896045114784,
   "free energy":     -20.766621828707,
   "G(T)":       0.129423286077,
   "ZPVE":       0.161768065772,
   "number of imags":0,
   "point group": "c1",
   "gradient norm":       0.000035354608
}
