{
   "temperature":     298.150000000000,
   "unit": "hartree",
   "energy":     -41.499566775205,
   "free energy":     -41.368168716580,
   "G(T)":       0.131398058625,
   "ZPVE":       0.172081329546,
   "number of imags":0,
   "point group": "c1",
   "gradient norm":       0.000059429624
}
