{
   "temperature":     298.150000000000,
   "unit": "hartree",
   "energy":     -20.891597916063,
   "free energy":     -20.761090368386,
   "G(T)":       0.130507547676,
   "ZPVE":       0.162328606364,
   "number of imags":0,
   "point group": "c1",
   "gradient norm":       0.000046905482
}
