{
    "partname": "prescreening",
    "runtime": 9.6127909431234,
    "results": {
        "CONF2": {
            "xtb_gsolv": {
                "gsolv": 0.0014849862079984177,
                "energy_xtb_gas": -19.994145631004,
                "energy_xtb_solv": -19.992660644796
            },
            "sp": {
                "energy": -236.449843248726
            },
            "gtot": -236.448358262518,
            "bmw": 0.22201093413396958
        },
        "CONF1": {
            "xtb_gsolv": {
                "gsolv": 0.0014518979110000885,
                "energy_xtb_gas": -19.995065557985,
                "energy_xtb_solv": -19.993613660074
            },
            "sp": {
                "energy": -236.450353514472
            },
            "gtot": -236.448901616561,
            "bmw": 0.39472980846907507
        },
        "CONF4": {
            "xtb_gsolv": {
                "gsolv": 0.0014715044020015,
                "energy_xtb_gas": -19.993939412204,
                "energy_xtb_solv": -19.992467907802
            },
            "sp": {
                "energy": -236.44931640591
            },
            "gtot": -236.447844901508,
            "bmw": 0.12889754466304462
        },
        "CONF3": {
            "xtb_gsolv": {
                "gsolv": 0.0014814726430003589,
                "energy_xtb_gas": -19.994122231849,
                "energy_xtb_solv": -19.992640759206
            },
            "sp": {
                "energy": -236.449830907229
            },
            "gtot": -236.448349434586,
            "bmw": 0.21994484952898008
        },
        "CONF5": {
            "xtb_gsolv": {
                "gsolv": 0.0014862209709995966,
                "energy_xtb_gas": -19.992182272177,
                "energy_xtb_solv": -19.990696051206
            },
            "sp": {
                "energy": -236.446210694347
            },
            "gtot": -236.444724473376,
            "bmw": 0.00473093582037682
        },
        "CONF11": {
            "xtb_gsolv": {
                "gsolv": 0.0015218715310005848,
                "energy_xtb_gas": -19.990082399938,
                "energy_xtb_solv": -19.988560528407
            },
            "sp": {
                "energy": -236.446205138425
            },
            "gtot": -236.444683266894,
            "bmw": 0.004528906834199842
        },
        "CONF12": {
            "xtb_gsolv": {
                "gsolv": 0.0015173158290018307,
                "energy_xtb_gas": -19.990048691161,
                "energy_xtb_solv": -19.988531375332
            },
            "sp": {
                "energy": -236.446118740667
            },
            "gtot": -236.444601424838,
            "bmw": 0.004152872968761172
        },
        "CONF7": {
            "xtb_gsolv": {
                "gsolv": 0.001474601570002676,
                "energy_xtb_gas": -19.991918526683,
                "energy_xtb_solv": -19.990443925113
            },
            "sp": {
                "energy": -236.44552922931
            },
            "gtot": -236.44405462774,
            "bmw": 0.0023272304538012743
        },
        "CONF8": {
            "xtb_gsolv": {
                "gsolv": 0.0014689046350007118,
                "energy_xtb_gas": -19.99166988648,
                "energy_xtb_solv": -19.990200981845
            },
            "sp": {
                "energy": -236.445837299972
            },
            "gtot": -236.444368395337,
            "bmw": 0.00324460995127153
        },
        "CONF10": {
            "xtb_gsolv": {
                "gsolv": 0.0015242880320016639,
                "energy_xtb_gas": -19.990097546394,
                "energy_xtb_solv": -19.988573258362
            },
            "sp": {
                "energy": -236.446185111522
            },
            "gtot": -236.44466082348998,
            "bmw": 0.004422523359235511
        },
        "CONF6": {
            "xtb_gsolv": {
                "gsolv": 0.0014857634650020657,
                "energy_xtb_gas": -19.992114693644,
                "energy_xtb_solv": -19.990628930179
            },
            "sp": {
                "energy": -236.446718729528
            },
            "gtot": -236.44523296606297,
            "bmw": 0.008106576817037659
        },
        "CONF9": {
            "xtb_gsolv": {
                "gsolv": 0.001507262410001431,
                "energy_xtb_gas": -19.990915594602,
                "energy_xtb_solv": -19.989408332192
            },
            "sp": {
                "energy": -236.445770684191
            },
            "gtot": -236.444263421781,
            "bmw": 0.0029032070002469853
        }
    },
    "settings": {
        "threshold": 4.0,
        "func": "pbe-d4",
        "basis": "def2-sv(p)",
        "prog": "orca",
        "gfnv": "gfn2",
        "run": true,
        "template": false
    },
    "nconf_in": 12,
    "nconf_out": 12
}