{
    "partname": "screening",
    "runtime": 39.02139681763947,
    "results": {
        "CONF1": {
            "gsolv": {
                "gsolv": 0.003454555527980574,
                "energy_gas": -236.98865001986,
                "energy_solv": -236.985195464332
            },
            "gtot": -236.985195464332,
            "bmw": 0.3801932250652251
        },
        "CONF3": {
            "gsolv": {
                "gsolv": 0.0033746868739967795,
                "energy_gas": -236.987954520681,
                "energy_solv": -236.984579833807
            },
            "gtot": -236.984579833807,
            "bmw": 0.19807694694087388
        },
        "CONF8": {
            "gsolv": {
                "gsolv": 0.003464741077010558,
                "energy_gas": -236.984421238217,
                "energy_solv": -236.98095649714
            },
            "gtot": -236.98095649714,
            "bmw": 0.0042679019297363055
        },
        "CONF2": {
            "gsolv": {
                "gsolv": 0.0033706028690119183,
                "energy_gas": -236.988174932427,
                "energy_solv": -236.984804329558
            },
            "gtot": -236.984804329558,
            "bmw": 0.25124349782148164
        },
        "CONF9": {
            "gsolv": {
                "gsolv": 0.003303195689994709,
                "energy_gas": -236.983992783014,
                "energy_solv": -236.980689587324
            },
            "gtot": -236.980689587324,
            "bmw": 0.003216950766176206
        },
        "CONF6": {
            "gsolv": {
                "gsolv": 0.003405088714998783,
                "energy_gas": -236.985103389887,
                "energy_solv": -236.981698301172
            },
            "gtot": -236.981698301172,
            "bmw": 0.009363121683631903
        },
        "CONF4": {
            "gsolv": {
                "gsolv": 0.0033927464820067144,
                "energy_gas": -236.987637164364,
                "energy_solv": -236.984244417882
            },
            "gtot": -236.984244417882,
            "bmw": 0.13885236693988232
        },
        "CONF5": {
            "gsolv": {
                "gsolv": 0.0034180560649872405,
                "energy_gas": -236.984573982582,
                "energy_solv": -236.981155926517
            },
            "gtot": -236.981155926517,
            "bmw": 0.0052716381848577215
        },
        "CONF7": {
            "gsolv": {
                "gsolv": 0.003490928697999607,
                "energy_gas": -236.983972605131,
                "energy_solv": -236.980481676433
            },
            "gtot": -236.980481676433,
            "bmw": 0.0025811427519713656
        },
        "CONF11": {
            "gsolv": {
                "gsolv": 0.0031525684510143037,
                "energy_gas": -236.983542799425,
                "energy_solv": -236.980390230974
            },
            "gtot": -236.980390230974,
            "bmw": 0.0023428798898334664
        },
        "CONF12": {
            "gsolv": {
                "gsolv": 0.003136660654007528,
                "energy_gas": -236.983405362225,
                "energy_solv": -236.980268701571
            },
            "gtot": -236.980268701571,
            "bmw": 0.002059920068371883
        },
        "CONF10": {
            "gsolv": {
                "gsolv": 0.0031532279969894716,
                "energy_gas": -236.983616160786,
                "energy_solv": -236.980462932789
            },
            "gtot": -236.980462932789,
            "bmw": 0.002530407957957962
        }
    },
    "settings": {
        "threshold": 3.5,
        "func": "r2scan-3c",
        "basis": "def2-tzvp",
        "prog": "orca",
        "sm": "smd",
        "gfnv": "gfn2",
        "run": true,
        "implicit": false,
        "template": false
    },
    "nconf_in": 12,
    "nconf_out": 12
}