{
   "temperature":     298.150000000000,
   "unit": "hartree",
   "energy":     -24.061700393158,
   "free energy":     -23.905407430282,
   "G(T)":       0.156292962876,
   "ZPVE":       0.189954775317,
   "number of imags":0,
   "point group": "c1",
   "gradient norm":       0.000039614157
}
