{
   "temperature":     298.150000000000,
   "unit": "hartree",
   "energy":     -18.190021977900,
   "free energy":     -18.092322077972,
   "G(T)":       0.097699899928,
   "ZPVE":       0.129209070119,
   "number of imags":0,
   "point group": "cs",
   "gradient norm":       0.000015180775
}
