{
   "temperature":     298.150000000000,
   "unit": "hartree",
   "energy":     -24.062880166212,
   "free energy":     -23.907252815994,
   "G(T)":       0.155627350218,
   "ZPVE":       0.189649528174,
   "number of imags":0,
   "point group": "c1",
   "gradient norm":       0.000044412895
}
