{
   "temperature":     298.150000000000,
   "unit": "hartree",
   "energy":     -16.906704521495,
   "free energy":     -16.809307576986,
   "G(T)":       0.097396944509,
   "ZPVE":       0.129151308272,
   "number of imags":0,
   "point group": "cs",
   "gradient norm":       0.000069399532
}
