{
   "temperature":     298.150000000000,
   "unit": "hartree",
   "energy":     -44.047601404629,
   "free energy":     -43.881569485962,
   "G(T)":       0.166031918668,
   "ZPVE":       0.211272405965,
   "number of imags":0,
   "point group": "c1",
   "gradient norm":       0.000051964088
}
