{
   "temperature":     298.150000000000,
   "unit": "hartree",
   "energy":     -20.799763064678,
   "free energy":     -20.716207716403,
   "G(T)":       0.083555348275,
   "ZPVE":       0.115855983643,
   "number of imags":0,
   "point group": "c1",
   "gradient norm":       0.000052414894
}
