{
   "temperature":     298.150000000000,
   "unit": "hartree",
   "energy":     -44.046259666273,
   "free energy":     -43.878827782600,
   "G(T)":       0.167431883672,
   "ZPVE":       0.211490284026,
   "number of imags":0,
   "point group": "c1",
   "gradient norm":       0.000193137504
}
