{
   "temperature":     298.150000000000,
   "unit": "hartree",
   "energy":     -23.159603603778,
   "free energy":     -22.977540188167,
   "G(T)":       0.182063415611,
   "ZPVE":       0.214754895942,
   "number of imags":0,
   "point group": "c2",
   "gradient norm":       0.000018839417
}
