{
   "temperature":     298.150000000000,
   "unit": "hartree",
   "energy":     -18.941192008125,
   "free energy":     -18.810964925815,
   "G(T)":       0.130227082309,
   "ZPVE":       0.162557470867,
   "number of imags":0,
   "point group": "cs",
   "gradient norm":       0.000067907086
}
