{
   "temperature":     298.150000000000,
   "unit": "hartree",
   "energy":     -23.957794015614,
   "free energy":     -23.848997166036,
   "G(T)":       0.108796849578,
   "ZPVE":       0.143278108717,
   "number of imags":0,
   "point group": "c1",
   "gradient norm":       0.000019875006
}
