{
    "partname": "prescreening",
    "runtime": 17.177644714713097,
    "results": {
        "CONF1": {
            "xtb_gsolv": {
                "gsolv": -0.014760090719995844,
                "energy_xtb_gas": -41.493752054753,
                "energy_xtb_solv": -41.508512145473
            },
            "sp": {
                "energy": -1452.784179887162
            },
            "gtot": -1452.7989399778821,
            "bmw": 0.007943720476028896
        },
        "CONF2": {
            "xtb_gsolv": {
                "gsolv": -0.015495733961998326,
                "energy_xtb_gas": -41.490735574032,
                "energy_xtb_solv": -41.506231307994
            },
            "sp": {
                "energy": -1452.781524138502
            },
            "gtot": -1452.797019872464,
            "bmw": 0.0010395289688565992
        },
        "CONF4": {
            "xtb_gsolv": {
                "gsolv": -0.014505444466003325,
                "energy_xtb_gas": -41.490315563128,
                "energy_xtb_solv": -41.504821007594
            },
            "sp": {
                "energy": -1452.788422155586
            },
            "gtot": -1452.802927600052,
            "bmw": 0.5422545296040304
        },
        "CONF5": {
            "xtb_gsolv": {
                "gsolv": -0.015580519785004299,
                "energy_xtb_gas": -41.489136709605,
                "energy_xtb_solv": -41.50471722939
            },
            "sp": {
                "energy": -1452.783403653982
            },
            "gtot": -1452.7989841737672,
            "bmw": 0.00832439450242158
        },
        "CONF8": {
            "xtb_gsolv": {
                "gsolv": -0.014789961458994583,
                "energy_xtb_gas": -41.485638253582,
                "energy_xtb_solv": -41.500428215041
            },
            "sp": {
                "energy": -1452.780039391846
            },
            "gtot": -1452.794829353305,
            "bmw": 0.00010215685824621882
        },
        "CONF6": {
            "xtb_gsolv": {
                "gsolv": -0.015894888361003723,
                "energy_xtb_gas": -41.488661305148,
                "energy_xtb_solv": -41.504556193509
            },
            "sp": {
                "energy": -1452.784518793588
            },
            "gtot": -1452.800413681949,
            "bmw": 0.03783388180360473
        },
        "CONF9": {
            "xtb_gsolv": {
                "gsolv": -0.014877462858002843,
                "energy_xtb_gas": -41.484999318952,
                "energy_xtb_solv": -41.49987678181
            },
            "sp": {
                "energy": -1452.779221922222
            },
            "gtot": -1452.79409938508,
            "bmw": 4.7152571939848636e-05
        },
        "CONF10": {
            "xtb_gsolv": {
                "gsolv": -0.013983428477999382,
                "energy_xtb_gas": -41.485727516611,
                "energy_xtb_solv": -41.499710945089
            },
            "sp": {
                "energy": -1452.784425036949
            },
            "gtot": -1452.798408465427,
            "bmw": 0.004524234919496688
        },
        "CONF3": {
            "xtb_gsolv": {
                "gsolv": -0.01617684151899823,
                "energy_xtb_gas": -41.489221222473,
                "energy_xtb_solv": -41.505398063992
            },
            "sp": {
                "energy": -1452.786437459796
            },
            "gtot": -1452.8026143013149,
            "bmw": 0.38913092339589994
        },
        "CONF7": {
            "xtb_gsolv": {
                "gsolv": -0.015605420743000309,
                "energy_xtb_gas": -41.48829487933,
                "energy_xtb_solv": -41.503900300073
            },
            "sp": {
                "energy": -1452.78343115709
            },
            "gtot": -1452.799036577833,
            "bmw": 0.008799476899474893
        }
    },
    "settings": {
        "threshold": 4.0,
        "func": "pbe-d4",
        "basis": "def2-sv(p)",
        "prog": "orca",
        "gfnv": "gfn2",
        "run": true,
        "template": false
    },
    "nconf_in": 10,
    "nconf_out": 8
}