{
    "partname": "screening",
    "runtime": 118.33842748776078,
    "results": {
        "CONF3": {
            "gsolv": {
                "gsolv": -0.01152746488514822,
                "energy_gas": -1454.386806934798,
                "energy_solv": -1454.398334399683
            },
            "gtot": -1454.398334399683,
            "bmw": 0.17841813957769698
        },
        "CONF2": {
            "gsolv": {
                "gsolv": -0.011719719968141362,
                "energy_gas": -1454.380585461918,
                "energy_solv": -1454.392305181886
            },
            "gtot": -1454.392305181886,
            "bmw": 0.0003007397168586364
        },
        "CONF7": {
            "gsolv": {
                "gsolv": -0.012079289315124697,
                "energy_gas": -1454.383220175057,
                "energy_solv": -1454.395299464372
            },
            "gtot": -1454.395299464372,
            "bmw": 0.007169112474117213
        },
        "CONF6": {
            "gsolv": {
                "gsolv": -0.01171454492691737,
                "energy_gas": -1454.384940540411,
                "energy_solv": -1454.396655085338
            },
            "gtot": -1454.396655085338,
            "bmw": 0.030130606665826863
        },
        "CONF5": {
            "gsolv": {
                "gsolv": -0.013002013339928453,
                "energy_gas": -1454.385020594881,
                "energy_solv": -1454.398022608221
            },
            "gtot": -1454.398022608221,
            "bmw": 0.12824039918783509
        },
        "CONF4": {
            "gsolv": {
                "gsolv": -0.010167948259095283,
                "energy_gas": -1454.389087775093,
                "energy_solv": -1454.399255723352
            },
            "gtot": -1454.399255723352,
            "bmw": 0.47338943354897867
        },
        "CONF1": {
            "gsolv": {
                "gsolv": -0.01250451682108178,
                "energy_gas": -1454.385213014429,
                "energy_solv": -1454.39771753125
            },
            "gtot": -1454.39771753125,
            "bmw": 0.09283231227276004
        },
        "CONF10": {
            "gsolv": {
                "gsolv": -0.012559978087892887,
                "energy_gas": -1454.385123240567,
                "energy_solv": -1454.397683218655
            },
            "gtot": -1454.397683218655,
            "bmw": 0.08951925655592632
        }
    },
    "settings": {
        "threshold": 3.5,
        "func": "r2scan-3c",
        "basis": "def2-tzvp",
        "prog": "orca",
        "sm": "smd",
        "gfnv": "gfn2",
        "run": true,
        "implicit": false,
        "template": false
    },
    "nconf_in": 8,
    "nconf_out": 8
}