{
   "temperature":     298.150000000000,
   "unit": "hartree",
   "energy":     -28.544399789279,
   "free energy":     -28.370834294283,
   "G(T)":       0.173565494996,
   "ZPVE":       0.209347036816,
   "number of imags":0,
   "point group": "c1",
   "gradient norm":       0.000125965889
}
