{
   "temperature":     298.150000000000,
   "unit": "hartree",
   "energy":     -23.157555716093,
   "free energy":     -22.975975624611,
   "G(T)":       0.181580091482,
   "ZPVE":       0.215130467153,
   "number of imags":0,
   "point group": "c1",
   "gradient norm":       0.000032348481
}
