{
   "temperature":     298.150000000000,
   "unit": "hartree",
   "energy":     -22.695219933371,
   "free energy":     -22.613498506734,
   "G(T)":       0.081721426636,
   "ZPVE":       0.112768182631,
   "number of imags":0,
   "point group": "c1",
   "gradient norm":       0.000063984922
}
