{
   "temperature":     298.150000000000,
   "unit": "hartree",
   "energy":     -17.088088899535,
   "free energy":     -16.971968254951,
   "G(T)":       0.116120644584,
   "ZPVE":       0.146542304586,
   "number of imags":0,
   "point group": "c1",
   "gradient norm":       0.000044067993
}
