{
   "temperature":     298.150000000000,
   "unit": "hartree",
   "energy":     -26.321859326382,
   "free energy":     -26.114872183196,
   "G(T)":       0.206987143186,
   "ZPVE":       0.242860734654,
   "number of imags":0,
   "point group": "c1",
   "gradient norm":       0.000086017305
}
