{
   "temperature":     298.150000000000,
   "unit": "hartree",
   "energy":     -17.721064152479,
   "free energy":     -17.617736863832,
   "G(T)":       0.103327288647,
   "ZPVE":       0.133678019852,
   "number of imags":0,
   "point group": "c1",
   "gradient norm":       0.000033665533
}
