{
   "temperature":     298.150000000000,
   "unit": "hartree",
   "energy":     -26.321859796683,
   "free energy":     -26.114869336961,
   "G(T)":       0.206990459722,
   "ZPVE":       0.242865922311,
   "number of imags":0,
   "point group": "c1",
   "gradient norm":       0.000104726556
}
