{
   "temperature":     298.150000000000,
   "unit": "hartree",
   "energy":     -24.056020988213,
   "free energy":     -23.900479344530,
   "G(T)":       0.155541643684,
   "ZPVE":       0.190044326478,
   "number of imags":0,
   "point group": "c1",
   "gradient norm":       0.000032367168
}
