{
    "partname": "prescreening",
    "runtime": 11.909541047178209,
    "results": {
        "CONF1": {
            "xtb_gsolv": {
                "gsolv": -0.008523148099001787,
                "energy_xtb_gas": -34.412816046974,
                "energy_xtb_solv": -34.421339195073
            },
            "sp": {
                "energy": -535.376447793174
            },
            "gtot": -535.384970941273,
            "bmw": 0.9958208901931971
        },
        "CONF2": {
            "xtb_gsolv": {
                "gsolv": -0.007326098350993959,
                "energy_xtb_gas": -34.413544719363,
                "energy_xtb_solv": -34.420870817714
            },
            "sp": {
                "energy": -535.37245945052
            },
            "gtot": -535.3797855488709,
            "bmw": 0.004102662836438303
        },
        "CONF3": {
            "xtb_gsolv": {
                "gsolv": -0.0072888790869996,
                "energy_xtb_gas": -34.410596594043,
                "energy_xtb_solv": -34.41788547313
            },
            "sp": {
                "energy": -535.368736180044
            },
            "gtot": -535.376025059131,
            "bmw": 7.644697036446558e-05
        }
    },
    "settings": {
        "threshold": 4.0,
        "func": "pbe-d4",
        "basis": "def2-sv(p)",
        "prog": "orca",
        "gfnv": "gfn2",
        "run": true,
        "template": false
    },
    "nconf_in": 3,
    "nconf_out": 2
}