{
    "partname": "screening",
    "runtime": 88.8227951489389,
    "results": {
        "CONF1": {
            "gsolv": {
                "gsolv": -0.01028546997099511,
                "energy_gas": -536.400512501443,
                "energy_solv": -536.410797971414
            },
            "gtot": -536.410797971414,
            "bmw": 0.9998188564428961
        },
        "CONF2": {
            "gsolv": {
                "gsolv": -0.006310485768040053,
                "energy_gas": -536.396352360757,
                "energy_solv": -536.402662846525
            },
            "gtot": -536.402662846525,
            "bmw": 0.00018114355710389186
        }
    },
    "settings": {
        "threshold": 3.5,
        "func": "r2scan-3c",
        "basis": "def2-tzvp",
        "prog": "orca",
        "sm": "smd",
        "gfnv": "gfn2",
        "run": true,
        "implicit": false,
        "template": false
    },
    "nconf_in": 2,
    "nconf_out": 2
}