{
   "temperature":     298.150000000000,
   "unit": "hartree",
   "energy":     -24.058141839645,
   "free energy":     -23.901899189075,
   "G(T)":       0.156242650570,
   "ZPVE":       0.189964570358,
   "number of imags":0,
   "point group": "c1",
   "gradient norm":       0.000026878401
}
