{
   "temperature":     298.150000000000,
   "unit": "hartree",
   "energy":     -25.304965846599,
   "free energy":     -25.114520555325,
   "G(T)":       0.190445291273,
   "ZPVE":       0.224007481832,
   "number of imags":0,
   "point group": "c1",
   "gradient norm":       0.000042667523
}
