{
   "temperature":     298.150000000000,
   "unit": "hartree",
   "energy":     -24.055278355536,
   "free energy":     -23.901925532529,
   "G(T)":       0.153352823007,
   "ZPVE":       0.189164499082,
   "number of imags":0,
   "point group": "c1",
   "gradient norm":       0.000029000508
}
