{
   "temperature":     298.150000000000,
   "unit": "hartree",
   "energy":     -22.692337676007,
   "free energy":     -22.610445888990,
   "G(T)":       0.081891787018,
   "ZPVE":       0.112823499689,
   "number of imags":0,
   "point group": "c1",
   "gradient norm":       0.000088593170
}
