{
   "temperature":     298.150000000000,
   "unit": "hartree",
   "energy":     -17.979463565480,
   "free energy":     -17.887401930843,
   "G(T)":       0.092061634637,
   "ZPVE":       0.122223157138,
   "number of imags":0,
   "point group": "c1",
   "gradient norm":       0.000055767576
}
