{
   "temperature":     298.150000000000,
   "unit": "hartree",
   "energy":     -26.315624497438,
   "free energy":     -26.106725517356,
   "G(T)":       0.208898980082,
   "ZPVE":       0.243471866690,
   "number of imags":0,
   "point group": "c1",
   "gradient norm":       0.000184952099
}
