{
    "partname": "prescreening",
    "runtime": 7.54707258567214,
    "results": {
        "CONF2": {
            "xtb_gsolv": {
                "gsolv": 0.001594997015999411,
                "energy_xtb_gas": -16.828551682138,
                "energy_xtb_solv": -16.826956685122
            },
            "sp": {
                "energy": -197.236502397198
            },
            "gtot": -197.234907400182,
            "bmw": 0.23773592931067997
        },
        "CONF1": {
            "xtb_gsolv": {
                "gsolv": 0.0015734266409985764,
                "energy_xtb_gas": -16.829455623584,
                "energy_xtb_solv": -16.827882196943
            },
            "sp": {
                "energy": -197.237351267722
            },
            "gtot": -197.23577784108102,
            "bmw": 0.5976816486439331
        },
        "CONF4": {
            "xtb_gsolv": {
                "gsolv": 0.0016315978469982895,
                "energy_xtb_gas": -16.825588062603,
                "energy_xtb_solv": -16.823956464756
            },
            "sp": {
                "energy": -197.232855951176
            },
            "gtot": -197.231224353329,
            "bmw": 0.004808510134461136
        },
        "CONF3": {
            "xtb_gsolv": {
                "gsolv": 0.001628144135999321,
                "energy_xtb_gas": -16.82760156502,
                "energy_xtb_solv": -16.825973420884
            },
            "sp": {
                "energy": -197.236150976981
            },
            "gtot": -197.23452283284502,
            "bmw": 0.15819985878585432
        },
        "CONF5": {
            "xtb_gsolv": {
                "gsolv": 0.0016151802349995137,
                "energy_xtb_gas": -16.825068800128,
                "energy_xtb_solv": -16.823453619893
            },
            "sp": {
                "energy": -197.231785131996
            },
            "gtot": -197.23016995176098,
            "bmw": 0.0015740531250712864
        }
    },
    "settings": {
        "threshold": 4.0,
        "func": "pbe-d4",
        "basis": "def2-sv(p)",
        "prog": "orca",
        "gfnv": "gfn2",
        "run": true,
        "template": false
    },
    "nconf_in": 5,
    "nconf_out": 5
}