{
    "partname": "screening",
    "runtime": 28.709243804216385,
    "results": {
        "CONF1": {
            "gsolv": {
                "gsolv": 0.0030318394960033856,
                "energy_gas": -197.688228553626,
                "energy_solv": -197.68519671413
            },
            "gtot": -197.68519671413,
            "bmw": 0.611307250073396
        },
        "CONF4": {
            "gsolv": {
                "gsolv": 0.002912596198001438,
                "energy_gas": -197.68355309683,
                "energy_solv": -197.680640500632
            },
            "gtot": -197.680640500632,
            "bmw": 0.0049039541890632836
        },
        "CONF3": {
            "gsolv": {
                "gsolv": 0.0028775173770156925,
                "energy_gas": -197.686764005592,
                "energy_solv": -197.683886488215
            },
            "gtot": -197.683886488215,
            "bmw": 0.1526150426629524
        },
        "CONF2": {
            "gsolv": {
                "gsolv": 0.0029743482130015764,
                "energy_gas": -197.687244280213,
                "energy_solv": -197.684269932
            },
            "gtot": -197.684269932,
            "bmw": 0.2290705586190335
        },
        "CONF5": {
            "gsolv": {
                "gsolv": 0.0029777899869998237,
                "energy_gas": -197.682818959257,
                "energy_solv": -197.67984116927
            },
            "gtot": -197.67984116927,
            "bmw": 0.0021031944555549575
        }
    },
    "settings": {
        "threshold": 3.5,
        "func": "r2scan-3c",
        "basis": "def2-tzvp",
        "prog": "orca",
        "sm": "smd",
        "gfnv": "gfn2",
        "run": true,
        "implicit": false,
        "template": false
    },
    "nconf_in": 5,
    "nconf_out": 5
}