{
   "temperature":     298.150000000000,
   "unit": "hartree",
   "energy":     -23.159533315067,
   "free energy":     -22.979089999774,
   "G(T)":       0.180443315293,
   "ZPVE":       0.215047934207,
   "number of imags":0,
   "point group": "c1",
   "gradient norm":       0.000049089062
}
