{
   "temperature":     298.150000000000,
   "unit": "hartree",
   "energy":     -29.492240355706,
   "free energy":     -29.258557088619,
   "G(T)":       0.233683267087,
   "ZPVE":       0.270734846953,
   "number of imags":0,
   "point group": "c1",
   "gradient norm":       0.000045043045
}
