{
   "temperature":     298.150000000000,
   "unit": "hartree",
   "energy":     -28.548268785735,
   "free energy":     -28.375031605068,
   "G(T)":       0.173237180667,
   "ZPVE":       0.209152385951,
   "number of imags":0,
   "point group": "c1",
   "gradient norm":       0.000027647059
}
