{
   "temperature":     298.150000000000,
   "unit": "hartree",
   "energy":     -19.865372275569,
   "free energy":     -19.758699109668,
   "G(T)":       0.106673165902,
   "ZPVE":       0.138902995817,
   "number of imags":0,
   "point group": "c1",
   "gradient norm":       0.000044573978
}
