{
   "temperature":     298.150000000000,
   "unit": "hartree",
   "energy":     -23.958722732312,
   "free energy":     -23.850941620540,
   "G(T)":       0.107781111772,
   "ZPVE":       0.142934320043,
   "number of imags":0,
   "point group": "c1",
   "gradient norm":       0.000035090831
}
