{
   "temperature":     298.150000000000,
   "unit": "hartree",
   "energy":     -16.907683748165,
   "free energy":     -16.809866653915,
   "G(T)":       0.097817094250,
   "ZPVE":       0.129361290334,
   "number of imags":0,
   "point group": "c1",
   "gradient norm":       0.000041226657
}
