{
   "temperature":     298.150000000000,
   "unit": "hartree",
   "energy":     -24.062070145778,
   "free energy":     -23.906421842363,
   "G(T)":       0.155648303414,
   "ZPVE":       0.189718330009,
   "number of imags":0,
   "point group": "c1",
   "gradient norm":       0.000044639995
}
