{
   "temperature":     298.150000000000,
   "unit": "hartree",
   "energy":     -39.985339008689,
   "free energy":     -39.869326660922,
   "G(T)":       0.116012347767,
   "ZPVE":       0.159422218926,
   "number of imags":0,
   "point group": "c1",
   "gradient norm":       0.000101204217
}
