{
    "partname": "prescreening",
    "runtime": 39.3835930894129,
    "results": {
        "CONF2": {
            "xtb_gsolv": {
                "gsolv": -0.014244104375997324,
                "energy_xtb_gas": -44.032497328043,
                "energy_xtb_solv": -44.046741432419
            },
            "sp": {
                "energy": -3182.944395091388
            },
            "gtot": -3182.9586391957637,
            "bmw": 0.2796292205160822
        },
        "CONF10": {
            "xtb_gsolv": {
                "gsolv": -0.014154464994000193,
                "energy_xtb_gas": -44.027365486886,
                "energy_xtb_solv": -44.04151995188
            },
            "sp": {
                "energy": -3182.9395758242
            },
            "gtot": -3182.953730289194,
            "bmw": 0.0015439805554536697
        },
        "CONF3": {
            "xtb_gsolv": {
                "gsolv": -0.014250412204994234,
                "energy_xtb_gas": -44.032203237605,
                "energy_xtb_solv": -44.04645364981
            },
            "sp": {
                "energy": -3182.943646574896
            },
            "gtot": -3182.957896987101,
            "bmw": 0.12740609320243473
        },
        "CONF5": {
            "xtb_gsolv": {
                "gsolv": -0.014514622132999477,
                "energy_xtb_gas": -44.031393743929,
                "energy_xtb_solv": -44.045908366062
            },
            "sp": {
                "energy": -3182.942808682795
            },
            "gtot": -3182.957323304928,
            "bmw": 0.06939284047023735
        },
        "CONF8": {
            "xtb_gsolv": {
                "gsolv": -0.014136567450997006,
                "energy_xtb_gas": -44.031235569977,
                "energy_xtb_solv": -44.045372137428
            },
            "sp": {
                "energy": -3182.942530989149
            },
            "gtot": -3182.9566675565998,
            "bmw": 0.0346490484635599
        },
        "CONF15": {
            "xtb_gsolv": {
                "gsolv": -0.013943999064998991,
                "energy_xtb_gas": -44.026920753222,
                "energy_xtb_solv": -44.040864752287
            },
            "sp": {
                "energy": -3182.938809643786
            },
            "gtot": -3182.952753642851,
            "bmw": 0.000548801897906026
        },
        "CONF6": {
            "xtb_gsolv": {
                "gsolv": -0.014370897851996745,
                "energy_xtb_gas": -44.03142653502,
                "energy_xtb_solv": -44.045797432872
            },
            "sp": {
                "energy": -3182.943117087538
            },
            "gtot": -3182.9574879853903,
            "bmw": 0.0826156709329505
        },
        "CONF1": {
            "xtb_gsolv": {
                "gsolv": -0.014397523355000885,
                "energy_xtb_gas": -44.032453935006,
                "energy_xtb_solv": -44.046851458361
            },
            "sp": {
                "energy": -3182.944045488054
            },
            "gtot": -3182.958443011409,
            "bmw": 0.22716634755499143
        },
        "CONF4": {
            "xtb_gsolv": {
                "gsolv": -0.014127431698000237,
                "energy_xtb_gas": -44.032195901905,
                "energy_xtb_solv": -44.046323333603
            },
            "sp": {
                "energy": -3182.943873440989
            },
            "gtot": -3182.958000872687,
            "bmw": 0.14222444924135116
        },
        "CONF16": {
            "xtb_gsolv": {
                "gsolv": -0.014195461063003734,
                "energy_xtb_gas": -44.02662745678,
                "energy_xtb_solv": -44.040822917843
            },
            "sp": {
                "energy": -3182.938217006572
            },
            "gtot": -3182.952412467635,
            "bmw": 0.0003823718111167808
        },
        "CONF9": {
            "xtb_gsolv": {
                "gsolv": -0.014321753707001506,
                "energy_xtb_gas": -44.027314305953,
                "energy_xtb_solv": -44.04163605966
            },
            "sp": {
                "energy": -3182.939165440312
            },
            "gtot": -3182.953487194019,
            "bmw": 0.0011935092415054972
        },
        "CONF7": {
            "xtb_gsolv": {
                "gsolv": -0.014315031556996871,
                "energy_xtb_gas": -44.031205092515,
                "energy_xtb_solv": -44.045520124072
            },
            "sp": {
                "energy": -3182.942212340037
            },
            "gtot": -3182.956527371594,
            "bmw": 0.02986831158110463
        },
        "CONF11": {
            "xtb_gsolv": {
                "gsolv": -0.014406328448998806,
                "energy_xtb_gas": -44.02710774456,
                "energy_xtb_solv": -44.041514073009
            },
            "sp": {
                "energy": -3182.938925676036
            },
            "gtot": -3182.9533320044848,
            "bmw": 0.0010126131000662184
        },
        "CONF12": {
            "xtb_gsolv": {
                "gsolv": -0.014411562889996787,
                "energy_xtb_gas": -44.027089077264,
                "energy_xtb_solv": -44.041500640154
            },
            "sp": {
                "energy": -3182.938514000419
            },
            "gtot": -3182.9529255633092,
            "bmw": 0.0006584056387167767
        },
        "CONF13": {
            "xtb_gsolv": {
                "gsolv": -0.014225899685996524,
                "energy_xtb_gas": -44.027152688964,
                "energy_xtb_solv": -44.04137858865
            },
            "sp": {
                "energy": -3182.938903467907
            },
            "gtot": -3182.953129367593,
            "bmw": 0.0008170281559975337
        },
        "CONF14": {
            "xtb_gsolv": {
                "gsolv": -0.0141477541099988,
                "energy_xtb_gas": -44.026880998909,
                "energy_xtb_solv": -44.041028753019
            },
            "sp": {
                "energy": -3182.938472310832
            },
            "gtot": -3182.952620064942,
            "bmw": 0.00047640248653761126
        },
        "CONF17": {
            "xtb_gsolv": {
                "gsolv": -0.013982461692997106,
                "energy_xtb_gas": -44.02666982825,
                "energy_xtb_solv": -44.040652289943
            },
            "sp": {
                "energy": -3182.938507104664
            },
            "gtot": -3182.952489566357,
            "bmw": 0.0004149051499879364
        }
    },
    "settings": {
        "threshold": 4.0,
        "func": "pbe-d4",
        "basis": "def2-sv(p)",
        "prog": "orca",
        "gfnv": "gfn2",
        "run": true,
        "template": false
    },
    "nconf_in": 17,
    "nconf_out": 17
}