{
    "partname": "screening",
    "runtime": 326.43970415974036,
    "results": {
        "CONF5": {
            "gsolv": {
                "gsolv": -0.01589198925103119,
                "energy_gas": -3184.785909931598,
                "energy_solv": -3184.801801920849
            },
            "gtot": -3184.801801920849,
            "bmw": 0.027279029500570075
        },
        "CONF17": {
            "gsolv": {
                "gsolv": -0.016601372292825545,
                "energy_gas": -3184.781292342384,
                "energy_solv": -3184.797893714677
            },
            "gtot": -3184.797893714677,
            "bmw": 0.0004346888607544528
        },
        "CONF6": {
            "gsolv": {
                "gsolv": -0.01627268099809953,
                "energy_gas": -3184.786184034012,
                "energy_solv": -3184.80245671501
            },
            "gtot": -3184.80245671501,
            "bmw": 0.054577467708637396
        },
        "CONF8": {
            "gsolv": {
                "gsolv": -0.016201616495891358,
                "energy_gas": -3184.785767194051,
                "energy_solv": -3184.801968810547
            },
            "gtot": -3184.801968810547,
            "bmw": 0.032553138270182365
        },
        "CONF3": {
            "gsolv": {
                "gsolv": -0.01594244374518894,
                "energy_gas": -3184.787214391295,
                "energy_solv": -3184.80315683504
            },
            "gtot": -3184.80315683504,
            "bmw": 0.11456350808555565
        },
        "CONF10": {
            "gsolv": {
                "gsolv": -0.01735149743490183,
                "energy_gas": -3184.783252602458,
                "energy_solv": -3184.800604099893
            },
            "gtot": -3184.800604099893,
            "bmw": 0.007671307890460807
        },
        "CONF14": {
            "gsolv": {
                "gsolv": -0.016834670419029862,
                "energy_gas": -3184.782148230242,
                "energy_solv": -3184.798982900661
            },
            "gtot": -3184.798982900661,
            "bmw": 0.001377746717333364
        },
        "CONF15": {
            "gsolv": {
                "gsolv": -0.017205432401169674,
                "energy_gas": -3184.782476184019,
                "energy_solv": -3184.79968161642
            },
            "gtot": -3184.79968161642,
            "bmw": 0.0028877286881097888
        },
        "CONF7": {
            "gsolv": {
                "gsolv": -0.0158595625180169,
                "energy_gas": -3184.785481059666,
                "energy_solv": -3184.801340622184
            },
            "gtot": -3184.801340622184,
            "bmw": 0.01673578997474673
        },
        "CONF4": {
            "gsolv": {
                "gsolv": -0.016268185594981333,
                "energy_gas": -3184.787426284966,
                "energy_solv": -3184.803694470561
            },
            "gtot": -3184.803694470561,
            "bmw": 0.20246106888793095
        },
        "CONF11": {
            "gsolv": {
                "gsolv": -0.01656068752572537,
                "energy_gas": -3184.782074437165,
                "energy_solv": -3184.798635124691
            },
            "gtot": -3184.798635124691,
            "bmw": 0.0009532427517043365
        },
        "CONF13": {
            "gsolv": {
                "gsolv": -0.01651729296281701,
                "energy_gas": -3184.781738302498,
                "energy_solv": -3184.798255595461
            },
            "gtot": -3184.798255595461,
            "bmw": 0.0006377231018604025
        },
        "CONF12": {
            "gsolv": {
                "gsolv": -0.016112385392261785,
                "energy_gas": -3184.78139933745,
                "energy_solv": -3184.797511722842
            },
            "gtot": -3184.797511722842,
            "bmw": 0.000290051041739043
        },
        "CONF9": {
            "gsolv": {
                "gsolv": -0.016950324138633732,
                "energy_gas": -3184.782935740702,
                "energy_solv": -3184.799886064841
            },
            "gtot": -3184.799886064841,
            "bmw": 0.0035858832983395794
        },
        "CONF2": {
            "gsolv": {
                "gsolv": -0.016426828249223036,
                "energy_gas": -3184.787793120665,
                "energy_solv": -3184.804219948914
            },
            "gtot": -3184.804219948914,
            "bmw": 0.3532196346048472
        },
        "CONF1": {
            "gsolv": {
                "gsolv": -0.01606721110192666,
                "energy_gas": -3184.787518950993,
                "energy_solv": -3184.803586162095
            },
            "gtot": -3184.803586162095,
            "bmw": 0.18051906673103174
        },
        "CONF16": {
            "gsolv": {
                "gsolv": -0.016303836897805013,
                "energy_gas": -3184.781078562681,
                "energy_solv": -3184.797382399579
            },
            "gtot": -3184.797382399579,
            "bmw": 0.0002529238861960962
        }
    },
    "settings": {
        "threshold": 3.5,
        "func": "r2scan-3c",
        "basis": "def2-tzvp",
        "prog": "orca",
        "sm": "smd",
        "gfnv": "gfn2",
        "run": true,
        "implicit": false,
        "template": false
    },
    "nconf_in": 17,
    "nconf_out": 17
}