{
   "temperature":     298.150000000000,
   "unit": "hartree",
   "energy":     -24.060861758607,
   "free energy":     -23.905002654100,
   "G(T)":       0.155859104508,
   "ZPVE":       0.189614955572,
   "number of imags":0,
   "point group": "c1",
   "gradient norm":       0.000046897407
}
