{
   "temperature":     298.150000000000,
   "unit": "hartree",
   "energy":     -20.893287318939,
   "free energy":     -20.763105229744,
   "G(T)":       0.130182089195,
   "ZPVE":       0.162171165707,
   "number of imags":0,
   "point group": "c1",
   "gradient norm":       0.000081230698
}
