{
   "temperature":     298.150000000000,
   "unit": "hartree",
   "energy":     -25.306841589487,
   "free energy":     -25.117617173852,
   "G(T)":       0.189224415635,
   "ZPVE":       0.223632391360,
   "number of imags":0,
   "point group": "c1",
   "gradient norm":       0.000197082096
}
