{
   "temperature":     298.150000000000,
   "unit": "hartree",
   "energy":     -23.157543123977,
   "free energy":     -22.976518858083,
   "G(T)":       0.181024265894,
   "ZPVE":       0.214916971573,
   "number of imags":0,
   "point group": "c1",
   "gradient norm":       0.000032448606
}
