{
   "temperature":     298.150000000000,
   "unit": "hartree",
   "energy":     -23.965794182878,
   "free energy":     -23.856078660662,
   "G(T)":       0.109715522216,
   "ZPVE":       0.143613231700,
   "number of imags":0,
   "point group": "cs",
   "gradient norm":       0.000037933624
}
