{
    "partname": "prescreening",
    "runtime": 6.527954558841884,
    "results": {
        "CONF4": {
            "xtb_gsolv": {
                "gsolv": 0.0006818614680028645,
                "energy_xtb_gas": -16.906678408503,
                "energy_xtb_solv": -16.905996547035
            },
            "sp": {
                "energy": -555.912971184843
            },
            "gtot": -555.9122893233749,
            "bmw": 0.13078278503619192
        },
        "CONF7": {
            "xtb_gsolv": {
                "gsolv": 0.001027843842997811,
                "energy_xtb_gas": -16.905983099626,
                "energy_xtb_solv": -16.904955255783
            },
            "sp": {
                "energy": -555.913044456891
            },
            "gtot": -555.9120166130481,
            "bmw": 0.09797437778990614
        },
        "CONF5": {
            "xtb_gsolv": {
                "gsolv": 0.0007993736239981786,
                "energy_xtb_gas": -16.906798219332,
                "energy_xtb_solv": -16.905998845708
            },
            "sp": {
                "energy": -555.912156253822
            },
            "gtot": -555.911356880198,
            "bmw": 0.04871429351550509
        },
        "CONF11": {
            "xtb_gsolv": {
                "gsolv": 0.0003971842749983523,
                "energy_xtb_gas": -16.904584492597,
                "energy_xtb_solv": -16.904187308322
            },
            "sp": {
                "energy": -555.911058096828
            },
            "gtot": -555.910660912553,
            "bmw": 0.02330952647170188
        },
        "CONF14": {
            "xtb_gsolv": {
                "gsolv": 0.001197336937000415,
                "energy_xtb_gas": -16.90413901666,
                "energy_xtb_solv": -16.902941679723
            },
            "sp": {
                "energy": -555.908559167039
            },
            "gtot": -555.907361830102,
            "bmw": 0.0007080445174896551
        },
        "CONF2": {
            "xtb_gsolv": {
                "gsolv": 0.0007436995569989335,
                "energy_xtb_gas": -16.907498312241,
                "energy_xtb_solv": -16.906754612684
            },
            "sp": {
                "energy": -555.913018790493
            },
            "gtot": -555.912275090936,
            "bmw": 0.1288261751311301
        },
        "CONF1": {
            "xtb_gsolv": {
                "gsolv": 0.0006129331119986148,
                "energy_xtb_gas": -16.907511975246,
                "energy_xtb_solv": -16.906899042134
            },
            "sp": {
                "energy": -555.913283606115
            },
            "gtot": -555.9126706730029,
            "bmw": 0.19586609661757137
        },
        "CONF6": {
            "xtb_gsolv": {
                "gsolv": 0.0009114322940000363,
                "energy_xtb_gas": -16.90678139345,
                "energy_xtb_solv": -16.905869961156
            },
            "sp": {
                "energy": -555.913454596853
            },
            "gtot": -555.912543164559,
            "bmw": 0.17112341713661028
        },
        "CONF12": {
            "xtb_gsolv": {
                "gsolv": 0.00034448873200076946,
                "energy_xtb_gas": -16.904252562848,
                "energy_xtb_solv": -16.903908074116
            },
            "sp": {
                "energy": -555.911385407357
            },
            "gtot": -555.911040918625,
            "bmw": 0.03485974010674921
        },
        "CONF3": {
            "xtb_gsolv": {
                "gsolv": 0.0007347376949979889,
                "energy_xtb_gas": -16.906798640812,
                "energy_xtb_solv": -16.906063903117
            },
            "sp": {
                "energy": -555.911877268296
            },
            "gtot": -555.9111425306011,
            "bmw": 0.038820615665970094
        },
        "CONF9": {
            "xtb_gsolv": {
                "gsolv": 0.000317401943998874,
                "energy_xtb_gas": -16.905201770704,
                "energy_xtb_solv": -16.90488436876
            },
            "sp": {
                "energy": -555.911721405068
            },
            "gtot": -555.911404003124,
            "bmw": 0.051207250081643
        },
        "CONF8": {
            "xtb_gsolv": {
                "gsolv": 0.00039922420999971564,
                "energy_xtb_gas": -16.905289585106,
                "energy_xtb_solv": -16.904890360896
            },
            "sp": {
                "energy": -555.912070003052
            },
            "gtot": -555.911670778842,
            "bmw": 0.06792658646621293
        },
        "CONF10": {
            "xtb_gsolv": {
                "gsolv": 0.0005754071490002843,
                "energy_xtb_gas": -16.905083360699,
                "energy_xtb_solv": -16.90450795355
            },
            "sp": {
                "energy": -555.909505669438
            },
            "gtot": -555.908930262289,
            "bmw": 0.0037281161329878495
        },
        "CONF15": {
            "xtb_gsolv": {
                "gsolv": 0.00027230883500095615,
                "energy_xtb_gas": -16.902920202463,
                "energy_xtb_solv": -16.902647893628
            },
            "sp": {
                "energy": -555.908955212938
            },
            "gtot": -555.9086829041031,
            "bmw": 0.0028688810553160523
        },
        "CONF13": {
            "xtb_gsolv": {
                "gsolv": 0.0009751247399982788,
                "energy_xtb_gas": -16.903968817057,
                "energy_xtb_solv": -16.902993692317
            },
            "sp": {
                "energy": -555.909705623161
            },
            "gtot": -555.908730498421,
            "bmw": 0.003017202184776276
        },
        "CONF16": {
            "xtb_gsolv": {
                "gsolv": 0.0006456724080017295,
                "energy_xtb_gas": -16.903193117288,
                "energy_xtb_solv": -16.90254744488
            },
            "sp": {
                "energy": -555.907086297745
            },
            "gtot": -555.9064406253369,
            "bmw": 0.00026689209023823596
        }
    },
    "settings": {
        "threshold": 4.0,
        "func": "pbe-d4",
        "basis": "def2-sv(p)",
        "prog": "orca",
        "gfnv": "gfn2",
        "run": true,
        "template": false
    },
    "nconf_in": 16,
    "nconf_out": 16
}