{
    "partname": "screening",
    "runtime": 31.609455293044448,
    "results": {
        "CONF8": {
            "gsolv": {
                "gsolv": -0.0017619005390088205,
                "energy_gas": -556.555456127885,
                "energy_solv": -556.557218028424
            },
            "gtot": -556.557218028424,
            "bmw": 0.0781266388870077
        },
        "CONF2": {
            "gsolv": {
                "gsolv": -0.002034517193010288,
                "energy_gas": -556.556279750915,
                "energy_solv": -556.558314268108
            },
            "gtot": -556.558314268108,
            "bmw": 0.2494792856343498
        },
        "CONF1": {
            "gsolv": {
                "gsolv": -0.001444448765028028,
                "energy_gas": -556.555801863781,
                "energy_solv": -556.557246312546
            },
            "gtot": -556.557246312546,
            "bmw": 0.08050242006684019
        },
        "CONF5": {
            "gsolv": {
                "gsolv": -0.0021228365870911148,
                "energy_gas": -556.555358859514,
                "energy_solv": -556.557481696101
            },
            "gtot": -556.557481696101,
            "bmw": 0.10329466159598279
        },
        "CONF6": {
            "gsolv": {
                "gsolv": -0.0017829490119538605,
                "energy_gas": -556.556136566444,
                "energy_solv": -556.557919515456
            },
            "gtot": -556.557919515456,
            "bmw": 0.1642331567345254
        },
        "CONF11": {
            "gsolv": {
                "gsolv": -0.0018527086970152595,
                "energy_gas": -556.554445766974,
                "energy_solv": -556.556298475671
            },
            "gtot": -556.556298475671,
            "bmw": 0.029500824393936788
        },
        "CONF9": {
            "gsolv": {
                "gsolv": -0.0015113729849645097,
                "energy_gas": -556.554836303956,
                "energy_solv": -556.556347676941
            },
            "gtot": -556.556347676941,
            "bmw": 0.031078866434604845
        },
        "CONF16": {
            "gsolv": {
                "gsolv": -0.0017664286290255404,
                "energy_gas": -556.549995809193,
                "energy_solv": -556.551762237822
            },
            "gtot": -556.551762237822,
            "bmw": 0.00024171810057782732
        },
        "CONF3": {
            "gsolv": {
                "gsolv": -0.002058799773976716,
                "energy_gas": -556.555105802285,
                "energy_solv": -556.557164602059
            },
            "gtot": -556.557164602059,
            "bmw": 0.07382861374699906
        },
        "CONF4": {
            "gsolv": {
                "gsolv": -0.0014789966850230485,
                "energy_gas": -556.555205969242,
                "energy_solv": -556.556684965927
            },
            "gtot": -556.556684965927,
            "bmw": 0.04442294684380016
        },
        "CONF15": {
            "gsolv": {
                "gsolv": -0.0012484480040484414,
                "energy_gas": -556.551271509932,
                "energy_solv": -556.552519957936
            },
            "gtot": -556.552519957936,
            "bmw": 0.000539307301405436
        },
        "CONF10": {
            "gsolv": {
                "gsolv": -0.0014444647969185098,
                "energy_gas": -556.551211034641,
                "energy_solv": -556.552655499438
            },
            "gtot": -556.552655499438,
            "bmw": 0.0006225598019907602
        },
        "CONF7": {
            "gsolv": {
                "gsolv": -0.0020101466909636656,
                "energy_gas": -556.555631847354,
                "energy_solv": -556.557641994045
            },
            "gtot": -556.557641994045,
            "bmw": 0.12240800717660517
        },
        "CONF13": {
            "gsolv": {
                "gsolv": -0.0016397105830492364,
                "energy_gas": -556.551742225891,
                "energy_solv": -556.553381936474
            },
            "gtot": -556.553381936474,
            "bmw": 0.0013437515635939536
        },
        "CONF14": {
            "gsolv": {
                "gsolv": -0.0021844771549694997,
                "energy_gas": -556.551460742897,
                "energy_solv": -556.553645220052
            },
            "gtot": -556.553645220052,
            "bmw": 0.001775910380143372
        },
        "CONF12": {
            "gsolv": {
                "gsolv": -0.00147668647196042,
                "energy_gas": -556.554386345747,
                "energy_solv": -556.555863032219
            },
            "gtot": -556.555863032219,
            "bmw": 0.018601331337636792
        }
    },
    "settings": {
        "threshold": 3.5,
        "func": "r2scan-3c",
        "basis": "def2-tzvp",
        "prog": "orca",
        "sm": "smd",
        "gfnv": "gfn2",
        "run": true,
        "implicit": false,
        "template": false
    },
    "nconf_in": 16,
    "nconf_out": 16
}