{
    "partname": "refinement",
    "runtime": 146.29670508019626,
    "results": {
        "CONF11": {
            "gsolv": {
                "gsolv": -0.0017446792160171753,
                "energy_gas": -556.594073155548,
                "energy_solv": -556.595817834764
            },
            "gtot": -556.595817834764,
            "bmw": 0.027548965093297736
        },
        "CONF8": {
            "gsolv": {
                "gsolv": -0.001590863995033942,
                "energy_gas": -556.595064058808,
                "energy_solv": -556.596654922803
            },
            "gtot": -556.596654922803,
            "bmw": 0.06685580682953547
        },
        "CONF2": {
            "gsolv": {
                "gsolv": -0.0018046178379336197,
                "energy_gas": -556.595883658569,
                "energy_solv": -556.597688276407
            },
            "gtot": -556.597688276407,
            "bmw": 0.1997325702705739
        },
        "CONF9": {
            "gsolv": {
                "gsolv": -0.0014684842000178833,
                "energy_gas": -556.594530184604,
                "energy_solv": -556.595998668804
            },
            "gtot": -556.595998668804,
            "bmw": 0.033364390031948535
        },
        "CONF1": {
            "gsolv": {
                "gsolv": -0.0013670546030652986,
                "energy_gas": -556.595726419273,
                "energy_solv": -556.597093473876
            },
            "gtot": -556.597093473876,
            "bmw": 0.1063796763541361
        },
        "CONF6": {
            "gsolv": {
                "gsolv": -0.001739454659968942,
                "energy_gas": -556.595607573949,
                "energy_solv": -556.597347028609
            },
            "gtot": -556.597347028609,
            "bmw": 0.1391508196456406
        },
        "CONF3": {
            "gsolv": {
                "gsolv": -0.0018850588519399025,
                "energy_gas": -556.594809631345,
                "energy_solv": -556.596694690197
            },
            "gtot": -556.596694690197,
            "bmw": 0.06973179895286201
        },
        "CONF5": {
            "gsolv": {
                "gsolv": -0.001954442602936979,
                "energy_gas": -556.594990447359,
                "energy_solv": -556.596944889962
            },
            "gtot": -556.596944889962,
            "bmw": 0.09088972617959602
        },
        "CONF16": {
            "gsolv": {
                "gsolv": -0.0014238685630516557,
                "energy_gas": -556.595205333387,
                "energy_solv": -556.59662920195
            },
            "gtot": -556.59662920195,
            "bmw": 0.06505914639758857
        },
        "CONF12": {
            "gsolv": {
                "gsolv": -0.0013790857460662664,
                "energy_gas": -556.594300719234,
                "energy_solv": -556.59567980498
            },
            "gtot": -556.59567980498,
            "bmw": 0.02380213877133248
        },
        "CONF4": {
            "gsolv": {
                "gsolv": -0.0014267396979903424,
                "energy_gas": -556.595243526835,
                "energy_solv": -556.596670266533
            },
            "gtot": -556.596670266533,
            "bmw": 0.0679511422512878
        },
        "CONF7": {
            "gsolv": {
                "gsolv": -0.0020392469000398705,
                "energy_gas": -556.595081814899,
                "energy_solv": -556.597121061799
            },
            "gtot": -556.597121061799,
            "bmw": 0.1095338192222008
        }
    },
    "settings": {
        "threshold": 0.95,
        "func": "wb97x-v",
        "basis": "def2-tzvp",
        "prog": "orca",
        "sm": "smd",
        "gfnv": "gfn2",
        "run": true,
        "implicit": false,
        "template": false
    },
    "nconf_in": 12,
    "nconf_out": 12
}