{
   "temperature":     298.150000000000,
   "unit": "hartree",
   "energy":     -29.493893651139,
   "free energy":     -29.261406627233,
   "G(T)":       0.232487023906,
   "ZPVE":       0.270402055400,
   "number of imags":0,
   "point group": "c1",
   "gradient norm":       0.000030665331
}
