{
   "temperature":     298.150000000000,
   "unit": "hartree",
   "energy":     -26.197054209932,
   "free energy":     -26.037756142949,
   "G(T)":       0.159298066983,
   "ZPVE":       0.194701684868,
   "number of imags":0,
   "point group": "c2",
   "gradient norm":       0.000041665482
}
