{
   "temperature":     298.150000000000,
   "unit": "hartree",
   "energy":     -22.695990033903,
   "free energy":     -22.615201485850,
   "G(T)":       0.080788548052,
   "ZPVE":       0.112501097090,
   "number of imags":0,
   "point group": "c1",
   "gradient norm":       0.000054657919
}
