{
    "partname": "prescreening",
    "runtime": 11.613510156981647,
    "results": {
        "CONF1": {
            "xtb_gsolv": {
                "gsolv": -0.005359735304999447,
                "energy_xtb_gas": -29.453911454414,
                "energy_xtb_solv": -29.459271189719
            },
            "sp": {
                "energy": -424.449039179601
            },
            "gtot": -424.454398914906,
            "bmw": 0.3899188123929371
        },
        "CONF3": {
            "xtb_gsolv": {
                "gsolv": -0.005514390079000009,
                "energy_xtb_gas": -29.451287281668,
                "energy_xtb_solv": -29.456801671747
            },
            "sp": {
                "energy": -424.447315244629
            },
            "gtot": -424.452829634708,
            "bmw": 0.07398697357204903
        },
        "CONF4": {
            "xtb_gsolv": {
                "gsolv": -0.005461104702998654,
                "energy_xtb_gas": -29.44903731591,
                "energy_xtb_solv": -29.454498420613
            },
            "sp": {
                "energy": -424.443440835061
            },
            "gtot": -424.44890193976397,
            "bmw": 0.0011548900617109076
        },
        "CONF2": {
            "xtb_gsolv": {
                "gsolv": -0.005449268913999106,
                "energy_xtb_gas": -29.453704271385,
                "energy_xtb_solv": -29.459153540299
            },
            "sp": {
                "energy": -424.449248210865
            },
            "gtot": -424.454697479779,
            "bmw": 0.5349393239733029
        }
    },
    "settings": {
        "threshold": 4.0,
        "func": "pbe-d4",
        "basis": "def2-sv(p)",
        "prog": "orca",
        "gfnv": "gfn2",
        "run": true,
        "template": false
    },
    "nconf_in": 4,
    "nconf_out": 4
}