{
    "partname": "screening",
    "runtime": 81.58540442679077,
    "results": {
        "CONF3": {
            "gsolv": {
                "gsolv": -0.00816449346899617,
                "energy_gas": -425.2986695273,
                "energy_solv": -425.306834020769
            },
            "gtot": -425.306834020769,
            "bmw": 0.05756905767161932
        },
        "CONF2": {
            "gsolv": {
                "gsolv": -0.008253850155995224,
                "energy_gas": -425.300607605515,
                "energy_solv": -425.308861455671
            },
            "gtot": -425.308861455671,
            "bmw": 0.49288388992287013
        },
        "CONF4": {
            "gsolv": {
                "gsolv": -0.008295709647995864,
                "energy_gas": -425.294864385622,
                "energy_solv": -425.30316009527
            },
            "gtot": -425.30316009527,
            "bmw": 0.0011757104185775272
        },
        "CONF1": {
            "gsolv": {
                "gsolv": -0.007967285658992296,
                "energy_gas": -425.300804801268,
                "energy_solv": -425.308772086927
            },
            "gtot": -425.308772086927,
            "bmw": 0.4483713419869331
        }
    },
    "settings": {
        "threshold": 3.5,
        "func": "r2scan-3c",
        "basis": "def2-tzvp",
        "prog": "orca",
        "sm": "smd",
        "gfnv": "gfn2",
        "run": true,
        "implicit": false,
        "template": false
    },
    "nconf_in": 4,
    "nconf_out": 4
}