{
   "temperature":     298.150000000000,
   "unit": "hartree",
   "energy":     -23.034947826348,
   "free energy":     -22.902737239669,
   "G(T)":       0.132210586679,
   "ZPVE":       0.166425207237,
   "number of imags":0,
   "point group": "c1",
   "gradient norm":       0.000059819803
}
