{
   "temperature":     298.150000000000,
   "unit": "hartree",
   "energy":     -52.662847286308,
   "free energy":     -52.429464526736,
   "G(T)":       0.233382759573,
   "ZPVE":       0.283448039594,
   "number of imags":0,
   "point group": "c1",
   "gradient norm":       0.000047581673
}
