{
   "temperature":     298.150000000000,
   "unit": "hartree",
   "energy":     -26.278399760112,
   "free energy":     -26.156468826862,
   "G(T)":       0.121930933250,
   "ZPVE":       0.156391966620,
   "number of imags":0,
   "point group": "c1",
   "gradient norm":       0.000042245570
}
