{
    "partname": "prescreening",
    "runtime": 6.425998215563595,
    "results": {
        "CONF2": {
            "xtb_gsolv": {
                "gsolv": -0.003642687108001752,
                "energy_xtb_gas": -19.859915921065,
                "energy_xtb_solv": -19.863558608173
            },
            "sp": {
                "energy": -271.142647158843
            },
            "gtot": -271.146289845951,
            "bmw": 0.05596073019003824
        },
        "CONF1": {
            "xtb_gsolv": {
                "gsolv": -0.003394398232000384,
                "energy_xtb_gas": -19.860533157702,
                "energy_xtb_solv": -19.863927555934
            },
            "sp": {
                "energy": -271.145327935215
            },
            "gtot": -271.148722333447,
            "bmw": 0.7357837157675932
        },
        "CONF5": {
            "xtb_gsolv": {
                "gsolv": -0.003186931908999213,
                "energy_xtb_gas": -19.859606937131,
                "energy_xtb_solv": -19.86279386904
            },
            "sp": {
                "energy": -271.140647958097
            },
            "gtot": -271.143834890006,
            "bmw": 0.004156059937994974
        },
        "CONF7": {
            "xtb_gsolv": {
                "gsolv": -0.0031246849709987146,
                "energy_xtb_gas": -19.859182028168,
                "energy_xtb_solv": -19.862306713139
            },
            "sp": {
                "energy": -271.140841817005
            },
            "gtot": -271.143966501976,
            "bmw": 0.004777702660462595
        },
        "CONF4": {
            "xtb_gsolv": {
                "gsolv": -0.0032934330220015795,
                "energy_xtb_gas": -19.85992485783,
                "energy_xtb_solv": -19.863218290852
            },
            "sp": {
                "energy": -271.143818389384
            },
            "gtot": -271.14711182240603,
            "bmw": 0.13364920222652277
        },
        "CONF3": {
            "xtb_gsolv": {
                "gsolv": -0.003648838402000365,
                "energy_xtb_gas": -19.859909583042,
                "energy_xtb_solv": -19.863558421444
            },
            "sp": {
                "energy": -271.142727190823
            },
            "gtot": -271.146376029225,
            "bmw": 0.06130909912493836
        },
        "CONF6": {
            "xtb_gsolv": {
                "gsolv": -0.0034726835549996338,
                "energy_xtb_gas": -19.859299343602,
                "energy_xtb_solv": -19.862772027157
            },
            "sp": {
                "energy": -271.14040819266
            },
            "gtot": -271.143880876215,
            "bmw": 0.004363490092449991
        }
    },
    "settings": {
        "threshold": 4.0,
        "func": "pbe-d4",
        "basis": "def2-sv(p)",
        "prog": "orca",
        "gfnv": "gfn2",
        "run": true,
        "template": false
    },
    "nconf_in": 7,
    "nconf_out": 7
}