{
    "partname": "screening",
    "runtime": 37.55569081567228,
    "results": {
        "CONF1": {
            "gsolv": {
                "gsolv": -0.006231444968989308,
                "energy_gas": -271.705611231772,
                "energy_solv": -271.711842676741
            },
            "gtot": -271.711842676741,
            "bmw": 0.6293532451156745
        },
        "CONF4": {
            "gsolv": {
                "gsolv": -0.00620490509101046,
                "energy_gas": -271.704039227547,
                "energy_solv": -271.710244132638
            },
            "gtot": -271.710244132638,
            "bmw": 0.1157750787769688
        },
        "CONF3": {
            "gsolv": {
                "gsolv": -0.006947838152996155,
                "energy_gas": -271.703244157633,
                "energy_solv": -271.710191995786
            },
            "gtot": -271.710191995786,
            "bmw": 0.1095554011051199
        },
        "CONF2": {
            "gsolv": {
                "gsolv": -0.0069342452750333905,
                "energy_gas": -271.703264102534,
                "energy_solv": -271.710198347809
            },
            "gtot": -271.710198347809,
            "bmw": 0.11029492293766038
        },
        "CONF5": {
            "gsolv": {
                "gsolv": -0.0066692061939761516,
                "energy_gas": -271.701442666057,
                "energy_solv": -271.708111872251
            },
            "gtot": -271.708111872251,
            "bmw": 0.012101611232810932
        },
        "CONF6": {
            "gsolv": {
                "gsolv": -0.007152876002976427,
                "energy_gas": -271.701165851146,
                "energy_solv": -271.708318727149
            },
            "gtot": -271.708318727149,
            "bmw": 0.015065719037387801
        },
        "CONF7": {
            "gsolv": {
                "gsolv": -0.006341870920948622,
                "energy_gas": -271.701361818523,
                "energy_solv": -271.707703689444
            },
            "gtot": -271.707703689444,
            "bmw": 0.007854021794377808
        }
    },
    "settings": {
        "threshold": 3.5,
        "func": "r2scan-3c",
        "basis": "def2-tzvp",
        "prog": "orca",
        "sm": "smd",
        "gfnv": "gfn2",
        "run": true,
        "implicit": false,
        "template": false
    },
    "nconf_in": 7,
    "nconf_out": 7
}