{
    "partname": "refinement",
    "runtime": 172.74692155141383,
    "results": {
        "CONF1": {
            "gsolv": {
                "gsolv": -0.007319963768054549,
                "energy_gas": -271.794774250909,
                "energy_solv": -271.802094214677
            },
            "gtot": -271.802094214677,
            "bmw": 0.49979455034476905
        },
        "CONF4": {
            "gsolv": {
                "gsolv": -0.007406284468004287,
                "energy_gas": -271.794688706138,
                "energy_solv": -271.802094990606
            },
            "gtot": -271.802094990606,
            "bmw": 0.500205449655231
        }
    },
    "settings": {
        "threshold": 0.95,
        "func": "wb97x-v",
        "basis": "def2-tzvp",
        "prog": "orca",
        "sm": "smd",
        "gfnv": "gfn2",
        "run": true,
        "implicit": false,
        "template": false
    },
    "nconf_in": 2,
    "nconf_out": 2
}