{
    "partname": "prescreening",
    "runtime": 6.568758110515773,
    "results": {
        "CONF1": {
            "xtb_gsolv": {
                "gsolv": -0.0009634481559999131,
                "energy_xtb_gas": -17.24121809711,
                "energy_xtb_solv": -17.242181545266
            },
            "sp": {
                "energy": -2730.887682633804
            },
            "gtot": -2730.8886460819604,
            "bmw": 0.30587488661005546
        },
        "CONF2": {
            "xtb_gsolv": {
                "gsolv": -0.000985918263999963,
                "energy_xtb_gas": -17.240974514949,
                "energy_xtb_solv": -17.241960433213
            },
            "sp": {
                "energy": -2730.887865468343
            },
            "gtot": -2730.8888513866073,
            "bmw": 0.38016963177848756
        },
        "CONF3": {
            "xtb_gsolv": {
                "gsolv": -0.0009633155300008411,
                "energy_xtb_gas": -17.240388338559,
                "energy_xtb_solv": -17.241351654089
            },
            "sp": {
                "energy": -2730.887188388521
            },
            "gtot": -2730.888151704051,
            "bmw": 0.18119479738193503
        },
        "CONF4": {
            "xtb_gsolv": {
                "gsolv": -0.0010276522720005232,
                "energy_xtb_gas": -17.240308880948,
                "energy_xtb_solv": -17.24133653322
            },
            "sp": {
                "energy": -2730.886808738021
            },
            "gtot": -2730.887836390293,
            "bmw": 0.12975121536921955
        },
        "CONF5": {
            "xtb_gsolv": {
                "gsolv": -0.0008409523120000983,
                "energy_xtb_gas": -17.23850420862,
                "energy_xtb_solv": -17.239345160932
            },
            "sp": {
                "energy": -2730.883441666828
            },
            "gtot": -2730.88428261914,
            "bmw": 0.00300946886030238
        }
    },
    "settings": {
        "threshold": 4.0,
        "func": "pbe-d4",
        "basis": "def2-sv(p)",
        "prog": "orca",
        "gfnv": "gfn2",
        "run": true,
        "template": false
    },
    "nconf_in": 5,
    "nconf_out": 5
}