{
    "partname": "screening",
    "runtime": 34.70031460095197,
    "results": {
        "CONF2": {
            "gsolv": {
                "gsolv": -0.0021644386779371416,
                "energy_gas": -2731.931994143948,
                "energy_solv": -2731.934158582626
            },
            "gtot": -2731.934158582626,
            "bmw": 0.40054474302972964
        },
        "CONF1": {
            "gsolv": {
                "gsolv": -0.0018244506150040252,
                "energy_gas": -2731.931990949794,
                "energy_solv": -2731.933815400409
            },
            "gtot": -2731.933815400409,
            "bmw": 0.27848265007655915
        },
        "CONF4": {
            "gsolv": {
                "gsolv": -0.0022648269909950614,
                "energy_gas": -2731.930907200358,
                "energy_solv": -2731.933172027349
            },
            "gtot": -2731.933172027349,
            "bmw": 0.14088573436930016
        },
        "CONF3": {
            "gsolv": {
                "gsolv": -0.0018008945016845246,
                "energy_gas": -2731.931584228147,
                "energy_solv": -2731.933385122649
            },
            "gtot": -2731.933385122649,
            "bmw": 0.17655664727601644
        },
        "CONF5": {
            "gsolv": {
                "gsolv": -0.00174605037591391,
                "energy_gas": -2731.92794516082,
                "energy_solv": -2731.929691211196
            },
            "gtot": -2731.929691211196,
            "bmw": 0.003530225248394538
        }
    },
    "settings": {
        "threshold": 3.5,
        "func": "r2scan-3c",
        "basis": "def2-tzvp",
        "prog": "orca",
        "sm": "smd",
        "gfnv": "gfn2",
        "run": true,
        "implicit": false,
        "template": false
    },
    "nconf_in": 5,
    "nconf_out": 5
}