{
   "temperature":     298.150000000000,
   "unit": "hartree",
   "energy":     -44.048665198274,
   "free energy":     -43.881480928159,
   "G(T)":       0.167184270116,
   "ZPVE":       0.211440582700,
   "number of imags":0,
   "point group": "c1",
   "gradient norm":       0.000052317757
}
