{
   "temperature":     298.150000000000,
   "unit": "hartree",
   "energy":     -24.057402050962,
   "free energy":     -23.900217562937,
   "G(T)":       0.157184488025,
   "ZPVE":       0.190393981333,
   "number of imags":0,
   "point group": "c1",
   "gradient norm":       0.000079189420
}
