{
   "temperature":     298.150000000000,
   "unit": "hartree",
   "energy":     -24.060793806842,
   "free energy":     -23.904763512445,
   "G(T)":       0.156030294396,
   "ZPVE":       0.189697728298,
   "number of imags":0,
   "point group": "c1",
   "gradient norm":       0.000053076094
}
