{
   "temperature":     298.150000000000,
   "unit": "hartree",
   "energy":     -25.310514634894,
   "free energy":     -25.121886699009,
   "G(T)":       0.188627935885,
   "ZPVE":       0.223375236694,
   "number of imags":0,
   "point group": "c1",
   "gradient norm":       0.000046228440
}
