{
   "temperature":     298.150000000000,
   "unit": "hartree",
   "energy":     -41.498968372795,
   "free energy":     -41.367520374884,
   "G(T)":       0.131447997911,
   "ZPVE":       0.171890446293,
   "number of imags":0,
   "point group": "c1",
   "gradient norm":       0.000072810429
}
