{
   "temperature":     298.150000000000,
   "unit": "hartree",
   "energy":     -28.541732591189,
   "free energy":     -28.367301181634,
   "G(T)":       0.174431409555,
   "ZPVE":       0.209702017862,
   "number of imags":0,
   "point group": "c1",
   "gradient norm":       0.000063353554
}
