{
   "temperature":     298.150000000000,
   "unit": "hartree",
   "energy":     -20.895442524553,
   "free energy":     -20.766009201455,
   "G(T)":       0.129433323098,
   "ZPVE":       0.161780108170,
   "number of imags":0,
   "point group": "c1",
   "gradient norm":       0.000059784957
}
