{
   "temperature":     298.150000000000,
   "unit": "hartree",
   "energy":     -32.358860572075,
   "free energy":     -32.221563513510,
   "G(T)":       0.137297058565,
   "ZPVE":       0.175259288611,
   "number of imags":0,
   "point group": "c1",
   "gradient norm":       0.000061871005
}
