{
    "partname": "prescreening",
    "runtime": 10.509808164089918,
    "results": {
        "CONF4": {
            "xtb_gsolv": {
                "gsolv": -0.010159429392999186,
                "energy_xtb_gas": -23.953820911461,
                "energy_xtb_solv": -23.963980340854
            },
            "sp": {
                "energy": -346.245789754748
            },
            "gtot": -346.255949184141,
            "bmw": 0.06710054930342751
        },
        "CONF6": {
            "xtb_gsolv": {
                "gsolv": -0.010146765651999345,
                "energy_xtb_gas": -23.953817495947,
                "energy_xtb_solv": -23.963964261599
            },
            "sp": {
                "energy": -346.245758546033
            },
            "gtot": -346.255905311685,
            "bmw": 0.06405398334899559
        },
        "CONF3": {
            "xtb_gsolv": {
                "gsolv": -0.01031632744500044,
                "energy_xtb_gas": -23.954242396126,
                "energy_xtb_solv": -23.964558723571
            },
            "sp": {
                "energy": -346.245273231765
            },
            "gtot": -346.25558955921,
            "bmw": 0.04584690863886981
        },
        "CONF5": {
            "xtb_gsolv": {
                "gsolv": -0.010148747188999607,
                "energy_xtb_gas": -23.953822964759,
                "energy_xtb_solv": -23.963971711948
            },
            "sp": {
                "energy": -346.245716457486
            },
            "gtot": -346.25586520467505,
            "bmw": 0.061390079381455284
        },
        "CONF10": {
            "xtb_gsolv": {
                "gsolv": -0.011825958212000387,
                "energy_xtb_gas": -23.945066154923,
                "energy_xtb_solv": -23.956892113135
            },
            "sp": {
                "energy": -346.237942530341
            },
            "gtot": -346.249768488553,
            "bmw": 9.633916870499522e-05
        },
        "CONF1": {
            "xtb_gsolv": {
                "gsolv": -0.01038532448500007,
                "energy_xtb_gas": -23.955144138576,
                "energy_xtb_solv": -23.965529463061
            },
            "sp": {
                "energy": -346.247560905339
            },
            "gtot": -346.25794622982403,
            "bmw": 0.556292884452178
        },
        "CONF2": {
            "xtb_gsolv": {
                "gsolv": -0.010566726150003092,
                "energy_xtb_gas": -23.954673719497,
                "energy_xtb_solv": -23.965240445647
            },
            "sp": {
                "energy": -346.246088126078
            },
            "gtot": -346.256654852228,
            "bmw": 0.1416807761789333
        },
        "CONF9": {
            "xtb_gsolv": {
                "gsolv": -0.01273268302299968,
                "energy_xtb_gas": -23.945008197408,
                "energy_xtb_solv": -23.957740880431
            },
            "sp": {
                "energy": -346.239847290531
            },
            "gtot": -346.25257997355396,
            "bmw": 0.0018923282767652012
        },
        "CONF7": {
            "xtb_gsolv": {
                "gsolv": -0.010136806925999053,
                "energy_xtb_gas": -23.953824617827,
                "energy_xtb_solv": -23.963961424753
            },
            "sp": {
                "energy": -346.245665045718
            },
            "gtot": -346.255801852644,
            "bmw": 0.057406131007490514
        },
        "CONF11": {
            "xtb_gsolv": {
                "gsolv": -0.012301316628001047,
                "energy_xtb_gas": -23.943760104475,
                "energy_xtb_solv": -23.956061421103
            },
            "sp": {
                "energy": -346.238128628145
            },
            "gtot": -346.250429944773,
            "bmw": 0.00019411169207569798
        },
        "CONF8": {
            "xtb_gsolv": {
                "gsolv": -0.011223833608998035,
                "energy_xtb_gas": -23.950858557381,
                "energy_xtb_solv": -23.96208239099
            },
            "sp": {
                "energy": -346.242073623483
            },
            "gtot": -346.253297457092,
            "bmw": 0.004045908551104242
        }
    },
    "settings": {
        "threshold": 4.0,
        "func": "pbe-d4",
        "basis": "def2-sv(p)",
        "prog": "orca",
        "gfnv": "gfn2",
        "run": true,
        "template": false
    },
    "nconf_in": 11,
    "nconf_out": 9
}