{
    "partname": "screening",
    "runtime": 57.20970231574029,
    "results": {
        "CONF7": {
            "gsolv": {
                "gsolv": -0.008065494442007548,
                "energy_gas": -346.948127217313,
                "energy_solv": -346.956192711755
            },
            "gtot": -346.956192711755,
            "bmw": 0.012596610903145301
        },
        "CONF9": {
            "gsolv": {
                "gsolv": -0.014538076731014371,
                "energy_gas": -346.943790088377,
                "energy_solv": -346.958328165108
            },
            "gtot": -346.958328165108,
            "bmw": 0.12091892164377402
        },
        "CONF1": {
            "gsolv": {
                "gsolv": -0.009221388171965827,
                "energy_gas": -346.950458480233,
                "energy_solv": -346.959679868405
            },
            "gtot": -346.959679868405,
            "bmw": 0.5060981440442132
        },
        "CONF6": {
            "gsolv": {
                "gsolv": -0.00800525412199704,
                "energy_gas": -346.948244878985,
                "energy_solv": -346.956250133107
            },
            "gtot": -346.956250133107,
            "bmw": 0.013386458880145835
        },
        "CONF8": {
            "gsolv": {
                "gsolv": -0.009392242578030618,
                "energy_gas": -346.944458185138,
                "energy_solv": -346.953850427716
            },
            "gtot": -346.953850427716,
            "bmw": 0.0010540898551747297
        },
        "CONF4": {
            "gsolv": {
                "gsolv": -0.007851595207000628,
                "energy_gas": -346.948495563291,
                "energy_solv": -346.956347158498
            },
            "gtot": -346.956347158498,
            "bmw": 0.01483523051436759
        },
        "CONF5": {
            "gsolv": {
                "gsolv": -0.007888119174026542,
                "energy_gas": -346.948401142433,
                "energy_solv": -346.956289261607
            },
            "gtot": -346.956289261607,
            "bmw": 0.013952870789598221
        },
        "CONF2": {
            "gsolv": {
                "gsolv": -0.009829795894006566,
                "energy_gas": -346.949280660535,
                "energy_solv": -346.959110456429
            },
            "gtot": -346.959110456429,
            "bmw": 0.2769002612296348
        },
        "CONF3": {
            "gsolv": {
                "gsolv": -0.009168329228998573,
                "energy_gas": -346.94812139789,
                "energy_solv": -346.957289727119
            },
            "gtot": -346.957289727119,
            "bmw": 0.04025741213994651
        }
    },
    "settings": {
        "threshold": 3.5,
        "func": "r2scan-3c",
        "basis": "def2-tzvp",
        "prog": "orca",
        "sm": "smd",
        "gfnv": "gfn2",
        "run": true,
        "implicit": false,
        "template": false
    },
    "nconf_in": 9,
    "nconf_out": 9
}