{
   "temperature":     298.150000000000,
   "unit": "hartree",
   "energy":     -24.056012556166,
   "free energy":     -23.901010908474,
   "G(T)":       0.155001647693,
   "ZPVE":       0.190033788533,
   "number of imags":0,
   "point group": "c1",
   "gradient norm":       0.000028935882
}
