{
   "temperature":     298.150000000000,
   "unit": "hartree",
   "energy":     -19.867070131916,
   "free energy":     -19.760134922431,
   "G(T)":       0.106935209484,
   "ZPVE":       0.139009666701,
   "number of imags":0,
   "point group": "c1",
   "gradient norm":       0.000043314566
}
