{
   "temperature":     298.150000000000,
   "unit": "hartree",
   "energy":     -23.954534886549,
   "free energy":     -23.847317442930,
   "G(T)":       0.107217443619,
   "ZPVE":       0.143102131692,
   "number of imags":0,
   "point group": "c1",
   "gradient norm":       0.000057089050
}
