{
   "temperature":     298.150000000000,
   "unit": "hartree",
   "energy":     -24.059278140766,
   "free energy":     -23.902651489305,
   "G(T)":       0.156626651461,
   "ZPVE":       0.190034601541,
   "number of imags":0,
   "point group": "c1",
   "gradient norm":       0.000083762072
}
