{
   "temperature":     298.150000000000,
   "unit": "hartree",
   "energy":     -25.307523101357,
   "free energy":     -25.119787796827,
   "G(T)":       0.187735304530,
   "ZPVE":       0.223586435628,
   "number of imags":0,
   "point group": "c1",
   "gradient norm":       0.000068498679
}
