{
   "temperature":     298.150000000000,
   "unit": "hartree",
   "energy":     -20.894344005283,
   "free energy":     -20.764195355550,
   "G(T)":       0.130148649733,
   "ZPVE":       0.162069902369,
   "number of imags":0,
   "point group": "c1",
   "gradient norm":       0.000062558349
}
