{
   "temperature":     298.150000000000,
   "unit": "hartree",
   "energy":     -23.954566085210,
   "free energy":     -23.847869421025,
   "G(T)":       0.106696664185,
   "ZPVE":       0.142696428392,
   "number of imags":0,
   "point group": "c1",
   "gradient norm":       0.000053561335
}
