{
   "temperature":     298.150000000000,
   "unit": "hartree",
   "energy":     -17.243164950093,
   "free energy":     -17.154302248022,
   "G(T)":       0.088862702072,
   "ZPVE":       0.121123898406,
   "number of imags":0,
   "point group": "c1",
   "gradient norm":       0.000023371559
}
