{
   "temperature":     298.150000000000,
   "unit": "hartree",
   "energy":     -26.895638680981,
   "free energy":     -26.839600620905,
   "G(T)":       0.056038060076,
   "ZPVE":       0.089968383473,
   "number of imags":0,
   "point group": "c1",
   "gradient norm":       0.000112555167
}
