{
   "temperature":     298.150000000000,
   "unit": "hartree",
   "energy":     -29.488635304229,
   "free energy":     -29.254545087586,
   "G(T)":       0.234090216643,
   "ZPVE":       0.270906929514,
   "number of imags":0,
   "point group": "c1",
   "gradient norm":       0.000018295938
}
