{
   "temperature":     298.150000000000,
   "unit": "hartree",
   "energy":     -23.959202444216,
   "free energy":     -23.851173349395,
   "G(T)":       0.108029094821,
   "ZPVE":       0.142978781142,
   "number of imags":0,
   "point group": "c1",
   "gradient norm":       0.000035683214
}
