{
   "temperature":     298.150000000000,
   "unit": "hartree",
   "energy":     -26.892149333632,
   "free energy":     -26.838026471689,
   "G(T)":       0.054122861943,
   "ZPVE":       0.089378568626,
   "number of imags":0,
   "point group": "c1",
   "gradient norm":       0.000112896684
}
