{
   "temperature":     298.150000000000,
   "unit": "hartree",
   "energy":     -24.063932150037,
   "free energy":     -23.907632695846,
   "G(T)":       0.156299454191,
   "ZPVE":       0.189596994521,
   "number of imags":0,
   "point group": "c1",
   "gradient norm":       0.000070667451
}
