{
   "temperature":     298.150000000000,
   "unit": "hartree",
   "energy":     -36.577601041514,
   "free energy":     -36.447889056823,
   "G(T)":       0.129711984691,
   "ZPVE":       0.168889627094,
   "number of imags":0,
   "point group": "cs",
   "gradient norm":       0.000025107129
}
