{
   "temperature":     298.150000000000,
   "unit": "hartree",
   "energy":     -41.505956555409,
   "free energy":     -41.426270194949,
   "G(T)":       0.079686360460,
   "ZPVE":       0.121648454199,
   "number of imags":0,
   "point group": "c1",
   "gradient norm":       0.000086169443
}
