{
   "temperature":     298.150000000000,
   "unit": "hartree",
   "energy":     -18.942205185149,
   "free energy":     -18.812333433824,
   "G(T)":       0.129871751325,
   "ZPVE":       0.162660260632,
   "number of imags":0,
   "point group": "c1",
   "gradient norm":       0.000028022157
}
