{
   "temperature":     298.150000000000,
   "unit": "hartree",
   "energy":     -20.894383131591,
   "free energy":     -20.764195937652,
   "G(T)":       0.130187193939,
   "ZPVE":       0.162103757104,
   "number of imags":0,
   "point group": "c1",
   "gradient norm":       0.000051121743
}
