{
   "temperature":     298.150000000000,
   "unit": "hartree",
   "energy":     -22.693809949482,
   "free energy":     -22.613217406191,
   "G(T)":       0.080592543291,
   "ZPVE":       0.112561652847,
   "number of imags":0,
   "point group": "c1",
   "gradient norm":       0.000079652552
}
