{
   "temperature":     298.150000000000,
   "unit": "hartree",
   "energy":     -24.060960834288,
   "free energy":     -23.904053897698,
   "G(T)":       0.156906936590,
   "ZPVE":       0.190172895809,
   "number of imags":0,
   "point group": "c1",
   "gradient norm":       0.000190859106
}
