{
    "partname": "prescreening",
    "runtime": 13.195822030771524,
    "results": {
        "CONF1": {
            "xtb_gsolv": {
                "gsolv": -0.006483368883998253,
                "energy_xtb_gas": -32.482111666026,
                "energy_xtb_solv": -32.48859503491
            },
            "sp": {
                "energy": -498.356485272631
            },
            "gtot": -498.362968641515,
            "bmw": 0.46144809800074826
        },
        "CONF2": {
            "xtb_gsolv": {
                "gsolv": -0.006660825000999182,
                "energy_xtb_gas": -32.481684049486,
                "energy_xtb_solv": -32.488344874487
            },
            "sp": {
                "energy": -498.356427349982
            },
            "gtot": -498.36308817498303,
            "bmw": 0.5237263798586785
        },
        "CONF3": {
            "xtb_gsolv": {
                "gsolv": -0.00653319576699829,
                "energy_xtb_gas": -32.479021399314,
                "energy_xtb_solv": -32.485554595081
            },
            "sp": {
                "energy": -498.353189323537
            },
            "gtot": -498.359722519304,
            "bmw": 0.014825522140573245
        }
    },
    "settings": {
        "threshold": 4.0,
        "func": "pbe-d4",
        "basis": "def2-sv(p)",
        "prog": "orca",
        "gfnv": "gfn2",
        "run": true,
        "template": false
    },
    "nconf_in": 3,
    "nconf_out": 3
}