{
    "partname": "screening",
    "runtime": 83.91318051703274,
    "results": {
        "CONF2": {
            "gsolv": {
                "gsolv": -0.010411080497988223,
                "energy_gas": -499.304153447262,
                "energy_solv": -499.31456452776
            },
            "gtot": -499.31456452776,
            "bmw": 0.5218755064110298
        },
        "CONF1": {
            "gsolv": {
                "gsolv": -0.010190831418981361,
                "energy_gas": -499.304228577888,
                "energy_solv": -499.314419409307
            },
            "gtot": -499.314419409307,
            "bmw": 0.44752473734645226
        },
        "CONF3": {
            "gsolv": {
                "gsolv": -0.010659634647993244,
                "energy_gas": -499.301226775249,
                "energy_solv": -499.311886409897
            },
            "gtot": -499.311886409897,
            "bmw": 0.030599756242518067
        }
    },
    "settings": {
        "threshold": 3.5,
        "func": "r2scan-3c",
        "basis": "def2-tzvp",
        "prog": "orca",
        "sm": "smd",
        "gfnv": "gfn2",
        "run": true,
        "implicit": false,
        "template": false
    },
    "nconf_in": 3,
    "nconf_out": 3
}