{
   "temperature":     298.150000000000,
   "unit": "hartree",
   "energy":     -19.990386999798,
   "free energy":     -19.835346498521,
   "G(T)":       0.155040501277,
   "ZPVE":       0.187182429054,
   "number of imags":0,
   "point group": "c1",
   "gradient norm":       0.000171493103
}
