{
   "temperature":     298.150000000000,
   "unit": "hartree",
   "energy":     -22.696158701579,
   "free energy":     -22.615052507852,
   "G(T)":       0.081106193727,
   "ZPVE":       0.112741161851,
   "number of imags":0,
   "point group": "c1",
   "gradient norm":       0.000077438121
}
