{
   "temperature":     298.150000000000,
   "unit": "hartree",
   "energy":     -20.895490844526,
   "free energy":     -20.765873969087,
   "G(T)":       0.129616875438,
   "ZPVE":       0.161972451061,
   "number of imags":0,
   "point group": "c1",
   "gradient norm":       0.000026706226
}
