{
   "temperature":     298.150000000000,
   "unit": "hartree",
   "energy":     -36.591377344958,
   "free energy":     -36.460267046155,
   "G(T)":       0.131110298803,
   "ZPVE":       0.169682178551,
   "number of imags":0,
   "point group": "c1",
   "gradient norm":       0.000031394343
}
