{
   "temperature":     298.150000000000,
   "unit": "hartree",
   "energy":     -24.060956493096,
   "free energy":     -23.905425731668,
   "G(T)":       0.155530761429,
   "ZPVE":       0.189806985173,
   "number of imags":0,
   "point group": "c1",
   "gradient norm":       0.000039752602
}
