{
   "temperature":     298.150000000000,
   "unit": "hartree",
   "energy":     -20.892599510398,
   "free energy":     -20.762559755699,
   "G(T)":       0.130039754700,
   "ZPVE":       0.162058845491,
   "number of imags":0,
   "point group": "c1",
   "gradient norm":       0.000031944286
}
