{
   "temperature":     298.150000000000,
   "unit": "hartree",
   "energy":     -42.342854695448,
   "free energy":     -42.205460089233,
   "G(T)":       0.137394606215,
   "ZPVE":       0.179573434729,
   "number of imags":0,
   "point group": "c1",
   "gradient norm":       0.000045881814
}
