{
   "temperature":     298.150000000000,
   "unit": "hartree",
   "energy":     -24.056813543420,
   "free energy":     -23.900324362408,
   "G(T)":       0.156489181012,
   "ZPVE":       0.190083022807,
   "number of imags":0,
   "point group": "c1",
   "gradient norm":       0.000047920159
}
