{
   "temperature":     298.150000000000,
   "unit": "hartree",
   "energy":     -20.785466321394,
   "free energy":     -20.701843694104,
   "G(T)":       0.083622627291,
   "ZPVE":       0.115161239987,
   "number of imags":0,
   "point group": "c1",
   "gradient norm":       0.000021325160
}
