{
   "temperature":     298.150000000000,
   "unit": "hartree",
   "energy":     -23.159192206811,
   "free energy":     -22.978182533530,
   "G(T)":       0.181009673280,
   "ZPVE":       0.214947314860,
   "number of imags":0,
   "point group": "c1",
   "gradient norm":       0.000058061560
}
