{
   "temperature":     298.150000000000,
   "unit": "hartree",
   "energy":     -19.864607635348,
   "free energy":     -19.756918408912,
   "G(T)":       0.107689226436,
   "ZPVE":       0.139351622318,
   "number of imags":0,
   "point group": "c2",
   "gradient norm":       0.000049126202
}
