{
   "temperature":     298.150000000000,
   "unit": "hartree",
   "energy":     -22.695314152080,
   "free energy":     -22.613990415483,
   "G(T)":       0.081323736597,
   "ZPVE":       0.112807518513,
   "number of imags":0,
   "point group": "c1",
   "gradient norm":       0.000049506082
}
