{
   "temperature":     298.150000000000,
   "unit": "hartree",
   "energy":     -23.957731974211,
   "free energy":     -23.849023967662,
   "G(T)":       0.108708006549,
   "ZPVE":       0.143457709792,
   "number of imags":0,
   "point group": "c1",
   "gradient norm":       0.000029245753
}
