{
   "temperature":     298.150000000000,
   "unit": "hartree",
   "energy":     -24.055273621654,
   "free energy":     -23.899086262714,
   "G(T)":       0.156187358940,
   "ZPVE":       0.190016210615,
   "number of imags":0,
   "point group": "c1",
   "gradient norm":       0.000031929726
}
