{
   "temperature":     298.150000000000,
   "unit": "hartree",
   "energy":     -18.619091357762,
   "free energy":     -18.540359944194,
   "G(T)":       0.078731413568,
   "ZPVE":       0.108950991185,
   "number of imags":0,
   "point group": "c1",
   "gradient norm":       0.000081710262
}
