{
   "temperature":     298.150000000000,
   "unit": "hartree",
   "energy":     -24.060890409209,
   "free energy":     -23.904640503977,
   "G(T)":       0.156249905232,
   "ZPVE":       0.189864590137,
   "number of imags":0,
   "point group": "c1",
   "gradient norm":       0.000024221159
}
