{
   "temperature":     298.150000000000,
   "unit": "hartree",
   "energy":     -30.343616548081,
   "free energy":     -30.220045733423,
   "G(T)":       0.123570814658,
   "ZPVE":       0.159598735193,
   "number of imags":0,
   "point group": "c1",
   "gradient norm":       0.000100534396
}
