{
   "temperature":     298.150000000000,
   "unit": "hartree",
   "energy":     -19.989116702350,
   "free energy":     -19.833260188489,
   "G(T)":       0.155856513861,
   "ZPVE":       0.187445651145,
   "number of imags":0,
   "point group": "c1",
   "gradient norm":       0.000112293883
}
