{
   "temperature":     298.150000000000,
   "unit": "hartree",
   "energy":     -20.894820168289,
   "free energy":     -20.764702815554,
   "G(T)":       0.130117352735,
   "ZPVE":       0.162149208273,
   "number of imags":0,
   "point group": "c1",
   "gradient norm":       0.000033108998
}
