{
   "temperature":     298.150000000000,
   "unit": "hartree",
   "energy":     -23.958479516121,
   "free energy":     -23.853793082646,
   "G(T)":       0.104686433475,
   "ZPVE":       0.142660072112,
   "number of imags":0,
   "point group": "c1",
   "gradient norm":       0.000029534780
}
