{
   "temperature":     298.150000000000,
   "unit": "hartree",
   "energy":     -28.548197711219,
   "free energy":     -28.374967734359,
   "G(T)":       0.173229976860,
   "ZPVE":       0.209143413580,
   "number of imags":0,
   "point group": "c1",
   "gradient norm":       0.000103075541
}
