{
   "temperature":     298.150000000000,
   "unit": "hartree",
   "energy":     -24.062669308763,
   "free energy":     -23.906799621556,
   "G(T)":       0.155869687206,
   "ZPVE":       0.189757283462,
   "number of imags":0,
   "point group": "c1",
   "gradient norm":       0.000124657356
}
