{
   "temperature":     298.150000000000,
   "unit": "hartree",
   "energy":     -26.282366900706,
   "free energy":     -26.159485162681,
   "G(T)":       0.122881738024,
   "ZPVE":       0.156535223609,
   "number of imags":0,
   "point group": "cs",
   "gradient norm":       0.000073105697
}
