{
   "temperature":     298.150000000000,
   "unit": "hartree",
   "energy":     -23.958583037984,
   "free energy":     -23.850156821652,
   "G(T)":       0.108426216332,
   "ZPVE":       0.143028852027,
   "number of imags":0,
   "point group": "c1",
   "gradient norm":       0.000041845821
}
