{
    "partname": "prescreening",
    "runtime": 34.195657544070855,
    "results": {
        "CONF9": {
            "xtb_gsolv": {
                "gsolv": -0.01135539446300271,
                "energy_xtb_gas": -39.968849248447,
                "energy_xtb_solv": -39.98020464291
            },
            "sp": {
                "energy": -1397.090020764463
            },
            "gtot": -1397.1013761589259,
            "bmw": 0.0003508446656845408
        },
        "CONF1": {
            "xtb_gsolv": {
                "gsolv": -0.012036610103997702,
                "energy_xtb_gas": -39.972680275654,
                "energy_xtb_solv": -39.984716885758
            },
            "sp": {
                "energy": -1397.094107785999
            },
            "gtot": -1397.106144396103,
            "bmw": 0.05474597081138115
        },
        "CONF3": {
            "xtb_gsolv": {
                "gsolv": -0.010869195443000024,
                "energy_xtb_gas": -39.973348116557,
                "energy_xtb_solv": -39.984217312
            },
            "sp": {
                "energy": -1397.094032698685
            },
            "gtot": -1397.104901894128,
            "bmw": 0.014683879555641696
        },
        "CONF2": {
            "xtb_gsolv": {
                "gsolv": -0.012184516910004106,
                "energy_xtb_gas": -39.972291001924,
                "energy_xtb_solv": -39.984475518834
            },
            "sp": {
                "energy": -1397.09584258578
            },
            "gtot": -1397.1080271026901,
            "bmw": 0.40210293897593125
        },
        "CONF6": {
            "xtb_gsolv": {
                "gsolv": -0.012135380933997908,
                "energy_xtb_gas": -39.971605581675,
                "energy_xtb_solv": -39.983740962609
            },
            "sp": {
                "energy": -1397.095488215258
            },
            "gtot": -1397.107623596192,
            "bmw": 0.26226304886613927
        },
        "CONF5": {
            "xtb_gsolv": {
                "gsolv": -0.011074263185001598,
                "energy_xtb_gas": -39.972949360411,
                "energy_xtb_solv": -39.984023623596
            },
            "sp": {
                "energy": -1397.095766318304
            },
            "gtot": -1397.106840581489,
            "bmw": 0.11443932116258007
        },
        "CONF8": {
            "xtb_gsolv": {
                "gsolv": -0.011015864020997412,
                "energy_xtb_gas": -39.972257383192,
                "energy_xtb_solv": -39.983273247213
            },
            "sp": {
                "energy": -1397.095340854014
            },
            "gtot": -1397.106356718035,
            "bmw": 0.06855095193582078
        },
        "CONF4": {
            "xtb_gsolv": {
                "gsolv": -0.012533903746003716,
                "energy_xtb_gas": -39.971543856474,
                "energy_xtb_solv": -39.98407776022
            },
            "sp": {
                "energy": -1397.093793378004
            },
            "gtot": -1397.10632728175,
            "bmw": 0.06644674882753128
        },
        "CONF12": {
            "xtb_gsolv": {
                "gsolv": -0.011309566565998352,
                "energy_xtb_gas": -39.96832867448,
                "energy_xtb_solv": -39.979638241046
            },
            "sp": {
                "energy": -1397.088910226566
            },
            "gtot": -1397.100219793132,
            "bmw": 0.00010309163575828536
        },
        "CONF7": {
            "xtb_gsolv": {
                "gsolv": -0.011269280679002236,
                "energy_xtb_gas": -39.972258402303,
                "energy_xtb_solv": -39.983527682982
            },
            "sp": {
                "energy": -1397.093694506769
            },
            "gtot": -1397.104963787448,
            "bmw": 0.01567868988429193
        },
        "CONF11": {
            "xtb_gsolv": {
                "gsolv": -0.0115207333640015,
                "energy_xtb_gas": -39.968179758938,
                "energy_xtb_solv": -39.979700492302
            },
            "sp": {
                "energy": -1397.088460067381
            },
            "gtot": -1397.099980800745,
            "bmw": 8.003768929603283e-05
        },
        "CONF16": {
            "xtb_gsolv": {
                "gsolv": -0.011453356924000957,
                "energy_xtb_gas": -39.967465450291,
                "energy_xtb_solv": -39.978918807215
            },
            "sp": {
                "energy": -1397.086666650828
            },
            "gtot": -1397.098120007752,
            "bmw": 1.115293090584201e-05
        },
        "CONF13": {
            "xtb_gsolv": {
                "gsolv": -0.011523247131002279,
                "energy_xtb_gas": -39.967488168799,
                "energy_xtb_solv": -39.97901141593
            },
            "sp": {
                "energy": -1397.087198615305
            },
            "gtot": -1397.098721862436,
            "bmw": 2.109711176511909e-05
        },
        "CONF10": {
            "xtb_gsolv": {
                "gsolv": -0.011190455784998221,
                "energy_xtb_gas": -39.968957183217,
                "energy_xtb_solv": -39.980147639002
            },
            "sp": {
                "energy": -1397.090330109222
            },
            "gtot": -1397.101520565007,
            "bmw": 0.0004088246534678215
        },
        "CONF15": {
            "xtb_gsolv": {
                "gsolv": -0.011539523979003263,
                "energy_xtb_gas": -39.967452334883,
                "energy_xtb_solv": -39.978991858862
            },
            "sp": {
                "energy": -1397.087059611617
            },
            "gtot": -1397.098599135596,
            "bmw": 1.8525612036884457e-05
        },
        "CONF14": {
            "xtb_gsolv": {
                "gsolv": -0.011512286049999432,
                "energy_xtb_gas": -39.967485472589,
                "energy_xtb_solv": -39.978997758639
            },
            "sp": {
                "energy": -1397.087113853818
            },
            "gtot": -1397.098626139868,
            "bmw": 1.906310632267144e-05
        },
        "CONF17": {
            "xtb_gsolv": {
                "gsolv": -0.011306407108996552,
                "energy_xtb_gas": -39.967596430881,
                "energy_xtb_solv": -39.97890283799
            },
            "sp": {
                "energy": -1397.087123875753
            },
            "gtot": -1397.098430282862,
            "bmw": 1.5491935612805693e-05
        },
        "CONF18": {
            "xtb_gsolv": {
                "gsolv": -0.011243176729998083,
                "energy_xtb_gas": -39.967611881758,
                "energy_xtb_solv": -39.978855058488
            },
            "sp": {
                "energy": -1397.087058906675
            },
            "gtot": -1397.098302083405,
            "bmw": 1.3525023081849884e-05
        },
        "CONF20": {
            "xtb_gsolv": {
                "gsolv": -0.011505118511998091,
                "energy_xtb_gas": -39.966983415235,
                "energy_xtb_solv": -39.978488533747
            },
            "sp": {
                "energy": -1397.087151560798
            },
            "gtot": -1397.0986566793101,
            "bmw": 1.9689778979385497e-05
        },
        "CONF21": {
            "xtb_gsolv": {
                "gsolv": -0.011106914077998908,
                "energy_xtb_gas": -39.967230125538,
                "energy_xtb_solv": -39.978337039616
            },
            "sp": {
                "energy": -1397.086691317606
            },
            "gtot": -1397.097798231684,
            "bmw": 7.931991964718289e-06
        },
        "CONF19": {
            "xtb_gsolv": {
                "gsolv": -0.011550568677996864,
                "energy_xtb_gas": -39.966971464483,
                "energy_xtb_solv": -39.978522033161
            },