{
    "partname": "screening",
    "runtime": 112.3581651749555,
    "results": {
        "CONF5": {
            "gsolv": {
                "gsolv": -0.012338185601038276,
                "energy_gas": -1398.619224604055,
                "energy_solv": -1398.631562789656
            },
            "gtot": -1398.631562789656,
            "bmw": 0.15872607994679575
        },
        "CONF8": {
            "gsolv": {
                "gsolv": -0.012581288017827319,
                "energy_gas": -1398.618635106791,
                "energy_solv": -1398.631216394809
            },
            "gtot": -1398.631216394809,
            "bmw": 0.10998100652294837
        },
        "CONF7": {
            "gsolv": {
                "gsolv": -0.012955264958918633,
                "energy_gas": -1398.617581772371,
                "energy_solv": -1398.63053703733
            },
            "gtot": -1398.63053703733,
            "bmw": 0.053559298476333804
        },
        "CONF3": {
            "gsolv": {
                "gsolv": -0.012981617381001342,
                "energy_gas": -1398.617477096784,
                "energy_solv": -1398.630458714165
            },
            "gtot": -1398.630458714165,
            "bmw": 0.049295663653495865
        },
        "CONF2": {
            "gsolv": {
                "gsolv": -0.012887022686982164,
                "energy_gas": -1398.619107788379,
                "energy_solv": -1398.631994811066
            },
            "gtot": -1398.631994811066,
            "bmw": 0.25082128237172785
        },
        "CONF6": {
            "gsolv": {
                "gsolv": -0.013075234503048705,
                "energy_gas": -1398.618542455153,
                "energy_solv": -1398.631617689656
            },
            "gtot": -1398.631617689656,
            "bmw": 0.16822887574579337
        },
        "CONF1": {
            "gsolv": {
                "gsolv": -0.01365339094400042,
                "energy_gas": -1398.617354636705,
                "energy_solv": -1398.631008027649
            },
            "gtot": -1398.631008027649,
            "bmw": 0.08820139024867836
        },
        "CONF4": {
            "gsolv": {
                "gsolv": -0.013707125008977528,
                "energy_gas": -1398.617600876587,
                "energy_solv": -1398.631308001596
            },
            "gtot": -1398.631308001596,
            "bmw": 0.1211864030342268
        }
    },
    "settings": {
        "threshold": 3.5,
        "func": "r2scan-3c",
        "basis": "def2-tzvp",
        "prog": "orca",
        "sm": "smd",
        "gfnv": "gfn2",
        "run": true,
        "implicit": false,
        "template": false
    },
    "nconf_in": 8,
    "nconf_out": 8
}