{
   "temperature":     298.150000000000,
   "unit": "hartree",
   "energy":     -24.060004659279,
   "free energy":     -23.904176196971,
   "G(T)":       0.155828462308,
   "ZPVE":       0.189740745375,
   "number of imags":0,
   "point group": "c1",
   "gradient norm":       0.000046181763
}
