{
   "temperature":     298.150000000000,
   "unit": "hartree",
   "energy":     -22.694850405795,
   "free energy":     -22.613484325115,
   "G(T)":       0.081366080679,
   "ZPVE":       0.112607267828,
   "number of imags":0,
   "point group": "c1",
   "gradient norm":       0.000059242193
}
