{
   "temperature":     298.150000000000,
   "unit": "hartree",
   "energy":     -34.423153244704,
   "free energy":     -34.296494187193,
   "G(T)":       0.126659057511,
   "ZPVE":       0.163073182202,
   "number of imags":0,
   "point group": "cs",
   "gradient norm":       0.000037160864
}
