{
   "temperature":     298.150000000000,
   "unit": "hartree",
   "energy":     -18.619257796257,
   "free energy":     -18.540899044706,
   "G(T)":       0.078358751551,
   "ZPVE":       0.108663991281,
   "number of imags":0,
   "point group": "c1",
   "gradient norm":       0.000030125231
}
