{
   "temperature":     298.150000000000,
   "unit": "hartree",
   "energy":     -25.307669444947,
   "free energy":     -25.119662417131,
   "G(T)":       0.188007027816,
   "ZPVE":       0.223391117036,
   "number of imags":0,
   "point group": "c1",
   "gradient norm":       0.000136701919
}
