{
   "temperature":     298.150000000000,
   "unit": "hartree",
   "energy":     -52.662847947671,
   "free energy":     -52.429361877851,
   "G(T)":       0.233486069820,
   "ZPVE":       0.283464472106,
   "number of imags":0,
   "point group": "c1",
   "gradient norm":       0.000111560432
}
