{
   "temperature":     298.150000000000,
   "unit": "hartree",
   "energy":     -17.088475612073,
   "free energy":     -16.972035229784,
   "G(T)":       0.116440382289,
   "ZPVE":       0.146790494194,
   "number of imags":0,
   "point group": "c1",
   "gradient norm":       0.000032611610
}
