{
   "temperature":     298.150000000000,
   "unit": "hartree",
   "energy":     -23.958559562976,
   "free energy":     -23.850493793119,
   "G(T)":       0.108065769856,
   "ZPVE":       0.142938966540,
   "number of imags":0,
   "point group": "c1",
   "gradient norm":       0.000050033782
}
