{
   "temperature":     298.150000000000,
   "unit": "hartree",
   "energy":     -22.694270766463,
   "free energy":     -22.614180602226,
   "G(T)":       0.080090164238,
   "ZPVE":       0.111961045096,
   "number of imags":0,
   "point group": "c1",
   "gradient norm":       0.000065158676
}
