{
   "temperature":     298.150000000000,
   "unit": "hartree",
   "energy":     -23.957395895603,
   "free energy":     -23.851185101087,
   "G(T)":       0.106210794515,
   "ZPVE":       0.142731817067,
   "number of imags":0,
   "point group": "c1",
   "gradient norm":       0.000033506297
}
