{
   "temperature":     298.150000000000,
   "unit": "hartree",
   "energy":     -24.059130045750,
   "free energy":     -23.903719963531,
   "G(T)":       0.155410082219,
   "ZPVE":       0.189950382023,
   "number of imags":0,
   "point group": "c1",
   "gradient norm":       0.000065448165
}
