{
   "temperature":     298.150000000000,
   "unit": "hartree",
   "energy":     -24.060405063777,
   "free energy":     -23.905061674956,
   "G(T)":       0.155343388821,
   "ZPVE":       0.189584916529,
   "number of imags":0,
   "point group": "c1",
   "gradient norm":       0.000051488575
}
