{
   "temperature":     298.150000000000,
   "unit": "hartree",
   "energy":     -26.193742832371,
   "free energy":     -26.034127457096,
   "G(T)":       0.159615375275,
   "ZPVE":       0.195060806307,
   "number of imags":0,
   "point group": "c1",
   "gradient norm":       0.000070067061
}
