{
   "temperature":     298.150000000000,
   "unit": "hartree",
   "energy":     -17.875391468942,
   "free energy":     -17.767233505620,
   "G(T)":       0.108157963322,
   "ZPVE":       0.139681416089,
   "number of imags":0,
   "point group": "c1",
   "gradient norm":       0.000022042947
}
