{
   "temperature":     298.150000000000,
   "unit": "hartree",
   "energy":     -39.985837441198,
   "free energy":     -39.868497319472,
   "G(T)":       0.117340121726,
   "ZPVE":       0.159197775395,
   "number of imags":0,
   "point group": "cs",
   "gradient norm":       0.000045481453
}
