{
   "temperature":     298.150000000000,
   "unit": "hartree",
   "energy":     -20.898592728858,
   "free energy":     -20.768673877953,
   "G(T)":       0.129918850905,
   "ZPVE":       0.161993600660,
   "number of imags":0,
   "point group": "c1",
   "gradient norm":       0.000051407390
}
