{
   "temperature":     298.150000000000,
   "unit": "hartree",
   "energy":     -24.056382317259,
   "free energy":     -23.900198514314,
   "G(T)":       0.156183802945,
   "ZPVE":       0.189976208281,
   "number of imags":0,
   "point group": "c1",
   "gradient norm":       0.000034139737
}
