{
   "temperature":     298.150000000000,
   "unit": "hartree",
   "energy":     -29.491196854120,
   "free energy":     -29.258731578519,
   "G(T)":       0.232465275601,
   "ZPVE":       0.270579510565,
   "number of imags":0,
   "point group": "c1",
   "gradient norm":       0.000063486614
}
