{
   "temperature":     298.150000000000,
   "unit": "hartree",
   "energy":     -20.893253800140,
   "free energy":     -20.762770515853,
   "G(T)":       0.130483284287,
   "ZPVE":       0.162182896217,
   "number of imags":0,
   "point group": "c1",
   "gradient norm":       0.000075510018
}
