{
   "temperature":     298.150000000000,
   "unit": "hartree",
   "energy":     -16.907879040628,
   "free energy":     -16.809993522320,
   "G(T)":       0.097885518308,
   "ZPVE":       0.129457404051,
   "number of imags":0,
   "point group": "c1",
   "gradient norm":       0.000027665568
}
