{
    "partname": "prescreening",
    "runtime": 14.706095784902573,
    "results": {
        "CONF8": {
            "xtb_gsolv": {
                "gsolv": -0.006325456342004543,
                "energy_xtb_gas": -32.350154569736,
                "energy_xtb_solv": -32.356480026078
            },
            "sp": {
                "energy": -495.510357352309
            },
            "gtot": -495.51668280865096,
            "bmw": 0.15986760539741468
        },
        "CONF2": {
            "xtb_gsolv": {
                "gsolv": -0.006391000739000674,
                "energy_xtb_gas": -32.350636680483,
                "energy_xtb_solv": -32.357027681222
            },
            "sp": {
                "energy": -495.510351707707
            },
            "gtot": -495.51674270844603,
            "bmw": 0.17033836268047312
        },
        "CONF3": {
            "xtb_gsolv": {
                "gsolv": -0.006505689016996996,
                "energy_xtb_gas": -32.35017492181,
                "energy_xtb_solv": -32.356680610827
            },
            "sp": {
                "energy": -495.509543348815
            },
            "gtot": -495.516049037832,
            "bmw": 0.08170451794468722
        },
        "CONF7": {
            "xtb_gsolv": {
                "gsolv": -0.006354254591002473,
                "energy_xtb_gas": -32.350233013254,
                "energy_xtb_solv": -32.356587267845
            },
            "sp": {
                "energy": -495.510079398928
            },
            "gtot": -495.516433653519,
            "bmw": 0.12278831569196194
        },
        "CONF5": {
            "xtb_gsolv": {
                "gsolv": -0.006462014869001109,
                "energy_xtb_gas": -32.3501670883,
                "energy_xtb_solv": -32.356629103169
            },
            "sp": {
                "energy": -495.509412734466
            },
            "gtot": -495.515874749335,
            "bmw": 0.06793270572174348
        },
        "CONF6": {
            "xtb_gsolv": {
                "gsolv": -0.006480430115999525,
                "energy_xtb_gas": -32.3501352254,
                "energy_xtb_solv": -32.356615655516
            },
            "sp": {
                "energy": -495.509323464141
            },
            "gtot": -495.51580389425703,
            "bmw": 0.06302136896017667
        },
        "CONF4": {
            "xtb_gsolv": {
                "gsolv": -0.006403067988003386,
                "energy_xtb_gas": -32.350255260778,
                "energy_xtb_solv": -32.356658328766
            },
            "sp": {
                "energy": -495.50969391503
            },
            "gtot": -495.51609698301803,
            "bmw": 0.08596057879464698
        },
        "CONF1": {
            "xtb_gsolv": {
                "gsolv": -0.006340168765994747,
                "energy_xtb_gas": -32.350737631915,
                "energy_xtb_solv": -32.357077800681
            },
            "sp": {
                "energy": -495.510651846271
            },
            "gtot": -495.516992015037,
            "bmw": 0.22181226801832007
        },
        "CONF9": {
            "xtb_gsolv": {
                "gsolv": -0.0063758706420031785,
                "energy_xtb_gas": -32.348917781194,
                "energy_xtb_solv": -32.355293651836
            },
            "sp": {
                "energy": -495.508612692445
            },
            "gtot": -495.514988563087,
            "bmw": 0.02657427679057598
        }
    },
    "settings": {
        "threshold": 4.0,
        "func": "pbe-d4",
        "basis": "def2-sv(p)",
        "prog": "orca",
        "gfnv": "gfn2",
        "run": true,
        "template": false
    },
    "nconf_in": 9,
    "nconf_out": 9
}