{
    "partname": "screening",
    "runtime": 109.31405814085156,
    "results": {
        "CONF3": {
            "gsolv": {
                "gsolv": -0.01599392935099786,
                "energy_gas": -496.440148236866,
                "energy_solv": -496.456142166217
            },
            "gtot": -496.456142166217,
            "bmw": 0.10978620454879875
        },
        "CONF9": {
            "gsolv": {
                "gsolv": -0.014588631618039472,
                "energy_gas": -496.43969795281,
                "energy_solv": -496.454286584428
            },
            "gtot": -496.454286584428,
            "bmw": 0.015382935847936595
        },
        "CONF1": {
            "gsolv": {
                "gsolv": -0.014877478856988091,
                "energy_gas": -496.44178144228,
                "energy_solv": -496.456658921137
            },
            "gtot": -496.456658921137,
            "bmw": 0.189774816977701
        },
        "CONF5": {
            "gsolv": {
                "gsolv": -0.015503024444001312,
                "energy_gas": -496.440243423147,
                "energy_solv": -496.455746447591
            },
            "gtot": -496.455746447591,
            "bmw": 0.07219877064155539
        },
        "CONF7": {
            "gsolv": {
                "gsolv": -0.014627203156010182,
                "energy_gas": -496.441440008531,
                "energy_solv": -496.456067211687
            },
            "gtot": -496.456067211687,
            "bmw": 0.10140773297643417
        },
        "CONF6": {
            "gsolv": {
                "gsolv": -0.01568225112100663,
                "energy_gas": -496.440129209081,
                "energy_solv": -496.455811460202
            },
            "gtot": -496.455811460202,
            "bmw": 0.07734522974550806
        },
        "CONF4": {
            "gsolv": {
                "gsolv": -0.014973560369014649,
                "energy_gas": -496.440774489081,
                "energy_solv": -496.45574804945
            },
            "gtot": -496.45574804945,
            "bmw": 0.07232136373200088
        },
        "CONF2": {
            "gsolv": {
                "gsolv": -0.0152616697009762,
                "energy_gas": -496.441326787941,
                "energy_solv": -496.456588457642
            },
            "gtot": -496.456588457642,
            "bmw": 0.17612768104914242
        },
        "CONF8": {
            "gsolv": {
                "gsolv": -0.01452063464796538,
                "energy_gas": -496.44211756481,
                "energy_solv": -496.456638199458
            },
            "gtot": -496.456638199458,
            "bmw": 0.18565526448092265
        }
    },
    "settings": {
        "threshold": 3.5,
        "func": "r2scan-3c",
        "basis": "def2-tzvp",
        "prog": "orca",
        "sm": "smd",
        "gfnv": "gfn2",
        "run": true,
        "implicit": false,
        "template": false
    },
    "nconf_in": 9,
    "nconf_out": 9
}