{
   "temperature":     298.150000000000,
   "unit": "hartree",
   "energy":     -23.161171926923,
   "free energy":     -22.979856431783,
   "G(T)":       0.181315495140,
   "ZPVE":       0.214690824341,
   "number of imags":0,
   "point group": "c2",
   "gradient norm":       0.000064707006
}
