{
   "temperature":     298.150000000000,
   "unit": "hartree",
   "energy":     -22.695518977486,
   "free energy":     -22.614611528628,
   "G(T)":       0.080907448858,
   "ZPVE":       0.112480465135,
   "number of imags":0,
   "point group": "c1",
   "gradient norm":       0.000040005217
}
