{
   "temperature":     298.150000000000,
   "unit": "hartree",
   "energy":     -22.703205819006,
   "free energy":     -22.621916568585,
   "G(T)":       0.081289250421,
   "ZPVE":       0.112648710094,
   "number of imags":0,
   "point group": "c1",
   "gradient norm":       0.000037441488
}
