{
   "temperature":     298.150000000000,
   "unit": "hartree",
   "energy":     -24.061025944130,
   "free energy":     -23.905800669983,
   "G(T)":       0.155225274147,
   "ZPVE":       0.189736210864,
   "number of imags":0,
   "point group": "c1",
   "gradient norm":       0.000033178315
}
