{
   "temperature":     298.150000000000,
   "unit": "hartree",
   "energy":     -23.958591051306,
   "free energy":     -23.851379794423,
   "G(T)":       0.107211256883,
   "ZPVE":       0.142849770904,
   "number of imags":0,
   "point group": "c1",
   "gradient norm":       0.000104208853
}
