{
   "temperature":     298.150000000000,
   "unit": "hartree",
   "energy":     -16.908713194290,
   "free energy":     -16.810734921503,
   "G(T)":       0.097978272787,
   "ZPVE":       0.129396104957,
   "number of imags":0,
   "point group": "c1",
   "gradient norm":       0.000023274838
}
