{
    "partname": "prescreening",
    "runtime": 14.577532032504678,
    "results": {
        "CONF1": {
            "xtb_gsolv": {
                "gsolv": -0.013094395097994038,
                "energy_xtb_gas": -36.576469791721,
                "energy_xtb_solv": -36.589564186819
            },
            "sp": {
                "energy": -573.464423070928
            },
            "gtot": -573.477517466026,
            "bmw": 0.18728604727459772
        },
        "CONF6": {
            "xtb_gsolv": {
                "gsolv": -0.013597642484000971,
                "energy_xtb_gas": -36.575412452032,
                "energy_xtb_solv": -36.589010094516
            },
            "sp": {
                "energy": -573.463393915538
            },
            "gtot": -573.476991558022,
            "bmw": 0.10730117718051387
        },
        "CONF2": {
            "xtb_gsolv": {
                "gsolv": -0.013218862312001534,
                "energy_xtb_gas": -36.576246403064,
                "energy_xtb_solv": -36.589465265376
            },
            "sp": {
                "energy": -573.464321216604
            },
            "gtot": -573.477540078916,
            "bmw": 0.1918256300274193
        },
        "CONF3": {
            "xtb_gsolv": {
                "gsolv": -0.013475114425993695,
                "energy_xtb_gas": -36.575775770653,
                "energy_xtb_solv": -36.589250885079
            },
            "sp": {
                "energy": -573.464110044816
            },
            "gtot": -573.477585159242,
            "bmw": 0.20120656548552568
        },
        "CONF4": {
            "xtb_gsolv": {
                "gsolv": -0.01363264589100055,
                "energy_xtb_gas": -36.575519734223,
                "energy_xtb_solv": -36.589152380114
            },
            "sp": {
                "energy": -573.464043514642
            },
            "gtot": -573.477676160533,
            "bmw": 0.22156433019086197
        },
        "CONF5": {
            "xtb_gsolv": {
                "gsolv": -0.013344377995004209,
                "energy_xtb_gas": -36.575787816619,
                "energy_xtb_solv": -36.589132194614
            },
            "sp": {
                "energy": -573.46348968886
            },
            "gtot": -573.4768340668551,
            "bmw": 0.09081624984108158
        }
    },
    "settings": {
        "threshold": 4.0,
        "func": "pbe-d4",
        "basis": "def2-sv(p)",
        "prog": "orca",
        "gfnv": "gfn2",
        "run": true,
        "template": false
    },
    "nconf_in": 6,
    "nconf_out": 6
}