{
    "partname": "screening",
    "runtime": 96.9074475299567,
    "results": {
        "CONF4": {
            "gsolv": {
                "gsolv": -0.013965629067001828,
                "energy_gas": -574.553913657759,
                "energy_solv": -574.567879286826
            },
            "gtot": -574.567879286826,
            "bmw": 0.33874346429391755
        },
        "CONF5": {
            "gsolv": {
                "gsolv": -0.013003391293977984,
                "energy_gas": -574.552377524384,
                "energy_solv": -574.565380915678
            },
            "gtot": -574.565380915678,
            "bmw": 0.024027010779432117
        },
        "CONF6": {
            "gsolv": {
                "gsolv": -0.013379811494019123,
                "energy_gas": -574.552562536161,
                "energy_solv": -574.565942347655
            },
            "gtot": -574.565942347655,
            "bmw": 0.04354522881648378
        },
        "CONF3": {
            "gsolv": {
                "gsolv": -0.013829294361926259,
                "energy_gas": -574.554023524691,
                "energy_solv": -574.567852819053
            },
            "gtot": -574.567852819053,
            "bmw": 0.329379519608283
        },
        "CONF1": {
            "gsolv": {
                "gsolv": -0.013091939036030453,
                "energy_gas": -574.553899458969,
                "energy_solv": -574.566991398005
            },
            "gtot": -574.566991398005,
            "bmw": 0.13227273601648978
        },
        "CONF2": {
            "gsolv": {
                "gsolv": -0.013189863199954743,
                "energy_gas": -574.553799815117,
                "energy_solv": -574.566989678317
            },
            "gtot": -574.566989678317,
            "bmw": 0.13203204048539371
        }
    },
    "settings": {
        "threshold": 3.5,
        "func": "r2scan-3c",
        "basis": "def2-tzvp",
        "prog": "orca",
        "sm": "smd",
        "gfnv": "gfn2",
        "run": true,
        "implicit": false,
        "template": false
    },
    "nconf_in": 6,
    "nconf_out": 6
}