{
   "temperature":     298.150000000000,
   "unit": "hartree",
   "energy":     -44.048547798712,
   "free energy":     -43.882426697185,
   "G(T)":       0.166121101527,
   "ZPVE":       0.211321499169,
   "number of imags":0,
   "point group": "c1",
   "gradient norm":       0.000199158517
}
