{
   "temperature":     298.150000000000,
   "unit": "hartree",
   "energy":     -25.309101626806,
   "free energy":     -25.120188969124,
   "G(T)":       0.188912657682,
   "ZPVE":       0.223624926824,
   "number of imags":0,
   "point group": "c1",
   "gradient norm":       0.000020025871
}
