{
   "temperature":     298.150000000000,
   "unit": "hartree",
   "energy":     -20.892115152144,
   "free energy":     -20.762590914911,
   "G(T)":       0.129524237233,
   "ZPVE":       0.162020348337,
   "number of imags":0,
   "point group": "c1",
   "gradient norm":       0.000023338728
}
