{
   "temperature":     298.150000000000,
   "unit": "hartree",
   "energy":     -23.957951285492,
   "free energy":     -23.850260051471,
   "G(T)":       0.107691234021,
   "ZPVE":       0.143195512665,
   "number of imags":0,
   "point group": "c1",
   "gradient norm":       0.000134097626
}
