{
   "temperature":     298.150000000000,
   "unit": "hartree",
   "energy":     -23.158422625430,
   "free energy":     -22.978005251017,
   "G(T)":       0.180417374413,
   "ZPVE":       0.214759368152,
   "number of imags":0,
   "point group": "c1",
   "gradient norm":       0.000028832413
}
