{
   "temperature":     298.150000000000,
   "unit": "hartree",
   "energy":     -31.102255101412,
   "free energy":     -31.068516077704,
   "G(T)":       0.033739023708,
   "ZPVE":       0.069420160094,
   "number of imags":0,
   "point group": "cs",
   "gradient norm":       0.000030875606
}
