{
   "temperature":     298.150000000000,
   "unit": "hartree",
   "energy":     -23.158827126725,
   "free energy":     -22.977523897997,
   "G(T)":       0.181303228729,
   "ZPVE":       0.214583839488,
   "number of imags":0,
   "point group": "c2",
   "gradient norm":       0.000063819632
}
