{
   "temperature":     298.150000000000,
   "unit": "hartree",
   "energy":     -39.649131214208,
   "free energy":     -39.537996836742,
   "G(T)":       0.111134377466,
   "ZPVE":       0.150559555622,
   "number of imags":0,
   "point group": "c1",
   "gradient norm":       0.000044599550
}
