{
   "temperature":     298.150000000000,
   "unit": "hartree",
   "energy":     -44.044506709781,
   "free energy":     -43.877992684963,
   "G(T)":       0.166514024818,
   "ZPVE":       0.211419384605,
   "number of imags":0,
   "point group": "c1",
   "gradient norm":       0.000097622457
}
