{
   "temperature":     298.150000000000,
   "unit": "hartree",
   "energy":     -18.189187709525,
   "free energy":     -18.091358847944,
   "G(T)":       0.097828861581,
   "ZPVE":       0.129394469383,
   "number of imags":0,
   "point group": "c1",
   "gradient norm":       0.000062859852
}
