{
   "temperature":     298.150000000000,
   "unit": "hartree",
   "energy":     -52.662847735885,
   "free energy":     -52.429462742804,
   "G(T)":       0.233384993081,
   "ZPVE":       0.283447308390,
   "number of imags":0,
   "point group": "c1",
   "gradient norm":       0.000054453146
}
