{
   "temperature":     298.150000000000,
   "unit": "hartree",
   "energy":     -27.126398898762,
   "free energy":     -26.992029104844,
   "G(T)":       0.134369793918,
   "ZPVE":       0.170845154012,
   "number of imags":0,
   "point group": "c1",
   "gradient norm":       0.000119813738
}
