{
   "temperature":     298.150000000000,
   "unit": "hartree",
   "energy":     -17.978291284415,
   "free energy":     -17.886764972940,
   "G(T)":       0.091526311475,
   "ZPVE":       0.121825268509,
   "number of imags":0,
   "point group": "cs",
   "gradient norm":       0.000020331099
}
