{
   "temperature":     298.150000000000,
   "unit": "hartree",
   "energy":     -24.060029205809,
   "free energy":     -23.906826453705,
   "G(T)":       0.153202752104,
   "ZPVE":       0.190089698673,
   "number of imags":0,
   "point group": "c1",
   "gradient norm":       0.000042141295
}
