{
   "temperature":     298.150000000000,
   "unit": "hartree",
   "energy":     -25.308226987035,
   "free energy":     -25.119951327973,
   "G(T)":       0.188275659061,
   "ZPVE":       0.223442530619,
   "number of imags":0,
   "point group": "c1",
   "gradient norm":       0.000060076390
}
