{
   "temperature":     298.150000000000,
   "unit": "hartree",
   "energy":     -22.692264595222,
   "free energy":     -22.611734304354,
   "G(T)":       0.080530290868,
   "ZPVE":       0.112441901994,
   "number of imags":0,
   "point group": "c1",
   "gradient norm":       0.000049273729
}
