{
   "temperature":     298.150000000000,
   "unit": "hartree",
   "energy":     -20.895560595437,
   "free energy":     -20.765062117142,
   "G(T)":       0.130498478295,
   "ZPVE":       0.162305893622,
   "number of imags":0,
   "point group": "c1",
   "gradient norm":       0.000058409777
}
