{
   "temperature":     298.150000000000,
   "unit": "hartree",
   "energy":     -23.957307715580,
   "free energy":     -23.850066659107,
   "G(T)":       0.107241056473,
   "ZPVE":       0.143207074511,
   "number of imags":0,
   "point group": "c1",
   "gradient norm":       0.000054882413
}
