{
   "temperature":     298.150000000000,
   "unit": "hartree",
   "energy":     -42.342808900269,
   "free energy":     -42.206264025556,
   "G(T)":       0.136544874713,
   "ZPVE":       0.179463543069,
   "number of imags":0,
   "point group": "c1",
   "gradient norm":       0.000053500206
}
