{
   "temperature":     298.150000000000,
   "unit": "hartree",
   "energy":     -32.574858708375,
   "free energy":     -32.401475639891,
   "G(T)":       0.173383068485,
   "ZPVE":       0.211297740872,
   "number of imags":0,
   "point group": "c1",
   "gradient norm":       0.000055002904
}
