{
   "temperature":     298.150000000000,
   "unit": "hartree",
   "energy":     -15.769999927488,
   "free energy":     -15.664876504572,
   "G(T)":       0.105123422916,
   "ZPVE":       0.134793806245,
   "number of imags":0,
   "point group": "cs",
   "gradient norm":       0.000060836216
}
