{
   "temperature":     298.150000000000,
   "unit": "hartree",
   "energy":     -32.574857050812,
   "free energy":     -32.401747383255,
   "G(T)":       0.173109667557,
   "ZPVE":       0.211280004877,
   "number of imags":0,
   "point group": "c1",
   "gradient norm":       0.000048711615
}
