{
   "temperature":     298.150000000000,
   "unit": "hartree",
   "energy":     -32.575181784441,
   "free energy":     -32.401776356541,
   "G(T)":       0.173405427900,
   "ZPVE":       0.211273422421,
   "number of imags":0,
   "point group": "c1",
   "gradient norm":       0.000024549867
}
