{
   "temperature":     298.150000000000,
   "unit": "hartree",
   "energy":     -20.897679250277,
   "free energy":     -20.767694063809,
   "G(T)":       0.129985186468,
   "ZPVE":       0.162069235140,
   "number of imags":0,
   "point group": "c1",
   "gradient norm":       0.000063490908
}
