{
   "temperature":     298.150000000000,
   "unit": "hartree",
   "energy":     -17.243150074499,
   "free energy":     -17.154301269500,
   "G(T)":       0.088848804999,
   "ZPVE":       0.121084142095,
   "number of imags":0,
   "point group": "c1",
   "gradient norm":       0.000033240912
}
