{
   "temperature":     298.150000000000,
   "unit": "hartree",
   "energy":     -52.662847041534,
   "free energy":     -52.429467424617,
   "G(T)":       0.233379616917,
   "ZPVE":       0.283445509864,
   "number of imags":0,
   "point group": "c1",
   "gradient norm":       0.000016471083
}
