{
   "temperature":     298.150000000000,
   "unit": "hartree",
   "energy":     -44.047333828782,
   "free energy":     -43.880362060716,
   "G(T)":       0.166971768065,
   "ZPVE":       0.211400005792,
   "number of imags":0,
   "point group": "c1",
   "gradient norm":       0.000070136517
}
