{
   "temperature":     298.150000000000,
   "unit": "hartree",
   "energy":     -26.194169278498,
   "free energy":     -26.034224306554,
   "G(T)":       0.159944971945,
   "ZPVE":       0.195163350807,
   "number of imags":0,
   "point group": "c1",
   "gradient norm":       0.000189988583
}
