{
   "temperature":     298.150000000000,
   "unit": "hartree",
   "energy":     -20.895374931474,
   "free energy":     -20.765465680697,
   "G(T)":       0.129909250777,
   "ZPVE":       0.162103982665,
   "number of imags":0,
   "point group": "c1",
   "gradient norm":       0.000062599576
}
