{
   "temperature":     298.150000000000,
   "unit": "hartree",
   "energy":     -32.358891460345,
   "free energy":     -32.221419525931,
   "G(T)":       0.137471934414,
   "ZPVE":       0.175235440530,
   "number of imags":0,
   "point group": "c1",
   "gradient norm":       0.000062794324
}
