{
   "temperature":     298.150000000000,
   "unit": "hartree",
   "energy":     -23.956624852711,
   "free energy":     -23.848423404604,
   "G(T)":       0.108201448106,
   "ZPVE":       0.143069138860,
   "number of imags":0,
   "point group": "c1",
   "gradient norm":       0.000089549531
}
