{
   "temperature":     298.150000000000,
   "unit": "hartree",
   "energy":     -42.514013516914,
   "free energy":     -42.412093430668,
   "G(T)":       0.101920086246,
   "ZPVE":       0.143759560830,
   "number of imags":0,
   "point group": "c1",
   "gradient norm":       0.000059512869
}
