{
    "partname": "prescreening",
    "runtime": 18.089275329373777,
    "results": {
        "CONF1": {
            "xtb_gsolv": {
                "gsolv": -0.016258525304998273,
                "energy_xtb_gas": -42.324783310649,
                "energy_xtb_solv": -42.341041835954
            },
            "sp": {
                "energy": -682.686865794068
            },
            "gtot": -682.703124319373,
            "bmw": 0.6061087034896413
        },
        "CONF2": {
            "xtb_gsolv": {
                "gsolv": -0.016259029315001783,
                "energy_xtb_gas": -42.324727594195,
                "energy_xtb_solv": -42.34098662351
            },
            "sp": {
                "energy": -682.686458361597
            },
            "gtot": -682.7027173909121,
            "bmw": 0.3938912965103587
        }
    },
    "settings": {
        "threshold": 4.0,
        "func": "pbe-d4",
        "basis": "def2-sv(p)",
        "prog": "orca",
        "gfnv": "gfn2",
        "run": true,
        "template": false
    },
    "nconf_in": 2,
    "nconf_out": 2
}