{
    "partname": "screening",
    "runtime": 120.7236210256815,
    "results": {
        "CONF1": {
            "gsolv": {
                "gsolv": -0.014853886420951312,
                "energy_gas": -683.930497407571,
                "energy_solv": -683.945351293992
            },
            "gtot": -683.945351293992,
            "bmw": 0.5652086689652654
        },
        "CONF2": {
            "gsolv": {
                "gsolv": -0.014938478735984972,
                "energy_gas": -683.930165128682,
                "energy_solv": -683.945103607418
            },
            "gtot": -683.945103607418,
            "bmw": 0.4347913310347345
        }
    },
    "settings": {
        "threshold": 3.5,
        "func": "r2scan-3c",
        "basis": "def2-tzvp",
        "prog": "orca",
        "sm": "smd",
        "gfnv": "gfn2",
        "run": true,
        "implicit": false,
        "template": false
    },
    "nconf_in": 2,
    "nconf_out": 2
}