{
   "temperature":     298.150000000000,
   "unit": "hartree",
   "energy":     -23.959313464811,
   "free energy":     -23.851377817102,
   "G(T)":       0.107935647708,
   "ZPVE":       0.142916578734,
   "number of imags":0,
   "point group": "c1",
   "gradient norm":       0.000034788436
}
