{
   "temperature":     298.150000000000,
   "unit": "hartree",
   "energy":     -17.087569977167,
   "free energy":     -16.971819986975,
   "G(T)":       0.115749990192,
   "ZPVE":       0.146597013798,
   "number of imags":0,
   "point group": "c1",
   "gradient norm":       0.000024685145
}
