{
   "temperature":     298.150000000000,
   "unit": "hartree",
   "energy":     -32.358471521500,
   "free energy":     -32.221390578090,
   "G(T)":       0.137080943410,
   "ZPVE":       0.175227310790,
   "number of imags":0,
   "point group": "c1",
   "gradient norm":       0.000066391471
}
