{
   "temperature":     298.150000000000,
   "unit": "hartree",
   "energy":     -36.577600611596,
   "free energy":     -36.447700142645,
   "G(T)":       0.129900468951,
   "ZPVE":       0.168920507417,
   "number of imags":0,
   "point group": "c1",
   "gradient norm":       0.000060317513
}
