{
   "temperature":     298.150000000000,
   "unit": "hartree",
   "energy":     -29.091804245307,
   "free energy":     -28.942787406678,
   "G(T)":       0.149016838630,
   "ZPVE":       0.185141804532,
   "number of imags":0,
   "point group": "c1",
   "gradient norm":       0.000053813454
}
