{
   "temperature":     298.150000000000,
   "unit": "hartree",
   "energy":     -34.839252372431,
   "free energy":     -34.696305404839,
   "G(T)":       0.142946967592,
   "ZPVE":       0.179358695074,
   "number of imags":0,
   "point group": "c2",
   "gradient norm":       0.000023727291
}
