{
   "temperature":     298.150000000000,
   "unit": "hartree",
   "energy":     -41.502339764900,
   "free energy":     -41.420991121186,
   "G(T)":       0.081348643714,
   "ZPVE":       0.121669869764,
   "number of imags":0,
   "point group": "c1",
   "gradient norm":       0.000117669591
}
