{
   "temperature":     298.150000000000,
   "unit": "hartree",
   "energy":     -18.941296915651,
   "free energy":     -18.810358187068,
   "G(T)":       0.130938728583,
   "ZPVE":       0.162796783801,
   "number of imags":0,
   "point group": "c1",
   "gradient norm":       0.000024412496
}
