{
   "temperature":     298.150000000000,
   "unit": "hartree",
   "energy":     -16.825770190546,
   "free energy":     -16.696735750042,
   "G(T)":       0.129034440504,
   "ZPVE":       0.159238005782,
   "number of imags":0,
   "point group": "c1",
   "gradient norm":       0.000062566411
}
