{
   "temperature":     298.150000000000,
   "unit": "hartree",
   "energy":     -23.958099962274,
   "free energy":     -23.850228207267,
   "G(T)":       0.107871755007,
   "ZPVE":       0.143053883596,
   "number of imags":0,
   "point group": "c1",
   "gradient norm":       0.000041220934
}
