{
   "temperature":     298.150000000000,
   "unit": "hartree",
   "energy":     -20.896958027611,
   "free energy":     -20.766563102996,
   "G(T)":       0.130394924615,
   "ZPVE":       0.162220462482,
   "number of imags":0,
   "point group": "c1",
   "gradient norm":       0.000087397371
}
