{
   "temperature":     298.150000000000,
   "unit": "hartree",
   "energy":     -23.954705127040,
   "free energy":     -23.848282097082,
   "G(T)":       0.106423029958,
   "ZPVE":       0.142977173399,
   "number of imags":0,
   "point group": "c1",
   "gradient norm":       0.000072531412
}
