{
   "temperature":     298.150000000000,
   "unit": "hartree",
   "energy":     -22.695955219999,
   "free energy":     -22.615028894814,
   "G(T)":       0.080926325185,
   "ZPVE":       0.112592193008,
   "number of imags":0,
   "point group": "c1",
   "gradient norm":       0.000043167714
}
