{
    "partname": "prescreening",
    "runtime": 13.721367894671857,
    "results": {
        "CONF1": {
            "xtb_gsolv": {
                "gsolv": -0.008056915170001844,
                "energy_xtb_gas": -36.567858313169,
                "energy_xtb_solv": -36.575915228339
            },
            "sp": {
                "energy": -573.453661343594
            },
            "gtot": -573.461718258764,
            "bmw": 0.3293269149022484
        },
        "CONF2": {
            "xtb_gsolv": {
                "gsolv": -0.008138018094996369,
                "energy_xtb_gas": -36.567684885512,
                "energy_xtb_solv": -36.575822903607
            },
            "sp": {
                "energy": -573.452924788253
            },
            "gtot": -573.461062806348,
            "bmw": 0.1644901829297199
        },
        "CONF3": {
            "xtb_gsolv": {
                "gsolv": -0.008160205012003985,
                "energy_xtb_gas": -36.567626965298,
                "energy_xtb_solv": -36.57578717031
            },
            "sp": {
                "energy": -573.453574807031
            },
            "gtot": -573.461735012043,
            "bmw": 0.33522253094654714
        },
        "CONF4": {
            "xtb_gsolv": {
                "gsolv": -0.00823856253700228,
                "energy_xtb_gas": -36.567450345161,
                "energy_xtb_solv": -36.575688907698
            },
            "sp": {
                "energy": -573.452860671264
            },
            "gtot": -573.4610992338011,
            "bmw": 0.17096037122148447
        }
    },
    "settings": {
        "threshold": 4.0,
        "func": "pbe-d4",
        "basis": "def2-sv(p)",
        "prog": "orca",
        "gfnv": "gfn2",
        "run": true,
        "template": false
    },
    "nconf_in": 4,
    "nconf_out": 4
}