{
    "partname": "screening",
    "runtime": 96.81490682810545,
    "results": {
        "CONF3": {
            "gsolv": {
                "gsolv": -0.007786969638004848,
                "energy_gas": -574.531441172821,
                "energy_solv": -574.539228142459
            },
            "gtot": -574.539228142459,
            "bmw": 0.43295501578726003
        },
        "CONF4": {
            "gsolv": {
                "gsolv": -0.00723511525302456,
                "energy_gas": -574.530256278411,
                "energy_solv": -574.537491393664
            },
            "gtot": -574.537491393664,
            "bmw": 0.06880082194055599
        },
        "CONF1": {
            "gsolv": {
                "gsolv": -0.007705570282951157,
                "energy_gas": -574.531511563938,
                "energy_solv": -574.539217134221
            },
            "gtot": -574.539217134221,
            "bmw": 0.4279365058584866
        },
        "CONF2": {
            "gsolv": {
                "gsolv": -0.007167917993001538,
                "energy_gas": -574.530343931424,
                "energy_solv": -574.537511849417
            },
            "gtot": -574.537511849417,
            "bmw": 0.07030765641369732
        }
    },
    "settings": {
        "threshold": 3.5,
        "func": "r2scan-3c",
        "basis": "def2-tzvp",
        "prog": "orca",
        "sm": "smd",
        "gfnv": "gfn2",
        "run": true,
        "implicit": false,
        "template": false
    },
    "nconf_in": 4,
    "nconf_out": 4
}