{
   "temperature":     298.150000000000,
   "unit": "hartree",
   "energy":     -27.125047902666,
   "free energy":     -26.992289141992,
   "G(T)":       0.132758760673,
   "ZPVE":       0.170682550608,
   "number of imags":0,
   "point group": "c1",
   "gradient norm":       0.000194867776
}
