{
   "temperature":     298.150000000000,
   "unit": "hartree",
   "energy":     -23.958416803691,
   "free energy":     -23.849617632695,
   "G(T)":       0.108799170996,
   "ZPVE":       0.143420258928,
   "number of imags":0,
   "point group": "c1",
   "gradient norm":       0.000053014566
}
