{
   "temperature":     298.150000000000,
   "unit": "hartree",
   "energy":     -16.902915311414,
   "free energy":     -16.803850033107,
   "G(T)":       0.099065278308,
   "ZPVE":       0.130558404409,
   "number of imags":0,
   "point group": "c2",
   "gradient norm":       0.000023891227
}
