{
   "temperature":     298.150000000000,
   "unit": "hartree",
   "energy":     -23.957598986001,
   "free energy":     -23.848895372550,
   "G(T)":       0.108703613452,
   "ZPVE":       0.143390140597,
   "number of imags":0,
   "point group": "c1",
   "gradient norm":       0.000035260522
}
