{
    "partname": "prescreening",
    "runtime": 13.039923220872879,
    "results": {
        "CONF5": {
            "xtb_gsolv": {
                "gsolv": 0.0006137656560021298,
                "energy_xtb_gas": -28.540939887833,
                "energy_xtb_solv": -28.540326122177
            },
            "sp": {
                "energy": -388.575517695144
            },
            "gtot": -388.574903929488,
            "bmw": 0.00022237249027672648
        },
        "CONF2": {
            "xtb_gsolv": {
                "gsolv": 0.0006170459659990968,
                "energy_xtb_gas": -28.546150989351,
                "energy_xtb_solv": -28.545533943385
            },
            "sp": {
                "energy": -388.582351639236
            },
            "gtot": -388.58173459326997,
            "bmw": 0.30829672773554456
        },
        "CONF1": {
            "xtb_gsolv": {
                "gsolv": 0.0005292412249993106,
                "energy_xtb_gas": -28.546913608131,
                "energy_xtb_solv": -28.546384366906
            },
            "sp": {
                "energy": -388.583021668127
            },
            "gtot": -388.582492426902,
            "bmw": 0.6879363485472552
        },
        "CONF4": {
            "xtb_gsolv": {
                "gsolv": 0.00040607284999794047,
                "energy_xtb_gas": -28.541823058048,
                "energy_xtb_solv": -28.541416985198
            },
            "sp": {
                "energy": -388.577046381197
            },
            "gtot": -388.576640308347,
            "bmw": 0.0013988142551741318
        },
        "CONF3": {
            "xtb_gsolv": {
                "gsolv": 0.00045268085600014274,
                "energy_xtb_gas": -28.542880915456,
                "energy_xtb_solv": -28.5424282346
            },
            "sp": {
                "energy": -388.577496965936
            },
            "gtot": -388.57704428508,
            "bmw": 0.002145736971749343
        }
    },
    "settings": {
        "threshold": 4.0,
        "func": "pbe-d4",
        "basis": "def2-sv(p)",
        "prog": "orca",
        "gfnv": "gfn2",
        "run": true,
        "template": false
    },
    "nconf_in": 5,
    "nconf_out": 4
}