{
    "partname": "screening",
    "runtime": 72.34939457848668,
    "results": {
        "CONF3": {
            "gsolv": {
                "gsolv": -0.0005631216359915925,
                "energy_gas": -389.37555981127,
                "energy_solv": -389.376122932906
            },
            "gtot": -389.376122932906,
            "bmw": 0.0009805685303484516
        },
        "CONF4": {
            "gsolv": {
                "gsolv": -0.0007874006449810622,
                "energy_gas": -389.375734870245,
                "energy_solv": -389.37652227089
            },
            "gtot": -389.37652227089,
            "bmw": 0.0014967894353483402
        },
        "CONF1": {
            "gsolv": {
                "gsolv": -0.0005245941020461942,
                "energy_gas": -389.381852803896,
                "energy_solv": -389.382377397998
            },
            "gtot": -389.382377397998,
            "bmw": 0.7384698268606699
        },
        "CONF2": {
            "gsolv": {
                "gsolv": -0.00046581683602653357,
                "energy_gas": -389.380922503052,
                "energy_solv": -389.381388319888
            },
            "gtot": -389.381388319888,
            "bmw": 0.2590528151736333
        }
    },
    "settings": {
        "threshold": 3.5,
        "func": "r2scan-3c",
        "basis": "def2-tzvp",
        "prog": "orca",
        "sm": "smd",
        "gfnv": "gfn2",
        "run": true,
        "implicit": false,
        "template": false
    },
    "nconf_in": 4,
    "nconf_out": 4
}