{
   "temperature":     298.150000000000,
   "unit": "hartree",
   "energy":     -23.156815466813,
   "free energy":     -22.975743051238,
   "G(T)":       0.181072415575,
   "ZPVE":       0.214955491186,
   "number of imags":0,
   "point group": "c1",
   "gradient norm":       0.000032862353
}
