{
   "temperature":     298.150000000000,
   "unit": "hartree",
   "energy":     -24.061061925580,
   "free energy":     -23.908403376362,
   "G(T)":       0.152658549218,
   "ZPVE":       0.188358997335,
   "number of imags":0,
   "point group": "c1",
   "gradient norm":       0.000045749697
}
