{
   "temperature":     298.150000000000,
   "unit": "hartree",
   "energy":     -17.976423114481,
   "free energy":     -17.884762695014,
   "G(T)":       0.091660419466,
   "ZPVE":       0.121902083904,
   "number of imags":0,
   "point group": "c1",
   "gradient norm":       0.000040724925
}
