{
   "temperature":     298.150000000000,
   "unit": "hartree",
   "energy":     -39.986031055839,
   "free energy":     -39.868169402096,
   "G(T)":       0.117861653743,
   "ZPVE":       0.159633799303,
   "number of imags":0,
   "point group": "c1",
   "gradient norm":       0.000031884376
}
