{
   "temperature":     298.150000000000,
   "unit": "hartree",
   "energy":     -23.954567423690,
   "free energy":     -23.848066421715,
   "G(T)":       0.106501001975,
   "ZPVE":       0.142684815765,
   "number of imags":0,
   "point group": "cs",
   "gradient norm":       0.000058234421
}
