{
   "temperature":     298.150000000000,
   "unit": "hartree",
   "energy":     -24.061649393987,
   "free energy":     -23.904949222030,
   "G(T)":       0.156700171958,
   "ZPVE":       0.189775455071,
   "number of imags":0,
   "point group": "c1",
   "gradient norm":       0.000177679051
}
