{
   "temperature":     298.150000000000,
   "unit": "hartree",
   "energy":     -20.895560702127,
   "free energy":     -20.765073891456,
   "G(T)":       0.130486810671,
   "ZPVE":       0.162300999765,
   "number of imags":0,
   "point group": "c1",
   "gradient norm":       0.000036082196
}
