{
   "temperature":     298.150000000000,
   "unit": "hartree",
   "energy":     -32.508788600875,
   "free energy":     -32.380863923414,
   "G(T)":       0.127924677460,
   "ZPVE":       0.166007629100,
   "number of imags":0,
   "point group": "c1",
   "gradient norm":       0.000039300206
}
