{
   "temperature":     298.150000000000,
   "unit": "hartree",
   "energy":     -26.321859745730,
   "free energy":     -26.114886627344,
   "G(T)":       0.206973118386,
   "ZPVE":       0.242861443894,
   "number of imags":0,
   "point group": "c1",
   "gradient norm":       0.000061446241
}
