{
   "temperature":     298.150000000000,
   "unit": "hartree",
   "energy":     -39.726834776713,
   "free energy":     -39.707991416611,
   "G(T)":       0.018843360102,
   "ZPVE":       0.055912732849,
   "number of imags":0,
   "point group": "c1",
   "gradient norm":       0.000074231623
}
