{
   "temperature":     298.150000000000,
   "unit": "hartree",
   "energy":     -25.303867900715,
   "free energy":     -25.114811247966,
   "G(T)":       0.189056652749,
   "ZPVE":       0.223862613552,
   "number of imags":0,
   "point group": "c1",
   "gradient norm":       0.000038612791
}
