{
   "temperature":     298.150000000000,
   "unit": "hartree",
   "energy":     -19.867602725138,
   "free energy":     -19.761288909905,
   "G(T)":       0.106313815233,
   "ZPVE":       0.138666753146,
   "number of imags":0,
   "point group": "c1",
   "gradient norm":       0.000072189019
}
