{
   "temperature":     298.150000000000,
   "unit": "hartree",
   "energy":     -52.662847146922,
   "free energy":     -52.429435073730,
   "G(T)":       0.233412073192,
   "ZPVE":       0.283454654227,
   "number of imags":0,
   "point group": "c1",
   "gradient norm":       0.000081294594
}
