{
   "temperature":     298.150000000000,
   "unit": "hartree",
   "energy":     -18.619872316267,
   "free energy":     -18.541182834611,
   "G(T)":       0.078689481656,
   "ZPVE":       0.108963331359,
   "number of imags":0,
   "point group": "c1",
   "gradient norm":       0.000037165697
}
