{
   "temperature":     298.150000000000,
   "unit": "hartree",
   "energy":     -32.574992406272,
   "free energy":     -32.401562553946,
   "G(T)":       0.173429852326,
   "ZPVE":       0.211379523431,
   "number of imags":0,
   "point group": "c1",
   "gradient norm":       0.000138086536
}
