{
   "temperature":     298.150000000000,
   "unit": "hartree",
   "energy":     -24.061091666846,
   "free energy":     -23.905107598210,
   "G(T)":       0.155984068636,
   "ZPVE":       0.190018764155,
   "number of imags":0,
   "point group": "c1",
   "gradient norm":       0.000046536042
}
