{
   "temperature":     298.150000000000,
   "unit": "hartree",
   "energy":     -23.958380637198,
   "free energy":     -23.850097348094,
   "G(T)":       0.108283289104,
   "ZPVE":       0.143315528305,
   "number of imags":0,
   "point group": "c1",
   "gradient norm":       0.000042037605
}
