{
   "temperature":     298.150000000000,
   "unit": "hartree",
   "energy":     -22.695219573729,
   "free energy":     -22.613511230669,
   "G(T)":       0.081708343060,
   "ZPVE":       0.112769001192,
   "number of imags":0,
   "point group": "c1",
   "gradient norm":       0.000074201301
}
