{
   "temperature":     298.150000000000,
   "unit": "hartree",
   "energy":     -24.061246260439,
   "free energy":     -23.906026661604,
   "G(T)":       0.155219598835,
   "ZPVE":       0.189485138331,
   "number of imags":0,
   "point group": "c1",
   "gradient norm":       0.000058104312
}
