{
   "temperature":     298.150000000000,
   "unit": "hartree",
   "energy":     -22.693188027970,
   "free energy":     -22.612688573320,
   "G(T)":       0.080499454649,
   "ZPVE":       0.112592149505,
   "number of imags":0,
   "point group": "c1",
   "gradient norm":       0.000055711168
}
