{
   "temperature":     298.150000000000,
   "unit": "hartree",
   "energy":     -20.894455369478,
   "free energy":     -20.764120507727,
   "G(T)":       0.130334861751,
   "ZPVE":       0.162125849078,
   "number of imags":0,
   "point group": "c1",
   "gradient norm":       0.000041609648
}
