{
   "temperature":     298.150000000000,
   "unit": "hartree",
   "energy":     -34.258445977200,
   "free energy":     -34.144032246566,
   "G(T)":       0.114413730634,
   "ZPVE":       0.154453598987,
   "number of imags":0,
   "point group": "c1",
   "gradient norm":       0.000091011727
}
