{
   "temperature":     298.150000000000,
   "unit": "hartree",
   "energy":     -17.709447701595,
   "free energy":     -17.619007795343,
   "G(T)":       0.090439906252,
   "ZPVE":       0.121526908655,
   "number of imags":0,
   "point group": "c1",
   "gradient norm":       0.000043872371
}
