{
   "temperature":     298.150000000000,
   "unit": "hartree",
   "energy":     -22.695558287684,
   "free energy":     -22.614284524334,
   "G(T)":       0.081273763349,
   "ZPVE":       0.112842975627,
   "number of imags":0,
   "point group": "c1",
   "gradient norm":       0.000170334215
}
