{
   "temperature":     298.150000000000,
   "unit": "hartree",
   "energy":     -22.692867249523,
   "free energy":     -22.612327225317,
   "G(T)":       0.080540024206,
   "ZPVE":       0.112301968612,
   "number of imags":0,
   "point group": "c1",
   "gradient norm":       0.000128847724
}
