{
   "temperature":     298.150000000000,
   "unit": "hartree",
   "energy":     -23.954705673713,
   "free energy":     -23.847744054160,
   "G(T)":       0.106961619554,
   "ZPVE":       0.143018577065,
   "number of imags":0,
   "point group": "c1",
   "gradient norm":       0.000047205326
}
