{
   "temperature":     298.150000000000,
   "unit": "hartree",
   "energy":     -23.957384786325,
   "free energy":     -23.850128446549,
   "G(T)":       0.107256339776,
   "ZPVE":       0.143024556157,
   "number of imags":0,
   "point group": "c1",
   "gradient norm":       0.000068046384
}
