{
   "temperature":     298.150000000000,
   "unit": "hartree",
   "energy":     -27.126398204441,
   "free energy":     -26.991994156899,
   "G(T)":       0.134404047542,
   "ZPVE":       0.170845535220,
   "number of imags":0,
   "point group": "c1",
   "gradient norm":       0.000150702909
}
