{
   "temperature":     298.150000000000,
   "unit": "hartree",
   "energy":     -25.380915630554,
   "free energy":     -25.234245713586,
   "G(T)":       0.146669916968,
   "ZPVE":       0.181282247383,
   "number of imags":0,
   "point group": "cs",
   "gradient norm":       0.000041099438
}
