{
   "temperature":     298.150000000000,
   "unit": "hartree",
   "energy":     -20.893355865283,
   "free energy":     -20.762764535616,
   "G(T)":       0.130591329667,
   "ZPVE":       0.162269863817,
   "number of imags":0,
   "point group": "c1",
   "gradient norm":       0.000072880077
}
