{
   "temperature":     298.150000000000,
   "unit": "hartree",
   "energy":     -24.058099604225,
   "free energy":     -23.901269098132,
   "G(T)":       0.156830506094,
   "ZPVE":       0.190150238467,
   "number of imags":0,
   "point group": "c1",
   "gradient norm":       0.000105562697
}
