{
   "temperature":     298.150000000000,
   "unit": "hartree",
   "energy":     -32.579241389170,
   "free energy":     -32.405139035276,
   "G(T)":       0.174102353894,
   "ZPVE":       0.211554859160,
   "number of imags":0,
   "point group": "c1",
   "gradient norm":       0.000130423314
}
