{
   "temperature":     298.150000000000,
   "unit": "hartree",
   "energy":     -41.499560248335,
   "free energy":     -41.368148890344,
   "G(T)":       0.131411357991,
   "ZPVE":       0.172086550991,
   "number of imags":0,
   "point group": "c1",
   "gradient norm":       0.000070519277
}
