{
   "temperature":     298.150000000000,
   "unit": "hartree",
   "energy":     -20.893727285409,
   "free energy":     -20.763236273542,
   "G(T)":       0.130491011867,
   "ZPVE":       0.162359715560,
   "number of imags":0,
   "point group": "c1",
   "gradient norm":       0.000019388602
}
