{
    "partname": "prescreening",
    "runtime": 13.220713061280549,
    "results": {
        "CONF5": {
            "xtb_gsolv": {
                "gsolv": 0.0005284728149987927,
                "energy_xtb_gas": -28.539407958357,
                "energy_xtb_solv": -28.538879485542
            },
            "sp": {
                "energy": -388.576234096006
            },
            "gtot": -388.57570562319097,
            "bmw": 0.0011281974669982333
        },
        "CONF1": {
            "xtb_gsolv": {
                "gsolv": 0.0006002143290011475,
                "energy_xtb_gas": -28.54551162009,
                "energy_xtb_solv": -28.544911405761
            },
            "sp": {
                "energy": -388.58243649662
            },
            "gtot": -388.581836282291,
            "bmw": 0.7452347709711907
        },
        "CONF2": {
            "xtb_gsolv": {
                "gsolv": 0.0005256373330020381,
                "energy_xtb_gas": -28.544102333783,
                "energy_xtb_solv": -28.54357669645
            },
            "sp": {
                "energy": -388.580925526899
            },
            "gtot": -388.580399889566,
            "bmw": 0.16277893032765944
        },
        "CONF4": {
            "xtb_gsolv": {
                "gsolv": 0.0005288703419985552,
                "energy_xtb_gas": -28.53943632382,
                "energy_xtb_solv": -28.538907453478
            },
            "sp": {
                "energy": -388.576277700152
            },
            "gtot": -388.57574882981,
            "bmw": 0.001181024180142369
        },
        "CONF6": {
            "xtb_gsolv": {
                "gsolv": 0.0005378558380009224,
                "energy_xtb_gas": -28.539214294405,
                "energy_xtb_solv": -28.538676438567
            },
            "sp": {
                "energy": -388.575837884065
            },
            "gtot": -388.575300028227,
            "bmw": 0.0007342168561064855
        },
        "CONF3": {
            "xtb_gsolv": {
                "gsolv": 0.00058846898399878,
                "energy_xtb_gas": -28.543174749138,
                "energy_xtb_solv": -28.542586280154
            },
            "sp": {
                "energy": -388.58040933241
            },
            "gtot": -388.579820863426,
            "bmw": 0.08815858313744833
        },
        "CONF7": {
            "xtb_gsolv": {
                "gsolv": 0.0005435245320022375,
                "energy_xtb_gas": -28.539083097957,
                "energy_xtb_solv": -28.538539573425
            },
            "sp": {
                "energy": -388.57590582916
            },
            "gtot": -388.57536230462796,
            "bmw": 0.0007842770604544597
        }
    },
    "settings": {
        "threshold": 4.0,
        "func": "pbe-d4",
        "basis": "def2-sv(p)",
        "prog": "orca",
        "gfnv": "gfn2",
        "run": true,
        "template": false
    },
    "nconf_in": 7,
    "nconf_out": 5
}