{
    "partname": "screening",
    "runtime": 70.78909235820174,
    "results": {
        "CONF4": {
            "gsolv": {
                "gsolv": -0.0008149772519914222,
                "energy_gas": -389.374504240085,
                "energy_solv": -389.375319217337
            },
            "gtot": -389.375319217337,
            "bmw": 0.001953230013552464
        },
        "CONF2": {
            "gsolv": {
                "gsolv": -0.0006539993430010327,
                "energy_gas": -389.378876757976,
                "energy_solv": -389.379530757319
            },
            "gtot": -389.379530757319,
            "bmw": 0.16901594887576163
        },
        "CONF5": {
            "gsolv": {
                "gsolv": -0.0007815532860036001,
                "energy_gas": -389.374285171946,
                "energy_solv": -389.375066725232
            },
            "gtot": -389.375066725232,
            "bmw": 0.0014949100444674461
        },
        "CONF1": {
            "gsolv": {
                "gsolv": -0.00035730235100572827,
                "energy_gas": -389.380570134502,
                "energy_solv": -389.380927436853
            },
            "gtot": -389.380927436853,
            "bmw": 0.7419178229249853
        },
        "CONF3": {
            "gsolv": {
                "gsolv": -0.0004718723309906636,
                "energy_gas": -389.378416748885,
                "energy_solv": -389.378888621216
            },
            "gtot": -389.378888621216,
            "bmw": 0.08561808814123334
        }
    },
    "settings": {
        "threshold": 3.5,
        "func": "r2scan-3c",
        "basis": "def2-tzvp",
        "prog": "orca",
        "sm": "smd",
        "gfnv": "gfn2",
        "run": true,
        "implicit": false,
        "template": false
    },
    "nconf_in": 5,
    "nconf_out": 5
}