{
   "temperature":     298.150000000000,
   "unit": "hartree",
   "energy":     -34.422684620804,
   "free energy":     -34.296577687780,
   "G(T)":       0.126106933024,
   "ZPVE":       0.163092157129,
   "number of imags":0,
   "point group": "cs",
   "gradient norm":       0.000046308830
}
