{
   "temperature":     298.150000000000,
   "unit": "hartree",
   "energy":     -24.060659963140,
   "free energy":     -23.904600976265,
   "G(T)":       0.156058986875,
   "ZPVE":       0.189560588579,
   "number of imags":0,
   "point group": "c1",
   "gradient norm":       0.000023805658
}
