{
   "temperature":     298.150000000000,
   "unit": "hartree",
   "energy":     -19.993082324163,
   "free energy":     -19.838044711226,
   "G(T)":       0.155037612937,
   "ZPVE":       0.187083387290,
   "number of imags":0,
   "point group": "c1",
   "gradient norm":       0.000050707679
}
