{
   "temperature":     298.150000000000,
   "unit": "hartree",
   "energy":     -27.125399782072,
   "free energy":     -26.991136873064,
   "G(T)":       0.134262909008,
   "ZPVE":       0.170841343622,
   "number of imags":0,
   "point group": "c1",
   "gradient norm":       0.000089206300
}
