{
   "temperature":     298.150000000000,
   "unit": "hartree",
   "energy":     -23.954695746346,
   "free energy":     -23.848274236808,
   "G(T)":       0.106421509538,
   "ZPVE":       0.142944442415,
   "number of imags":0,
   "point group": "c1",
   "gradient norm":       0.000064721132
}
