{
   "temperature":     298.150000000000,
   "unit": "hartree",
   "energy":     -23.954510229981,
   "free energy":     -23.847318813459,
   "G(T)":       0.107191416522,
   "ZPVE":       0.143093473830,
   "number of imags":0,
   "point group": "c1",
   "gradient norm":       0.000041758081
}
