{
   "temperature":     298.150000000000,
   "unit": "hartree",
   "energy":     -24.062068915280,
   "free energy":     -23.906367975411,
   "G(T)":       0.155700939869,
   "ZPVE":       0.189728928384,
   "number of imags":0,
   "point group": "c1",
   "gradient norm":       0.000054227710
}
