{
   "temperature":     298.150000000000,
   "unit": "hartree",
   "energy":     -20.893492389122,
   "free energy":     -20.763310243872,
   "G(T)":       0.130182145249,
   "ZPVE":       0.162229496467,
   "number of imags":0,
   "point group": "c1",
   "gradient norm":       0.000039396529
}
