{
   "temperature":     298.150000000000,
   "unit": "hartree",
   "energy":     -24.056329644792,
   "free energy":     -23.900411399951,
   "G(T)":       0.155918244840,
   "ZPVE":       0.190106737264,
   "number of imags":0,
   "point group": "c1",
   "gradient norm":       0.000035993516
}
