{
   "temperature":     298.150000000000,
   "unit": "hartree",
   "energy":     -23.957772090647,
   "free energy":     -23.849123829898,
   "G(T)":       0.108648260749,
   "ZPVE":       0.143445301344,
   "number of imags":0,
   "point group": "c1",
   "gradient norm":       0.000037175157
}
