{
   "temperature":     298.150000000000,
   "unit": "hartree",
   "energy":     -24.059558064647,
   "free energy":     -23.904144487109,
   "G(T)":       0.155413577539,
   "ZPVE":       0.189726338713,
   "number of imags":0,
   "point group": "c1",
   "gradient norm":       0.000113657192
}
