{
   "temperature":     298.150000000000,
   "unit": "hartree",
   "energy":     -24.062234097763,
   "free energy":     -23.905819644495,
   "G(T)":       0.156414453268,
   "ZPVE":       0.190148791864,
   "number of imags":0,
   "point group": "c1",
   "gradient norm":       0.000165668908
}
