{
   "temperature":     298.150000000000,
   "unit": "hartree",
   "energy":     -22.701866347699,
   "free energy":     -22.620921774095,
   "G(T)":       0.080944573604,
   "ZPVE":       0.112434923658,
   "number of imags":0,
   "point group": "c1",
   "gradient norm":       0.000046247084
}
