{
   "temperature":     298.150000000000,
   "unit": "hartree",
   "energy":     -23.033076080820,
   "free energy":     -22.900008093029,
   "G(T)":       0.133067987791,
   "ZPVE":       0.166768460346,
   "number of imags":0,
   "point group": "c1",
   "gradient norm":       0.000164046424
}
