{
    "partname": "prescreening",
    "runtime": 7.069279924966395,
    "results": {
        "CONF1": {
            "xtb_gsolv": {
                "gsolv": -0.004321008620998157,
                "energy_xtb_gas": -17.973398085938,
                "energy_xtb_solv": -17.977719094559
            },
            "sp": {
                "energy": -249.095415291285
            },
            "gtot": -249.099736299906,
            "bmw": 0.5148180315470219
        },
        "CONF2": {
            "xtb_gsolv": {
                "gsolv": -0.004202246209001004,
                "energy_xtb_gas": -17.973447413533,
                "energy_xtb_solv": -17.977649659742
            },
            "sp": {
                "energy": -249.093359078282
            },
            "gtot": -249.09756132449098,
            "bmw": 0.051432106102283354
        },
        "CONF4": {
            "xtb_gsolv": {
                "gsolv": -0.004337368566002198,
                "energy_xtb_gas": -17.97214005047,
                "energy_xtb_solv": -17.976477419036
            },
            "sp": {
                "energy": -249.09350947061
            },
            "gtot": -249.09784683917601,
            "bmw": 0.06959242549880729
        },
        "CONF3": {
            "xtb_gsolv": {
                "gsolv": -0.004310632172998652,
                "energy_xtb_gas": -17.972505954011,
                "energy_xtb_solv": -17.976816586184
            },
            "sp": {
                "energy": -249.091180802708
            },
            "gtot": -249.095491434881,
            "bmw": 0.005743161012503596
        },
        "CONF7": {
            "xtb_gsolv": {
                "gsolv": -0.004103492801998954,
                "energy_xtb_gas": -17.970505335909,
                "energy_xtb_solv": -17.974608828711
            },
            "sp": {
                "energy": -249.092667872888
            },
            "gtot": -249.09677136569,
            "bmw": 0.0222781134910754
        },
        "CONF5": {
            "xtb_gsolv": {
                "gsolv": -0.004238779910000545,
                "energy_xtb_gas": -17.971430708989,
                "energy_xtb_solv": -17.975669488899
            },
            "sp": {
                "energy": -249.094989560332
            },
            "gtot": -249.099228340242,
            "bmw": 0.30061349815547517
        },
        "CONF6": {
            "xtb_gsolv": {
                "gsolv": -0.004110715001001353,
                "energy_xtb_gas": -17.97075791534,
                "energy_xtb_solv": -17.974868630341
            },
            "sp": {
                "energy": -249.090688432827
            },
            "gtot": -249.09479914782798,
            "bmw": 0.00275880490665083
        },
        "CONF15": {
            "xtb_gsolv": {
                "gsolv": -0.004639857772001932,
                "energy_xtb_gas": -17.96740738294,
                "energy_xtb_solv": -17.972047240712
            },
            "sp": {
                "energy": -249.089846131571
            },
            "gtot": -249.09448598934299,
            "bmw": 0.0019800586636969045
        },
        "CONF8": {
            "xtb_gsolv": {
                "gsolv": -0.004243689249001648,
                "energy_xtb_gas": -17.97030670428,
                "energy_xtb_solv": -17.974550393529
            },
            "sp": {
                "energy": -249.092618028484
            },
            "gtot": -249.096861717733,
            "bmw": 0.024515314838950048
        },
        "CONF10": {
            "xtb_gsolv": {
                "gsolv": -0.003395746965001223,
                "energy_xtb_gas": -17.970869101473,
                "energy_xtb_solv": -17.974264848438
            },
            "sp": {
                "energy": -249.090391493704
            },
            "gtot": -249.093787240669,
            "bmw": 0.0009446608457242383
        },
        "CONF14": {
            "xtb_gsolv": {
                "gsolv": -0.004117777547996582,
                "energy_xtb_gas": -17.968745660641,
                "energy_xtb_solv": -17.972863438189
            },
            "sp": {
                "energy": -249.089820062137
            },
            "gtot": -249.093937839685,
            "bmw": 0.0011080176219485747
        },
        "CONF13": {
            "xtb_gsolv": {
                "gsolv": -0.0037547964330002515,
                "energy_xtb_gas": -17.969160946793,
                "energy_xtb_solv": -17.972915743226
            },
            "sp": {
                "energy": -249.088005384246
            },
            "gtot": -249.091760180679,
            "bmw": 0.0001103806278576299
        },
        "CONF12": {
            "xtb_gsolv": {
                "gsolv": -0.004074604907000179,
                "energy_xtb_gas": -17.969583080566,
                "energy_xtb_solv": -17.973657685473
            },
            "sp": {
                "energy": -249.090700288408
            },
            "gtot": -249.094774893315,
            "bmw": 0.0026888383023166086
        },
        "CONF11": {
            "xtb_gsolv": {
                "gsolv": -0.0040897799049979255,
                "energy_xtb_gas": -17.970069246811,
                "energy_xtb_solv": -17.974159026716
            },
            "sp": {
                "energy": -249.089949439824
            },
            "gtot": -249.094039219729,
            "bmw": 0.0012336110754419321
        },
        "CONF9": {
            "xtb_gsolv": {
                "gsolv": -0.004022086748001641,
                "energy_xtb_gas": -17.970453465311,
                "energy_xtb_solv": -17.974475552059
            },
            "sp": {
                "energy": -249.088215310395
            },
            "gtot": -249.09223739714298,
            "bmw": 0.0001829773102465378
        }
    },
    "settings": {
        "threshold": 4.0,
        "func": "pbe-d4",
        "basis": "def2-sv(p)",
        "prog": "orca",
        "gfnv": "gfn2",
        "run": true,
        "template": false
    },
    "nconf_in": 15,
    "nconf_out": 13
}