{
    "partname": "screening",
    "runtime": 35.724103631451726,
    "results": {
        "CONF8": {
            "gsolv": {
                "gsolv": -0.009419746524002903,
                "energy_gas": -249.617074179211,
                "energy_solv": -249.626493925735
            },
            "gtot": -249.626493925735,
            "bmw": 0.04254431805664639
        },
        "CONF4": {
            "gsolv": {
                "gsolv": -0.010061917544021526,
                "energy_gas": -249.617675965233,
                "energy_solv": -249.627737882777
            },
            "gtot": -249.627737882777,
            "bmw": 0.15886279502297976
        },
        "CONF5": {
            "gsolv": {
                "gsolv": -0.008069870555999614,
                "energy_gas": -249.619426660249,
                "energy_solv": -249.627496530805
            },
            "gtot": -249.627496530805,
            "bmw": 0.12302913671278849
        },
        "CONF3": {
            "gsolv": {
                "gsolv": -0.010466116095017242,
                "energy_gas": -249.615556223218,
                "energy_solv": -249.626022339313
            },
            "gtot": -249.626022339313,
            "bmw": 0.02581825153728683
        },
        "CONF1": {
            "gsolv": {
                "gsolv": -0.009036719378002545,
                "energy_gas": -249.619645310071,
                "energy_solv": -249.628682029449
            },
            "gtot": -249.628682029449,
            "bmw": 0.4318168721610937
        },
        "CONF15": {
            "gsolv": {
                "gsolv": -0.011569218702987882,
                "energy_gas": -249.614783099404,
                "energy_solv": -249.626352318107
            },
            "gtot": -249.626352318107,
            "bmw": 0.0366190072720678
        },
        "CONF6": {
            "gsolv": {
                "gsolv": -0.009782027650999225,
                "energy_gas": -249.615228966663,
                "energy_solv": -249.625010994314
            },
            "gtot": -249.625010994314,
            "bmw": 0.008845865439201775
        },
        "CONF7": {
            "gsolv": {
                "gsolv": -0.008596323178977627,
                "energy_gas": -249.617174621064,
                "energy_solv": -249.625770944243
            },
            "gtot": -249.625770944243,
            "bmw": 0.019783043215770332
        },
        "CONF11": {
            "gsolv": {
                "gsolv": -0.00983230853898931,
                "energy_gas": -249.614550254295,
                "energy_solv": -249.624382562834
            },
            "gtot": -249.624382562834,
            "bmw": 0.004546548798727502
        },
        "CONF12": {
            "gsolv": {
                "gsolv": -0.010458097964999524,
                "energy_gas": -249.614140868746,
                "energy_solv": -249.624598966711
            },
            "gtot": -249.624598966711,
            "bmw": 0.005717691906785522
        },
        "CONF14": {
            "gsolv": {
                "gsolv": -0.010809160409991136,
                "energy_gas": -249.614558758723,
                "energy_solv": -249.625367919133
            },
            "gtot": -249.625367919133,
            "bmw": 0.012909647417872025
        },
        "CONF10": {
            "gsolv": {
                "gsolv": -0.00732828077201475,
                "energy_gas": -249.614034056823,
                "energy_solv": -249.621362337595
            },
            "gtot": -249.621362337595,
            "bmw": 0.00018555574665678014
        },
        "CONF2": {
            "gsolv": {
                "gsolv": -0.009752356372018767,
                "energy_gas": -249.617791268939,
                "energy_solv": -249.627543625311
            },
            "gtot": -249.627543625311,
            "bmw": 0.1293212667121235
        }
    },
    "settings": {
        "threshold": 3.5,
        "func": "r2scan-3c",
        "basis": "def2-tzvp",
        "prog": "orca",
        "sm": "smd",
        "gfnv": "gfn2",
        "run": true,
        "implicit": false,
        "template": false
    },
    "nconf_in": 13,
    "nconf_out": 13
}