{
   "temperature":     298.150000000000,
   "unit": "hartree",
   "energy":     -23.955264350982,
   "free energy":     -23.847081514894,
   "G(T)":       0.108182836088,
   "ZPVE":       0.143153075996,
   "number of imags":0,
   "point group": "c1",
   "gradient norm":       0.000056996235
}
