{
    "partname": "prescreening",
    "runtime": 24.679354082792997,
    "results": {
        "CONF6": {
            "xtb_gsolv": {
                "gsolv": -0.024422970215994155,
                "energy_xtb_gas": -53.585622505697,
                "energy_xtb_solv": -53.610045475913
            },
            "sp": {
                "energy": -923.74697700134
            },
            "gtot": -923.7713999715561,
            "bmw": 3.9324954369412315e-06
        },
        "CONF4": {
            "xtb_gsolv": {
                "gsolv": -0.01893377229700377,
                "energy_xtb_gas": -53.593886016993,
                "energy_xtb_solv": -53.61281978929
            },
            "sp": {
                "energy": -923.758889857246
            },
            "gtot": -923.777823629543,
            "bmw": 0.003542797878985911
        },
        "CONF2": {
            "xtb_gsolv": {
                "gsolv": -0.01709219305199383,
                "energy_xtb_gas": -53.599335175093,
                "energy_xtb_solv": -53.616427368145
            },
            "sp": {
                "energy": -923.7654233287
            },
            "gtot": -923.782515521752,
            "bmw": 0.5098793284327683
        },
        "CONF5": {
            "xtb_gsolv": {
                "gsolv": -0.019514727636000373,
                "energy_xtb_gas": -53.590601951905,
                "energy_xtb_solv": -53.610116679541
            },
            "sp": {
                "energy": -923.756412289567
            },
            "gtot": -923.775927017203,
            "bmw": 0.00047529701473303485
        },
        "CONF9": {
            "xtb_gsolv": {
                "gsolv": -0.024222564396993107,
                "energy_xtb_gas": -53.584995718458,
                "energy_xtb_solv": -53.609218282855
            },
            "sp": {
                "energy": -923.747101816368
            },
            "gtot": -923.7713243807649,
            "bmw": 3.6299351824894234e-06
        },
        "CONF3": {
            "xtb_gsolv": {
                "gsolv": -0.020142666623996774,
                "energy_xtb_gas": -53.593021748535,
                "energy_xtb_solv": -53.613164415159
            },
            "sp": {
                "energy": -923.758360469606
            },
            "gtot": -923.77850313623,
            "bmw": 0.007276085888676294
        },
        "CONF7": {
            "xtb_gsolv": {
                "gsolv": -0.022861338208002735,
                "energy_xtb_gas": -53.587056944359,
                "energy_xtb_solv": -53.609918282567
            },
            "sp": {
                "energy": -923.747752708799
            },
            "gtot": -923.770614047007,
            "bmw": 1.7106767707858244e-06
        },
        "CONF8": {
            "xtb_gsolv": {
                "gsolv": -0.023603052895005305,
                "energy_xtb_gas": -53.585657880083,
                "energy_xtb_solv": -53.609260932978
            },
            "sp": {
                "energy": -923.747654894812
            },
            "gtot": -923.771257947707,
            "bmw": 3.3833098936477067e-06
        },
        "CONF1": {
            "xtb_gsolv": {
                "gsolv": -0.017281430286999466,
                "energy_xtb_gas": -53.599337567165,
                "energy_xtb_solv": -53.616618997452
            },
            "sp": {
                "energy": -923.765174737976
            },
            "gtot": -923.782456168263,
            "bmw": 0.4788138343675527
        }
    },
    "settings": {
        "threshold": 4.0,
        "func": "pbe-d4",
        "basis": "def2-sv(p)",
        "prog": "orca",
        "gfnv": "gfn2",
        "run": true,
        "template": false
    },
    "nconf_in": 9,
    "nconf_out": 4
}