{
    "partname": "screening",
    "runtime": 187.47376501653343,
    "results": {
        "CONF4": {
            "gsolv": {
                "gsolv": -0.013432903297939447,
                "energy_gas": -925.450552260625,
                "energy_solv": -925.463985163923
            },
            "gtot": -925.463985163923,
            "bmw": 0.008209662640576723
        },
        "CONF3": {
            "gsolv": {
                "gsolv": -0.014013774977001958,
                "energy_gas": -925.449859576394,
                "energy_solv": -925.463873351371
            },
            "gtot": -925.463873351371,
            "bmw": 0.007292813327756493
        },
        "CONF2": {
            "gsolv": {
                "gsolv": -0.01038727491697955,
                "energy_gas": -925.457530534528,
                "energy_solv": -925.467917809445
            },
            "gtot": -925.467917809445,
            "bmw": 0.5287094076299994
        },
        "CONF1": {
            "gsolv": {
                "gsolv": -0.010427220822975869,
                "energy_gas": -925.457350461444,
                "energy_solv": -925.467777682267
            },
            "gtot": -925.467777682267,
            "bmw": 0.45578811640166733
        }
    },
    "settings": {
        "threshold": 3.5,
        "func": "r2scan-3c",
        "basis": "def2-tzvp",
        "prog": "orca",
        "sm": "smd",
        "gfnv": "gfn2",
        "run": true,
        "implicit": false,
        "template": false
    },
    "nconf_in": 4,
    "nconf_out": 4
}