{
   "temperature":     298.150000000000,
   "unit": "hartree",
   "energy":     -39.986528980353,
   "free energy":     -39.868662865238,
   "G(T)":       0.117866115115,
   "ZPVE":       0.159610434386,
   "number of imags":0,
   "point group": "c1",
   "gradient norm":       0.000033045944
}
