{
   "temperature":     298.150000000000,
   "unit": "hartree",
   "energy":     -24.061861292441,
   "free energy":     -23.906111600407,
   "G(T)":       0.155749692034,
   "ZPVE":       0.189540159900,
   "number of imags":0,
   "point group": "c1",
   "gradient norm":       0.000048468701
}
