{
   "temperature":     298.150000000000,
   "unit": "hartree",
   "energy":     -27.125746342480,
   "free energy":     -26.992497110781,
   "G(T)":       0.133249231699,
   "ZPVE":       0.170678533665,
   "number of imags":0,
   "point group": "c1",
   "gradient norm":       0.000077216429
}
