{
   "temperature":     298.150000000000,
   "unit": "hartree",
   "energy":     -19.992509410876,
   "free energy":     -19.837483427257,
   "G(T)":       0.155025983619,
   "ZPVE":       0.187082956588,
   "number of imags":0,
   "point group": "c1",
   "gradient norm":       0.000027891930
}
