{
    "partname": "screening",
    "runtime": 184.67024627700448,
    "results": {
        "CONF15": {
            "gsolv": {
                "gsolv": -0.004844463134020316,
                "energy_gas": -312.203208380758,
                "energy_solv": -312.208052843892
            },
            "gtot": -312.208052843892,
            "bmw": 0.056211135738460684
        },
        "CONF1": {
            "gsolv": {
                "gsolv": -0.004745617437038163,
                "energy_gas": -312.203004536652,
                "energy_solv": -312.207750154089
            },
            "gtot": -312.207750154089,
            "bmw": 0.04079384940601544
        },
        "CONF48": {
            "gsolv": {
                "gsolv": -0.004836823193954842,
                "energy_gas": -312.198605238061,
                "energy_solv": -312.203442061255
            },
            "gtot": -312.203442061255,
            "bmw": 0.0004256073816984642
        },
        "CONF17": {
            "gsolv": {
                "gsolv": -0.00491986854501647,
                "energy_gas": -312.203006065622,
                "energy_solv": -312.207925934167
            },
            "gtot": -312.207925934167,
            "bmw": 0.049141445537342454
        },
        "CONF35": {
            "gsolv": {
                "gsolv": -0.004827439313999093,
                "energy_gas": -312.198623019563,
                "energy_solv": -312.203450458877
            },
            "gtot": -312.203450458877,
            "bmw": 0.00042940964059722474
        },
        "CONF8": {
            "gsolv": {
                "gsolv": -0.00490439345003324,
                "energy_gas": -312.203259893993,
                "energy_solv": -312.208164287443
            },
            "gtot": -312.208164287443,
            "bmw": 0.06325325008981483
        },
        "CONF13": {
            "gsolv": {
                "gsolv": -0.004584665516972564,
                "energy_gas": -312.203634991917,
                "energy_solv": -312.208219657434
            },
            "gtot": -312.208219657434,
            "bmw": 0.06707354775515859
        },
        "CONF42": {
            "gsolv": {
                "gsolv": -0.004781590704965311,
                "energy_gas": -312.198475472757,
                "energy_solv": -312.203257063462
            },
            "gtot": -312.203257063462,
            "bmw": 0.000349877534229388
        },
        "CONF4": {
            "gsolv": {
                "gsolv": -0.00538316737703326,
                "energy_gas": -312.202640416367,
                "energy_solv": -312.208023583744
            },
            "gtot": -312.208023583744,
            "bmw": 0.054495874206528606
        },
        "CONF45": {
            "gsolv": {
                "gsolv": -0.004784777136023877,
                "energy_gas": -312.198542046031,
                "energy_solv": -312.203326823167
            },
            "gtot": -312.203326823167,
            "bmw": 0.0003767066617047717
        },
        "CONF10": {
            "gsolv": {
                "gsolv": -0.004703330335985356,
                "energy_gas": -312.20322447947,
                "energy_solv": -312.207927809806
            },
            "gtot": -312.207927809806,
            "bmw": 0.049239162976355166
        },
        "CONF26": {
            "gsolv": {
                "gsolv": -0.005682864476000304,
                "energy_gas": -312.199303753068,
                "energy_solv": -312.204986617544
            },
            "gtot": -312.204986617544,
            "bmw": 0.0021850222661828453
        },
        "CONF14": {
            "gsolv": {
                "gsolv": -0.00457101027399176,
                "energy_gas": -312.202729214846,
                "energy_solv": -312.20730022512
            },
            "gtot": -312.20730022512,
            "bmw": 0.025330379009540233
        },
        "CONF6": {
            "gsolv": {
                "gsolv": -0.005362428002001707,
                "energy_gas": -312.202332939982,
                "energy_solv": -312.207695367984
            },
            "gtot": -312.207695367984,
            "bmw": 0.03849415798457911
        },
        "CONF46": {
            "gsolv": {
                "gsolv": -0.0048270769489704435,
                "energy_gas": -312.198600486725,
                "energy_solv": -312.203427563674
            },
            "gtot": -312.203427563674,
            "bmw": 0.0004191222588408505
        },
        "CONF28": {
            "gsolv": {
                "gsolv": -0.0058892126910450315,
                "energy_gas": -312.199297544902,
                "energy_solv": -312.205186757593
            },
            "gtot": -312.205186757593,
            "bmw": 0.002700933659522875
        },
        "CONF7": {
            "gsolv": {
                "gsolv": -0.005443743663988698,
                "energy_gas": -312.202901964487,
                "energy_solv": -312.208345708151
            },
            "gtot": -312.208345708151,
            "bmw": 0.07665325382102997
        },
        "CONF19": {
            "gsolv": {
                "gsolv": -0.005241870873021526,
                "energy_gas": -312.203007478887,
                "energy_solv": -312.20824934976
            },
            "gtot": -312.20824934976,
            "bmw": 0.06921636738526116
        },
        "CONF37": {
            "gsolv": {
                "gsolv": -0.004902851432007083,
                "energy_gas": -312.198367238037,
                "energy_solv": -312.203270089469
            },
            "gtot": -312.203270089469,
            "bmw": 0.00035473791218898894
        },
        "CONF2": {
            "gsolv": {
                "gsolv": -0.005027325244043368,
                "energy_gas": -312.203453753609,
                "energy_solv": -312.208481078853
            },
            "gtot": -312.208481078853,
            "bmw": 0.08847015895507196
        },
        "CONF21": {
            "gsolv": {
                "gsolv": -0.005064095002978775,
                "energy_gas": -312.198963126848,
                "energy_solv": -312.204027221851
            },
            "gtot": -312.204027221851,
            "bmw": 0.0007909779824927403
        },
        "CONF44": {
            "gsolv": {
                "gsolv": -0.00476973483199572,
                "energy_gas": -312.198509970735,
                "energy_solv": -312.203279705567
            },
            "gtot": -312.203279705567,
            "bmw": 0.0003583692225754917
        },
        "CONF5": {
            "gsolv": {
                "gsolv": -0.005427137292997486,
                "energy_gas": -312.202859251509,
                "energy_solv": -312.208286388802
            },
            "gtot": -312.208286388802,
            "bmw": 0.07198559238468276
        },
        "CONF36": {
            "gsolv": {
                "gsolv": -0.004861790194979676,
                "energy_gas": -312.198530290361,
                "energy_solv": -312.203392080556
            },
            "gtot": -312.203392080556,
            "bmw": 0.00040366363019077696
        },
        "CONF16": {
            "gsolv": {
                "gsolv": -0.005260452231993895,
                "energy_gas": -312.203136807304,
                "energy_solv": -312.208397259536
            },
            "gtot": -312.208397259536,
            "bmw": 0.08095479744838284
        },
        "CONF47": {
            "gsolv": {
                "gsolv": -0.004828713525000694,
                "energy_gas": -312.198603079787,
                "energy_solv": -312.203431793312
            },
            "gtot": -312.203431793312,
            "bmw": 0.0004210040026649619
        },
        "CONF12": {
            "gsolv": {
                "gsolv": -0.005287094316031471,
                "energy_gas": -312.202513771782,
                "energy_solv": -312.207800866098
            },
            "gtot": -312.207800866098,