{
   "temperature":     298.150000000000,
   "unit": "hartree",
   "energy":     -17.721141575815,
   "free energy":     -17.618007213160,
   "G(T)":       0.103134362655,
   "ZPVE":       0.133439326804,
   "number of imags":0,
   "point group": "c1",
   "gradient norm":       0.000052852395
}
