{
   "temperature":     298.150000000000,
   "unit": "hartree",
   "energy":     -30.345595587283,
   "free energy":     -30.220182414082,
   "G(T)":       0.125413173200,
   "ZPVE":       0.159693771206,
   "number of imags":0,
   "point group": "c2v",
   "gradient norm":       0.000011840243
}
