{
   "temperature":     298.150000000000,
   "unit": "hartree",
   "energy":     -20.895198653392,
   "free energy":     -20.764791527734,
   "G(T)":       0.130407125658,
   "ZPVE":       0.162276632267,
   "number of imags":0,
   "point group": "c1",
   "gradient norm":       0.000025592689
}
