{
   "temperature":     298.150000000000,
   "unit": "hartree",
   "energy":     -34.258409098192,
   "free energy":     -34.145582479308,
   "G(T)":       0.112826618884,
   "ZPVE":       0.154378457000,
   "number of imags":0,
   "point group": "c1",
   "gradient norm":       0.000032104248
}
