{
    "partname": "prescreening",
    "runtime": 8.791293874382973,
    "results": {
        "CONF3": {
            "xtb_gsolv": {
                "gsolv": -0.005663265769999981,
                "energy_xtb_gas": -26.271954414803,
                "energy_xtb_solv": -26.277617680573
            },
            "sp": {
                "energy": -385.218612001414
            },
            "gtot": -385.224275267184,
            "bmw": 0.048444674423432615
        },
        "CONF2": {
            "xtb_gsolv": {
                "gsolv": -0.004090565620000319,
                "energy_xtb_gas": -26.273875898506,
                "energy_xtb_solv": -26.277966464126
            },
            "sp": {
                "energy": -385.221947270397
            },
            "gtot": -385.226037836017,
            "bmw": 0.3133080730836818
        },
        "CONF6": {
            "xtb_gsolv": {
                "gsolv": -0.005843479687001718,
                "energy_xtb_gas": -26.270909532807,
                "energy_xtb_solv": -26.276753012494
            },
            "sp": {
                "energy": -385.218094905585
            },
            "gtot": -385.22393838527205,
            "bmw": 0.03390713443427658
        },
        "CONF4": {
            "xtb_gsolv": {
                "gsolv": -0.006442128027000393,
                "energy_xtb_gas": -26.270539864817,
                "energy_xtb_solv": -26.276981992844
            },
            "sp": {
                "energy": -385.218950233031
            },
            "gtot": -385.225392361058,
            "bmw": 0.15815162404417332
        },
        "CONF1": {
            "xtb_gsolv": {
                "gsolv": -0.005807834786001109,
                "energy_xtb_gas": -26.272686372671,
                "energy_xtb_solv": -26.278494207457
            },
            "sp": {
                "energy": -385.219351469586
            },
            "gtot": -385.225159304372,
            "bmw": 0.12355917527195774
        },
        "CONF7": {
            "xtb_gsolv": {
                "gsolv": -0.0066473663760007184,
                "energy_xtb_gas": -26.269938566581,
                "energy_xtb_solv": -26.276585932957
            },
            "sp": {
                "energy": -385.219093800641
            },
            "gtot": -385.225741167017,
            "bmw": 0.22883017428648536
        },
        "CONF5": {
            "xtb_gsolv": {
                "gsolv": -0.0057878201420002995,
                "energy_xtb_gas": -26.271045829345,
                "energy_xtb_solv": -26.276833649487
            },
            "sp": {
                "energy": -385.218493237537
            },
            "gtot": -385.22428105767904,
            "bmw": 0.048742689061675615
        },
        "CONF8": {
            "xtb_gsolv": {
                "gsolv": -0.005829332537999221,
                "energy_xtb_gas": -26.270215199225,
                "energy_xtb_solv": -26.276044531763
            },
            "sp": {
                "energy": -385.216458507788
            },
            "gtot": -385.222287840326,
            "bmw": 0.005903274324530406
        },
        "CONF9": {
            "xtb_gsolv": {
                "gsolv": -0.005845223640001507,
                "energy_xtb_gas": -26.26979969179,
                "energy_xtb_solv": -26.27564491543
            },
            "sp": {
                "energy": -385.217263755966
            },
            "gtot": -385.22310897960597,
            "bmw": 0.014086103967421689
        },
        "CONF10": {
            "xtb_gsolv": {
                "gsolv": -0.006504001446000274,
                "energy_xtb_gas": -26.268360908688,
                "energy_xtb_solv": -26.274864910134
            },
            "sp": {
                "energy": -385.216322145554
            },
            "gtot": -385.222826147,
            "bmw": 0.010439913395741986
        },
        "CONF11": {
            "xtb_gsolv": {
                "gsolv": -0.00447247204600032,
                "energy_xtb_gas": -26.269095569657,
                "energy_xtb_solv": -26.273568041703
            },
            "sp": {
                "energy": -385.214305498435
            },
            "gtot": -385.218777970481,
            "bmw": 0.00014343812142837752
        },
        "CONF12": {
            "xtb_gsolv": {
                "gsolv": -0.006798970866000786,
                "energy_xtb_gas": -26.266668289277,
                "energy_xtb_solv": -26.273467260143
            },
            "sp": {
                "energy": -385.21633629186
            },
            "gtot": -385.223135262726,
            "bmw": 0.014483725585194387
        }
    },
    "settings": {
        "threshold": 4.0,
        "func": "pbe-d4",
        "basis": "def2-sv(p)",
        "prog": "orca",
        "gfnv": "gfn2",
        "run": true,
        "template": false
    },
    "nconf_in": 12,
    "nconf_out": 11
}