{
    "partname": "screening",
    "runtime": 56.48152036033571,
    "results": {
        "CONF4": {
            "gsolv": {
                "gsolv": -0.010040142556022147,
                "energy_gas": -385.989697111343,
                "energy_solv": -385.999737253899
            },
            "gtot": -385.999737253899,
            "bmw": 0.08737840328162233
        },
        "CONF10": {
            "gsolv": {
                "gsolv": -0.010406239831979747,
                "energy_gas": -385.98681538835,
                "energy_solv": -385.997221628182
            },
            "gtot": -385.997221628182,
            "bmw": 0.006085501453357736
        },
        "CONF8": {
            "gsolv": {
                "gsolv": -0.010958380667943857,
                "energy_gas": -385.986747697553,
                "energy_solv": -385.997706078221
            },
            "gtot": -385.997706078221,
            "bmw": 0.010165481722051352
        },
        "CONF1": {
            "gsolv": {
                "gsolv": -0.010562286899983064,
                "energy_gas": -385.989852885657,
                "energy_solv": -386.000415172557
            },
            "gtot": -386.000415172557,
            "bmw": 0.17915341971168647
        },
        "CONF6": {
            "gsolv": {
                "gsolv": -0.009340030762018614,
                "energy_gas": -385.987145532068,
                "energy_solv": -385.99648556283
            },
            "gtot": -385.99648556283,
            "bmw": 0.0027908066196845483
        },
        "CONF5": {
            "gsolv": {
                "gsolv": -0.00980777243501052,
                "energy_gas": -385.98746487797,
                "energy_solv": -385.997272650405
            },
            "gtot": -385.997272650405,
            "bmw": 0.006423400017431124
        },
        "CONF12": {
            "gsolv": {
                "gsolv": -0.011218485088988928,
                "energy_gas": -385.986427263973,
                "energy_solv": -385.997645749062
            },
            "gtot": -385.997645749062,
            "bmw": 0.009536268524212703
        },
        "CONF7": {
            "gsolv": {
                "gsolv": -0.010323508058036168,
                "energy_gas": -385.988970249363,
                "energy_solv": -385.999293757421
            },
            "gtot": -385.999293757421,
            "bmw": 0.054627313763495264
        },
        "CONF9": {
            "gsolv": {
                "gsolv": -0.011143602496986205,
                "energy_gas": -385.987051266514,
                "energy_solv": -385.998194869011
            },
            "gtot": -385.998194869011,
            "bmw": 0.017059101940459964
        },
        "CONF2": {
            "gsolv": {
                "gsolv": -0.008992940854966491,
                "energy_gas": -385.99224135635,
                "energy_solv": -386.001234297205
            },
            "gtot": -386.001234297205,
            "bmw": 0.4265759435923146
        },
        "CONF3": {
            "gsolv": {
                "gsolv": -0.012060965087016484,
                "energy_gas": -385.988459102616,
                "energy_solv": -386.000520067703
            },
            "gtot": -386.000520067703,
            "bmw": 0.20020435937368414
        }
    },
    "settings": {
        "threshold": 3.5,
        "func": "r2scan-3c",
        "basis": "def2-tzvp",
        "prog": "orca",
        "sm": "smd",
        "gfnv": "gfn2",
        "run": true,
        "implicit": false,
        "template": false
    },
    "nconf_in": 11,
    "nconf_out": 11
}