{
    "partname": "refinement",
    "runtime": 351.5282622138038,
    "results": {
        "CONF1": {
            "gsolv": {
                "gsolv": -0.011231436400976236,
                "energy_gas": -386.109169966657,
                "energy_solv": -386.120401403058
            },
            "gtot": -386.120401403058,
            "bmw": 0.10105386294436425
        },
        "CONF4": {
            "gsolv": {
                "gsolv": -0.010598237502961183,
                "energy_gas": -386.109324348291,
                "energy_solv": -386.119922585794
            },
            "gtot": -386.119922585794,
            "bmw": 0.06085723596925275
        },
        "CONF12": {
            "gsolv": {
                "gsolv": -0.011834367407971058,
                "energy_gas": -386.108148741865,
                "energy_solv": -386.119983109273
            },
            "gtot": -386.119983109273,
            "bmw": 0.06488601414395094
        },
        "CONF5": {
            "gsolv": {
                "gsolv": -0.012713051405000897,
                "energy_gas": -386.107914347401,
                "energy_solv": -386.120627398806
            },
            "gtot": -386.120627398806,
            "bmw": 0.12838189098341132
        },
        "CONF7": {
            "gsolv": {
                "gsolv": -0.011634625264036913,
                "energy_gas": -386.108400931104,
                "energy_solv": -386.120035556368
            },
            "gtot": -386.120035556368,
            "bmw": 0.06859225657848964
        },
        "CONF3": {
            "gsolv": {
                "gsolv": -0.012752474076023645,
                "energy_gas": -386.107897895583,
                "energy_solv": -386.120650369659
            },
            "gtot": -386.120650369659,
            "bmw": 0.13154357156270774
        },
        "CONF9": {
            "gsolv": {
                "gsolv": -0.01277604875298266,
                "energy_gas": -386.107833479698,
                "energy_solv": -386.120609528451
            },
            "gtot": -386.120609528451,
            "bmw": 0.12597488598164028
        },
        "CONF6": {
            "gsolv": {
                "gsolv": -0.012786869397984901,
                "energy_gas": -386.107859249697,
                "energy_solv": -386.120646119095
            },
            "gtot": -386.120646119095,
            "bmw": 0.13095271446802684
        },
        "CONF2": {
            "gsolv": {
                "gsolv": -0.009565410437971877,
                "energy_gas": -386.111420912519,
                "energy_solv": -386.120986322957
            },
            "gtot": -386.120986322957,
            "bmw": 0.18775756736815627
        }
    },
    "settings": {
        "threshold": 0.95,
        "func": "wb97x-v",
        "basis": "def2-tzvp",
        "prog": "orca",
        "sm": "smd",
        "gfnv": "gfn2",
        "run": true,
        "implicit": false,
        "template": false
    },
    "nconf_in": 9,
    "nconf_out": 9
}