{
   "temperature":     298.150000000000,
   "unit": "hartree",
   "energy":     -25.304900227758,
   "free energy":     -25.115158181829,
   "G(T)":       0.189742045929,
   "ZPVE":       0.223879116197,
   "number of imags":0,
   "point group": "c1",
   "gradient norm":       0.000042302625
}
