{
   "temperature":     298.150000000000,
   "unit": "hartree",
   "energy":     -24.060359915375,
   "free energy":     -23.904424466209,
   "G(T)":       0.155935449166,
   "ZPVE":       0.189824682120,
   "number of imags":0,
   "point group": "c1",
   "gradient norm":       0.000030937526
}
