{
   "temperature":     298.150000000000,
   "unit": "hartree",
   "energy":     -24.059261361370,
   "free energy":     -23.902974197277,
   "G(T)":       0.156287164093,
   "ZPVE":       0.189953601946,
   "number of imags":0,
   "point group": "c1",
   "gradient norm":       0.000063742761
}
