{
   "temperature":     298.150000000000,
   "unit": "hartree",
   "energy":     -20.895108268568,
   "free energy":     -20.764577466790,
   "G(T)":       0.130530801778,
   "ZPVE":       0.162332635411,
   "number of imags":0,
   "point group": "c1",
   "gradient norm":       0.000056056766
}
