{
   "temperature":     298.150000000000,
   "unit": "hartree",
   "energy":     -23.954509693752,
   "free energy":     -23.847217230968,
   "G(T)":       0.107292462784,
   "ZPVE":       0.143101674299,
   "number of imags":0,
   "point group": "c1",
   "gradient norm":       0.000048657870
}
