{
   "temperature":     298.150000000000,
   "unit": "hartree",
   "energy":     -20.908565139685,
   "free energy":     -20.779313484278,
   "G(T)":       0.129251655408,
   "ZPVE":       0.161790910321,
   "number of imags":0,
   "point group": "c1",
   "gradient norm":       0.000025911403
}
