{
   "temperature":     298.150000000000,
   "unit": "hartree",
   "energy":     -20.903038322311,
   "free energy":     -20.773050378507,
   "G(T)":       0.129987943805,
   "ZPVE":       0.162060182969,
   "number of imags":0,
   "point group": "c1",
   "gradient norm":       0.000064422690
}
