{
   "temperature":     298.150000000000,
   "unit": "hartree",
   "energy":     -39.986530304748,
   "free energy":     -39.868666209563,
   "G(T)":       0.117864095185,
   "ZPVE":       0.159608611806,
   "number of imags":0,
   "point group": "c1",
   "gradient norm":       0.000029119981
}
