{
   "temperature":     298.150000000000,
   "unit": "hartree",
   "energy":     -20.894916915921,
   "free energy":     -20.765409598568,
   "G(T)":       0.129507317353,
   "ZPVE":       0.161735022701,
   "number of imags":0,
   "point group": "c1",
   "gradient norm":       0.000044697315
}
