{
   "temperature":     298.150000000000,
   "unit": "hartree",
   "energy":     -18.942217914268,
   "free energy":     -18.812173836215,
   "G(T)":       0.130044078053,
   "ZPVE":       0.162567442112,
   "number of imags":0,
   "point group": "c1",
   "gradient norm":       0.000022923645
}
