{
   "temperature":     298.150000000000,
   "unit": "hartree",
   "energy":     -24.061075898419,
   "free energy":     -23.904975195273,
   "G(T)":       0.156100703146,
   "ZPVE":       0.189826474803,
   "number of imags":0,
   "point group": "c1",
   "gradient norm":       0.000050284701
}
