{
   "temperature":     298.150000000000,
   "unit": "hartree",
   "energy":     -25.310518574769,
   "free energy":     -25.122010679874,
   "G(T)":       0.188507894894,
   "ZPVE":       0.223356967062,
   "number of imags":0,
   "point group": "c1",
   "gradient norm":       0.000048105279
}
