{
   "temperature":     298.150000000000,
   "unit": "hartree",
   "energy":     -20.891946846631,
   "free energy":     -20.761536389256,
   "G(T)":       0.130410457374,
   "ZPVE":       0.162294613143,
   "number of imags":0,
   "point group": "c1",
   "gradient norm":       0.000052082754
}
