{
   "temperature":     298.150000000000,
   "unit": "hartree",
   "energy":     -22.695109688082,
   "free energy":     -22.614355986873,
   "G(T)":       0.080753701210,
   "ZPVE":       0.112443651206,
   "number of imags":0,
   "point group": "c1",
   "gradient norm":       0.000084090829
}
