{
   "temperature":     298.150000000000,
   "unit": "hartree",
   "energy":     -20.799650472682,
   "free energy":     -20.715976523673,
   "G(T)":       0.083673949008,
   "ZPVE":       0.115828095453,
   "number of imags":0,
   "point group": "c1",
   "gradient norm":       0.000077295101
}
