{
   "temperature":     298.150000000000,
   "unit": "hartree",
   "energy":     -19.867820207141,
   "free energy":     -19.762036797353,
   "G(T)":       0.105783409788,
   "ZPVE":       0.138482651470,
   "number of imags":0,
   "point group": "c1",
   "gradient norm":       0.000028365527
}
