{
    "partname": "prescreening",
    "runtime": 15.84830547310412,
    "results": {
        "CONF3": {
            "xtb_gsolv": {
                "gsolv": 0.0011270055679979407,
                "energy_xtb_gas": -29.490563620179,
                "energy_xtb_solv": -29.489436614611
            },
            "sp": {
                "energy": -354.087687739786
            },
            "gtot": -354.08656073421804,
            "bmw": 0.09433635878172418
        },
        "CONF1": {
            "xtb_gsolv": {
                "gsolv": 0.0011036984809997819,
                "energy_xtb_gas": -29.491820609527,
                "energy_xtb_solv": -29.490716911046
            },
            "sp": {
                "energy": -354.089056034906
            },
            "gtot": -354.08795233642496,
            "bmw": 0.41188105515482093
        },
        "CONF5": {
            "xtb_gsolv": {
                "gsolv": 0.0011473970129998179,
                "energy_xtb_gas": -29.489223123108,
                "energy_xtb_solv": -29.488075726095
            },
            "sp": {
                "energy": -354.086001039717
            },
            "gtot": -354.08485364270405,
            "bmw": 0.015469325062632551
        },
        "CONF2": {
            "xtb_gsolv": {
                "gsolv": 0.0011032129890011788,
                "energy_xtb_gas": -29.491738164937,
                "energy_xtb_solv": -29.490634951948
            },
            "sp": {
                "energy": -354.088900700233
            },
            "gtot": -354.087797487244,
            "bmw": 0.3495796343042288
        },
        "CONF6": {
            "xtb_gsolv": {
                "gsolv": 0.0011297804969991887,
                "energy_xtb_gas": -29.489068684585,
                "energy_xtb_solv": -29.487938904088
            },
            "sp": {
                "energy": -354.085661961405
            },
            "gtot": -354.08453218090796,
            "bmw": 0.011005484703088323
        },
        "CONF4": {
            "xtb_gsolv": {
                "gsolv": 0.0011303131160005364,
                "energy_xtb_gas": -29.490487005553,
                "energy_xtb_solv": -29.489356692437
            },
            "sp": {
                "energy": -354.087700371097
            },
            "gtot": -354.086570057981,
            "bmw": 0.09527253989400644
        },
        "CONF8": {
            "xtb_gsolv": {
                "gsolv": 0.001161367956999726,
                "energy_xtb_gas": -29.487646926714,
                "energy_xtb_solv": -29.486485558757
            },
            "sp": {
                "energy": -354.085547839843
            },
            "gtot": -354.084386471886,
            "bmw": 0.009431649729734483
        },
        "CONF7": {
            "xtb_gsolv": {
                "gsolv": 0.0011775895620012022,
                "energy_xtb_gas": -29.487999169218,
                "energy_xtb_solv": -29.486821579656
            },
            "sp": {
                "energy": -354.085868767616
            },
            "gtot": -354.08469117805396,
            "bmw": 0.013023952369764297
        }
    },
    "settings": {
        "threshold": 4.0,
        "func": "pbe-d4",
        "basis": "def2-sv(p)",
        "prog": "orca",
        "gfnv": "gfn2",
        "run": true,
        "template": false
    },
    "nconf_in": 8,
    "nconf_out": 8
}