{
    "partname": "screening",
    "runtime": 79.35869390331209,
    "results": {
        "CONF1": {
            "gsolv": {
                "gsolv": 0.004403186046999963,
                "energy_gas": -354.889923944379,
                "energy_solv": -354.885520758332
            },
            "gtot": -354.885520758332,
            "bmw": 0.37480372190276606
        },
        "CONF2": {
            "gsolv": {
                "gsolv": 0.004391764583999702,
                "energy_gas": -354.889767952175,
                "energy_solv": -354.885376187591
            },
            "gtot": -354.885376187591,
            "bmw": 0.3215925335207762
        },
        "CONF3": {
            "gsolv": {
                "gsolv": 0.0043466642200087335,
                "energy_gas": -354.888888530522,
                "energy_solv": -354.884541866302
            },
            "gtot": -354.884541866302,
            "bmw": 0.13290604313599538
        },
        "CONF6": {
            "gsolv": {
                "gsolv": 0.0043349509610379755,
                "energy_gas": -354.886826955974,
                "energy_solv": -354.882492005013
            },
            "gtot": -354.882492005013,
            "bmw": 0.015159113401107729
        },
        "CONF4": {
            "gsolv": {
                "gsolv": 0.004327331885008334,
                "energy_gas": -354.888769739815,
                "energy_solv": -354.88444240793
            },
            "gtot": -354.88444240793,
            "bmw": 0.11961813970410734
        },
        "CONF7": {
            "gsolv": {
                "gsolv": 0.004163488941969717,
                "energy_gas": -354.886358280805,
                "energy_solv": -354.882194791863
            },
            "gtot": -354.882194791863,
            "bmw": 0.01106535154342971
        },
        "CONF5": {
            "gsolv": {
                "gsolv": 0.004323804745013149,
                "energy_gas": -354.887054036057,
                "energy_solv": -354.882730231312
            },
            "gtot": -354.882730231312,
            "bmw": 0.019509687559102984
        },
        "CONF8": {
            "gsolv": {
                "gsolv": 0.004131852133980374,
                "energy_gas": -354.885639674151,
                "energy_solv": -354.881507822017
            },
            "gtot": -354.881507822017,
            "bmw": 0.00534540923271453
        }
    },
    "settings": {
        "threshold": 3.5,
        "func": "r2scan-3c",
        "basis": "def2-tzvp",
        "prog": "orca",
        "sm": "smd",
        "gfnv": "gfn2",
        "run": true,
        "implicit": false,
        "template": false
    },
    "nconf_in": 8,
    "nconf_out": 8
}