{
   "temperature":     298.150000000000,
   "unit": "hartree",
   "energy":     -30.343619145490,
   "free energy":     -30.220782992491,
   "G(T)":       0.122836152999,
   "ZPVE":       0.159584627787,
   "number of imags":0,
   "point group": "cs",
   "gradient norm":       0.000033328165
}
