{
   "temperature":     298.150000000000,
   "unit": "hartree",
   "energy":     -20.894451702821,
   "free energy":     -20.765082547173,
   "G(T)":       0.129369155649,
   "ZPVE":       0.161755459176,
   "number of imags":0,
   "point group": "c1",
   "gradient norm":       0.000023679502
}
