{
   "temperature":     298.150000000000,
   "unit": "hartree",
   "energy":     -23.962111071893,
   "free energy":     -23.854464079718,
   "G(T)":       0.107646992175,
   "ZPVE":       0.142914829694,
   "number of imags":0,
   "point group": "c1",
   "gradient norm":       0.000070327251
}
