{
   "temperature":     298.150000000000,
   "unit": "hartree",
   "energy":     -26.278399424581,
   "free energy":     -26.156542900446,
   "G(T)":       0.121856524135,
   "ZPVE":       0.156350066935,
   "number of imags":0,
   "point group": "c1",
   "gradient norm":       0.000045185920
}
