{
   "temperature":     298.150000000000,
   "unit": "hartree",
   "energy":     -24.060243554953,
   "free energy":     -23.904590957106,
   "G(T)":       0.155652597847,
   "ZPVE":       0.189757880608,
   "number of imags":0,
   "point group": "c1",
   "gradient norm":       0.000037918507
}
