{
   "temperature":     298.150000000000,
   "unit": "hartree",
   "energy":     -17.088477414733,
   "free energy":     -16.972067362232,
   "G(T)":       0.116410052501,
   "ZPVE":       0.146778075845,
   "number of imags":0,
   "point group": "c1",
   "gradient norm":       0.000065792059
}
