{
   "temperature":     298.150000000000,
   "unit": "hartree",
   "energy":     -23.957306226887,
   "free energy":     -23.849791011408,
   "G(T)":       0.107515215479,
   "ZPVE":       0.143220514240,
   "number of imags":0,
   "point group": "c1",
   "gradient norm":       0.000032491012
}
