{
   "temperature":     298.150000000000,
   "unit": "hartree",
   "energy":     -24.055990791866,
   "free energy":     -23.899815067941,
   "G(T)":       0.156175723926,
   "ZPVE":       0.190127526474,
   "number of imags":0,
   "point group": "c1",
   "gradient norm":       0.000056591653
}
