{
   "temperature":     298.150000000000,
   "unit": "hartree",
   "energy":     -26.903577036804,
   "free energy":     -26.848380422162,
   "G(T)":       0.055196614642,
   "ZPVE":       0.089649239683,
   "number of imags":0,
   "point group": "c1",
   "gradient norm":       0.000099170854
}
