{
   "temperature":     298.150000000000,
   "unit": "hartree",
   "energy":     -28.540717098074,
   "free energy":     -28.366430271739,
   "G(T)":       0.174286826335,
   "ZPVE":       0.209707585155,
   "number of imags":0,
   "point group": "c1",
   "gradient norm":       0.000032765450
}
