{
   "temperature":     298.150000000000,
   "unit": "hartree",
   "energy":     -26.196295323836,
   "free energy":     -26.037367458572,
   "G(T)":       0.158927865264,
   "ZPVE":       0.194902568877,
   "number of imags":0,
   "point group": "c1",
   "gradient norm":       0.000028177965
}
