{
   "temperature":     298.150000000000,
   "unit": "hartree",
   "energy":     -32.490408856723,
   "free energy":     -32.362254105441,
   "G(T)":       0.128154751281,
   "ZPVE":       0.164902531147,
   "number of imags":0,
   "point group": "cs",
   "gradient norm":       0.000039089144
}
