{
   "temperature":     298.150000000000,
   "unit": "hartree",
   "energy":     -36.591064829249,
   "free energy":     -36.460902280516,
   "G(T)":       0.130162548733,
   "ZPVE":       0.169444444332,
   "number of imags":0,
   "point group": "cs",
   "gradient norm":       0.000057920832
}
