{
   "temperature":     298.150000000000,
   "unit": "hartree",
   "energy":     -29.093903591155,
   "free energy":     -28.944789142372,
   "G(T)":       0.149114448783,
   "ZPVE":       0.184844065172,
   "number of imags":0,
   "point group": "c1",
   "gradient norm":       0.000195325785
}
