{
   "temperature":     298.150000000000,
   "unit": "hartree",
   "energy":     -24.059613780901,
   "free energy":     -23.903229084446,
   "G(T)":       0.156384696454,
   "ZPVE":       0.190001276557,
   "number of imags":0,
   "point group": "c1",
   "gradient norm":       0.000068708738
}
