{
   "temperature":     298.150000000000,
   "unit": "hartree",
   "energy":     -20.895442289767,
   "free energy":     -20.766020032681,
   "G(T)":       0.129422257086,
   "ZPVE":       0.161777848774,
   "number of imags":0,
   "point group": "c1",
   "gradient norm":       0.000062346933
}
