{
   "temperature":     298.150000000000,
   "unit": "hartree",
   "energy":     -19.867630521265,
   "free energy":     -19.760985509009,
   "G(T)":       0.106645012255,
   "ZPVE":       0.138961940012,
   "number of imags":0,
   "point group": "c1",
   "gradient norm":       0.000049789585
}
