{
   "temperature":     298.150000000000,
   "unit": "hartree",
   "energy":     -23.958461339493,
   "free energy":     -23.849522800460,
   "G(T)":       0.108938539033,
   "ZPVE":       0.143451803044,
   "number of imags":0,
   "point group": "c1",
   "gradient norm":       0.000049305239
}
