{
   "temperature":     298.150000000000,
   "unit": "hartree",
   "energy":     -24.058626723568,
   "free energy":     -23.902477988390,
   "G(T)":       0.156148735178,
   "ZPVE":       0.189966670920,
   "number of imags":0,
   "point group": "c1",
   "gradient norm":       0.000052723364
}
