{
   "temperature":     298.150000000000,
   "unit": "hartree",
   "energy":     -24.055539932488,
   "free energy":     -23.898291940852,
   "G(T)":       0.157247991636,
   "ZPVE":       0.190418373483,
   "number of imags":0,
   "point group": "c1",
   "gradient norm":       0.000035035190
}
