{
   "temperature":     298.150000000000,
   "unit": "hartree",
   "energy":     -26.282367733306,
   "free energy":     -26.159474021720,
   "G(T)":       0.122893711585,
   "ZPVE":       0.156543859090,
   "number of imags":0,
   "point group": "cs",
   "gradient norm":       0.000067486750
}
