{
   "temperature":     298.150000000000,
   "unit": "hartree",
   "energy":     -22.695889952217,
   "free energy":     -22.613620504879,
   "G(T)":       0.082269447338,
   "ZPVE":       0.113140947255,
   "number of imags":0,
   "point group": "c1",
   "gradient norm":       0.000053262197
}
