{
   "temperature":     298.150000000000,
   "unit": "hartree",
   "energy":     -25.310518960142,
   "free energy":     -25.122008079745,
   "G(T)":       0.188510880397,
   "ZPVE":       0.223356765768,
   "number of imags":0,
   "point group": "c1",
   "gradient norm":       0.000059601270
}
