{
   "temperature":     298.150000000000,
   "unit": "hartree",
   "energy":     -24.060174719514,
   "free energy":     -23.904004289743,
   "G(T)":       0.156170429771,
   "ZPVE":       0.189803551322,
   "number of imags":0,
   "point group": "c1",
   "gradient norm":       0.000021003089
}
