{
   "temperature":     298.150000000000,
   "unit": "hartree",
   "energy":     -25.307787885931,
   "free energy":     -25.117509092081,
   "G(T)":       0.190278793850,
   "ZPVE":       0.223909398235,
   "number of imags":0,
   "point group": "c1",
   "gradient norm":       0.000034990497
}
