{
   "temperature":     298.150000000000,
   "unit": "hartree",
   "energy":     -24.056016761744,
   "free energy":     -23.901436465832,
   "G(T)":       0.154580295911,
   "ZPVE":       0.190012973762,
   "number of imags":0,
   "point group": "c1",
   "gradient norm":       0.000044019981
}
