{
   "temperature":     298.150000000000,
   "unit": "hartree",
   "energy":     -22.696077903738,
   "free energy":     -22.615146387874,
   "G(T)":       0.080931515863,
   "ZPVE":       0.112630300365,
   "number of imags":0,
   "point group": "c1",
   "gradient norm":       0.000041574548
}
