{
   "temperature":     298.150000000000,
   "unit": "hartree",
   "energy":     -24.060068801038,
   "free energy":     -23.903436439317,
   "G(T)":       0.156632361721,
   "ZPVE":       0.190096185146,
   "number of imags":0,
   "point group": "c1",
   "gradient norm":       0.000028604546
}
