{
   "temperature":     298.150000000000,
   "unit": "hartree",
   "energy":     -23.958006633553,
   "free energy":     -23.850101220351,
   "G(T)":       0.107905413203,
   "ZPVE":       0.143218126635,
   "number of imags":0,
   "point group": "c1",
   "gradient norm":       0.000038239352
}
