{
   "temperature":     298.150000000000,
   "unit": "hartree",
   "energy":     -39.652093006235,
   "free energy":     -39.540636761460,
   "G(T)":       0.111456244775,
   "ZPVE":       0.150542436785,
   "number of imags":0,
   "point group": "c1",
   "gradient norm":       0.000069029809
}
