{
   "temperature":     298.150000000000,
   "unit": "hartree",
   "energy":     -24.060282738525,
   "free energy":     -23.904083978830,
   "G(T)":       0.156198759696,
   "ZPVE":       0.189862085847,
   "number of imags":0,
   "point group": "c1",
   "gradient norm":       0.000040767832
}
