{
   "temperature":     298.150000000000,
   "unit": "hartree",
   "energy":     -20.893676718245,
   "free energy":     -20.763710480139,
   "G(T)":       0.129966238106,
   "ZPVE":       0.162001339260,
   "number of imags":0,
   "point group": "c1",
   "gradient norm":       0.000038497783
}
