{
   "temperature":     298.150000000000,
   "unit": "hartree",
   "energy":     -20.894968124918,
   "free energy":     -20.765301935630,
   "G(T)":       0.129666189288,
   "ZPVE":       0.161890618892,
   "number of imags":0,
   "point group": "c1",
   "gradient norm":       0.000051485647
}
