{
   "temperature":     298.150000000000,
   "unit": "hartree",
   "energy":     -24.057827858663,
   "free energy":     -23.901749633805,
   "G(T)":       0.156078224858,
   "ZPVE":       0.189962287948,
   "number of imags":0,
   "point group": "c1",
   "gradient norm":       0.000040538624
}
