{
   "temperature":     298.150000000000,
   "unit": "hartree",
   "energy":     -18.620653350970,
   "free energy":     -18.541840543452,
   "G(T)":       0.078812807519,
   "ZPVE":       0.108856538875,
   "number of imags":0,
   "point group": "c1",
   "gradient norm":       0.000071230405
}
