{
   "temperature":     298.150000000000,
   "unit": "hartree",
   "energy":     -16.904461326634,
   "free energy":     -16.806985896736,
   "G(T)":       0.097475429898,
   "ZPVE":       0.129252238888,
   "number of imags":0,
   "point group": "c1",
   "gradient norm":       0.000059389971
}
