{
   "temperature":     298.150000000000,
   "unit": "hartree",
   "energy":     -15.770175593029,
   "free energy":     -15.665623576598,
   "G(T)":       0.104552016431,
   "ZPVE":       0.134848358588,
   "number of imags":0,
   "point group": "c1",
   "gradient norm":       0.000026396332
}
