{
   "temperature":     298.150000000000,
   "unit": "hartree",
   "energy":     -36.577729066866,
   "free energy":     -36.447835732494,
   "G(T)":       0.129893334372,
   "ZPVE":       0.168921368569,
   "number of imags":0,
   "point group": "cs",
   "gradient norm":       0.000191457254
}
