{
   "temperature":     298.150000000000,
   "unit": "hartree",
   "energy":     -24.059678566139,
   "free energy":     -23.903432989081,
   "G(T)":       0.156245577058,
   "ZPVE":       0.189935842714,
   "number of imags":0,
   "point group": "c1",
   "gradient norm":       0.000038622298
}
