{
   "temperature":     298.150000000000,
   "unit": "hartree",
   "energy":     -24.060653742353,
   "free energy":     -23.903859815422,
   "G(T)":       0.156793926931,
   "ZPVE":       0.190029916352,
   "number of imags":0,
   "point group": "c1",
   "gradient norm":       0.000035505275
}
