{
   "temperature":     298.150000000000,
   "unit": "hartree",
   "energy":     -20.890125384281,
   "free energy":     -20.759273487598,
   "G(T)":       0.130851896683,
   "ZPVE":       0.162508018993,
   "number of imags":0,
   "point group": "c1",
   "gradient norm":       0.000040346704
}
