{
   "temperature":     298.150000000000,
   "unit": "hartree",
   "energy":     -17.243995176297,
   "free energy":     -17.155063881565,
   "G(T)":       0.088931294732,
   "ZPVE":       0.121005705476,
   "number of imags":0,
   "point group": "c1",
   "gradient norm":       0.000066686581
}
