{
   "temperature":     298.150000000000,
   "unit": "hartree",
   "energy":     -23.154643906755,
   "free energy":     -22.972541514837,
   "G(T)":       0.182102391918,
   "ZPVE":       0.215412610258,
   "number of imags":0,
   "point group": "c1",
   "gradient norm":       0.000026936627
}
