{
   "temperature":     298.150000000000,
   "unit": "hartree",
   "energy":     -24.056314548375,
   "free energy":     -23.900713587895,
   "G(T)":       0.155600960480,
   "ZPVE":       0.190089813946,
   "number of imags":0,
   "point group": "c1",
   "gradient norm":       0.000055395716
}
