{
   "temperature":     298.150000000000,
   "unit": "hartree",
   "energy":     -24.062067222762,
   "free energy":     -23.906426536392,
   "G(T)":       0.155640686370,
   "ZPVE":       0.189700042118,
   "number of imags":0,
   "point group": "c1",
   "gradient norm":       0.000055883937
}
