{
   "temperature":     298.150000000000,
   "unit": "hartree",
   "energy":     -23.958038383245,
   "free energy":     -23.849977740745,
   "G(T)":       0.108060642500,
   "ZPVE":       0.143231279673,
   "number of imags":0,
   "point group": "c1",
   "gradient norm":       0.000045788529
}
