{
   "temperature":     298.150000000000,
   "unit": "hartree",
   "energy":     -52.662847506452,
   "free energy":     -52.429489113890,
   "G(T)":       0.233358392562,
   "ZPVE":       0.283460520565,
   "number of imags":0,
   "point group": "c1",
   "gradient norm":       0.000127636607
}
