{
   "temperature":     298.150000000000,
   "unit": "hartree",
   "energy":     -24.061444384458,
   "free energy":     -23.904964012440,
   "G(T)":       0.156480372018,
   "ZPVE":       0.190028849779,
   "number of imags":0,
   "point group": "c1",
   "gradient norm":       0.000069507179
}
