{
   "temperature":     298.150000000000,
   "unit": "hartree",
   "energy":     -32.358840294124,
   "free energy":     -32.221519085234,
   "G(T)":       0.137321208890,
   "ZPVE":       0.175265544574,
   "number of imags":0,
   "point group": "c1",
   "gradient norm":       0.000059699087
}
