{
   "temperature":     298.150000000000,
   "unit": "hartree",
   "energy":     -23.159197754525,
   "free energy":     -22.978367685384,
   "G(T)":       0.180830069141,
   "ZPVE":       0.214688322818,
   "number of imags":0,
   "point group": "c1",
   "gradient norm":       0.000036698015
}
