{
   "temperature":     298.150000000000,
   "unit": "hartree",
   "energy":     -32.577983166540,
   "free energy":     -32.403640112722,
   "G(T)":       0.174343053819,
   "ZPVE":       0.211459157830,
   "number of imags":0,
   "point group": "c1",
   "gradient norm":       0.000035160203
}
