{
   "temperature":     298.150000000000,
   "unit": "hartree",
   "energy":     -22.692701299048,
   "free energy":     -22.612085451484,
   "G(T)":       0.080615847564,
   "ZPVE":       0.112318758447,
   "number of imags":0,
   "point group": "c1",
   "gradient norm":       0.000061128454
}
