{
   "temperature":     298.150000000000,
   "unit": "hartree",
   "energy":     -20.891357092214,
   "free energy":     -20.761739487346,
   "G(T)":       0.129617604867,
   "ZPVE":       0.161995402171,
   "number of imags":0,
   "point group": "c1",
   "gradient norm":       0.000026380246
}
