{
   "temperature":     298.150000000000,
   "unit": "hartree",
   "energy":     -20.893330181750,
   "free energy":     -20.762635558883,
   "G(T)":       0.130694622866,
   "ZPVE":       0.162456957638,
   "number of imags":0,
   "point group": "c1",
   "gradient norm":       0.000042106407
}
