{
   "temperature":     298.150000000000,
   "unit": "hartree",
   "energy":     -16.907810650126,
   "free energy":     -16.809913956715,
   "G(T)":       0.097896693411,
   "ZPVE":       0.129480335659,
   "number of imags":0,
   "point group": "c1",
   "gradient norm":       0.000028602485
}
