{
   "temperature":     298.150000000000,
   "unit": "hartree",
   "energy":     -16.902915131631,
   "free energy":     -16.803850188725,
   "G(T)":       0.099064942906,
   "ZPVE":       0.130559091847,
   "number of imags":0,
   "point group": "c2",
   "gradient norm":       0.000024220011
}
