{
   "temperature":     298.150000000000,
   "unit": "hartree",
   "energy":     -36.591278276069,
   "free energy":     -36.460194803441,
   "G(T)":       0.131083472628,
   "ZPVE":       0.169668219862,
   "number of imags":0,
   "point group": "c1",
   "gradient norm":       0.000061033376
}
