{
   "temperature":     298.150000000000,
   "unit": "hartree",
   "energy":     -23.954704635894,
   "free energy":     -23.848034048291,
   "G(T)":       0.106670587604,
   "ZPVE":       0.143002274437,
   "number of imags":0,
   "point group": "c1",
   "gradient norm":       0.000038964082
}
