{
   "temperature":     298.150000000000,
   "unit": "hartree",
   "energy":     -23.957307631780,
   "free energy":     -23.849755570330,
   "G(T)":       0.107552061450,
   "ZPVE":       0.143220273154,
   "number of imags":0,
   "point group": "c1",
   "gradient norm":       0.000028722950
}
