{
   "temperature":     298.150000000000,
   "unit": "hartree",
   "energy":     -23.954703621994,
   "free energy":     -23.848436395623,
   "G(T)":       0.106267226371,
   "ZPVE":       0.142961050773,
   "number of imags":0,
   "point group": "c1",
   "gradient norm":       0.000039985218
}
