{
   "temperature":     298.150000000000,
   "unit": "hartree",
   "energy":     -18.617104161546,
   "free energy":     -18.538995307728,
   "G(T)":       0.078108853818,
   "ZPVE":       0.108446223067,
   "number of imags":0,
   "point group": "c1",
   "gradient norm":       0.000055995618
}
