{
   "temperature":     298.150000000000,
   "unit": "hartree",
   "energy":     -24.061431808680,
   "free energy":     -23.905290990996,
   "G(T)":       0.156140817684,
   "ZPVE":       0.189845250014,
   "number of imags":0,
   "point group": "c1",
   "gradient norm":       0.000026872741
}
