{
   "temperature":     298.150000000000,
   "unit": "hartree",
   "energy":     -28.546724996715,
   "free energy":     -28.373457643254,
   "G(T)":       0.173267353461,
   "ZPVE":       0.209143178673,
   "number of imags":0,
   "point group": "c1",
   "gradient norm":       0.000039387821
}
