{
   "temperature":     298.150000000000,
   "unit": "hartree",
   "energy":     -25.309581643066,
   "free energy":     -25.120902415891,
   "G(T)":       0.188679227175,
   "ZPVE":       0.223505393341,
   "number of imags":0,
   "point group": "c1",
   "gradient norm":       0.000036769343
}
