{
   "temperature":     298.150000000000,
   "unit": "hartree",
   "energy":     -24.063821423635,
   "free energy":     -23.909115730833,
   "G(T)":       0.154705692802,
   "ZPVE":       0.189139425031,
   "number of imags":0,
   "point group": "c1",
   "gradient norm":       0.000027525116
}
