{
   "temperature":     298.150000000000,
   "unit": "hartree",
   "energy":     -20.792259327780,
   "free energy":     -20.708335988009,
   "G(T)":       0.083923339772,
   "ZPVE":       0.115350480120,
   "number of imags":0,
   "point group": "c1",
   "gradient norm":       0.000043772038
}
