{
   "temperature":     298.150000000000,
   "unit": "hartree",
   "energy":     -23.034130622963,
   "free energy":     -22.901478524906,
   "G(T)":       0.132652098057,
   "ZPVE":       0.166697683640,
   "number of imags":0,
   "point group": "c1",
   "gradient norm":       0.000037145828
}
