{
   "temperature":     298.150000000000,
   "unit": "hartree",
   "energy":     -27.125749840794,
   "free energy":     -26.992329617885,
   "G(T)":       0.133420222909,
   "ZPVE":       0.170693449009,
   "number of imags":0,
   "point group": "c1",
   "gradient norm":       0.000062481676
}
