{
   "temperature":     298.150000000000,
   "unit": "hartree",
   "energy":     -39.725209000553,
   "free energy":     -39.707453496635,
   "G(T)":       0.017755503918,
   "ZPVE":       0.055838431991,
   "number of imags":0,
   "point group": "c1",
   "gradient norm":       0.000126396137
}
