{
   "temperature":     298.150000000000,
   "unit": "hartree",
   "energy":     -23.158096128949,
   "free energy":     -22.977017411989,
   "G(T)":       0.181078716960,
   "ZPVE":       0.214924764587,
   "number of imags":0,
   "point group": "c1",
   "gradient norm":       0.000042355344
}
