{
   "temperature":     298.150000000000,
   "unit": "hartree",
   "energy":     -36.047660006985,
   "free energy":     -35.877479170735,
   "G(T)":       0.170180836251,
   "ZPVE":       0.207907472795,
   "number of imags":0,
   "point group": "c2",
   "gradient norm":       0.000018821333
}
