{
   "temperature":     298.150000000000,
   "unit": "hartree",
   "energy":     -26.279432047684,
   "free energy":     -26.156949029820,
   "G(T)":       0.122483017864,
   "ZPVE":       0.156666131508,
   "number of imags":0,
   "point group": "c1",
   "gradient norm":       0.000050392842
}
