{
   "temperature":     298.150000000000,
   "unit": "hartree",
   "energy":     -22.695236831610,
   "free energy":     -22.614578847994,
   "G(T)":       0.080657983617,
   "ZPVE":       0.112490135405,
   "number of imags":0,
   "point group": "c1",
   "gradient norm":       0.000149151365
}
