{
   "temperature":     298.150000000000,
   "unit": "hartree",
   "energy":     -23.156241600885,
   "free energy":     -22.974996791985,
   "G(T)":       0.181244808900,
   "ZPVE":       0.215093536648,
   "number of imags":0,
   "point group": "c1",
   "gradient norm":       0.000042816364
}
