{
   "temperature":     298.150000000000,
   "unit": "hartree",
   "energy":     -24.062109398510,
   "free energy":     -23.905880333836,
   "G(T)":       0.156229064674,
   "ZPVE":       0.189523269725,
   "number of imags":0,
   "point group": "c1",
   "gradient norm":       0.000058634401
}
