{
   "temperature":     298.150000000000,
   "unit": "hartree",
   "energy":     -23.957730021624,
   "free energy":     -23.848991928673,
   "G(T)":       0.108738092951,
   "ZPVE":       0.143459431221,
   "number of imags":0,
   "point group": "c1",
   "gradient norm":       0.000030024506
}
