{
   "temperature":     298.150000000000,
   "unit": "hartree",
   "energy":     -20.891495377597,
   "free energy":     -20.760667274414,
   "G(T)":       0.130828103184,
   "ZPVE":       0.162400091176,
   "number of imags":0,
   "point group": "c1",
   "gradient norm":       0.000062955885
}
