{
    "partname": "prescreening",
    "runtime": 18.39021939598024,
    "results": {
        "CONF1": {
            "xtb_gsolv": {
                "gsolv": -0.00634340670099931,
                "energy_xtb_gas": -32.50095637826,
                "energy_xtb_solv": -32.507299784961
            },
            "sp": {
                "energy": -498.381246687608
            },
            "gtot": -498.38759009430896,
            "bmw": 0.32626475049729164
        },
        "CONF4": {
            "xtb_gsolv": {
                "gsolv": -0.006616567895996184,
                "energy_xtb_gas": -32.500240123243,
                "energy_xtb_solv": -32.506856691139
            },
            "sp": {
                "energy": -498.380222251802
            },
            "gtot": -498.386838819698,
            "bmw": 0.147233879115389
        },
        "CONF3": {
            "xtb_gsolv": {
                "gsolv": -0.0065917488389999335,
                "energy_xtb_gas": -32.500278846099,
                "energy_xtb_solv": -32.506870594938
            },
            "sp": {
                "energy": -498.380354081538
            },
            "gtot": -498.386945830377,
            "bmw": 0.16490326692110735
        },
        "CONF2": {
            "xtb_gsolv": {
                "gsolv": -0.00670559148100125,
                "energy_xtb_gas": -32.500271976255,
                "energy_xtb_solv": -32.506977567736
            },
            "sp": {
                "energy": -498.380981587784
            },
            "gtot": -498.387687179265,
            "bmw": 0.3615981034662119
        }
    },
    "settings": {
        "threshold": 4.0,
        "func": "pbe-d4",
        "basis": "def2-sv(p)",
        "prog": "orca",
        "gfnv": "gfn2",
        "run": true,
        "template": false
    },
    "nconf_in": 4,
    "nconf_out": 4
}