{
    "partname": "screening",
    "runtime": 91.89800867065787,
    "results": {
        "CONF4": {
            "gsolv": {
                "gsolv": -0.005371162235007887,
                "energy_gas": -499.328852752724,
                "energy_solv": -499.334223914959
            },
            "gtot": -499.334223914959,
            "bmw": 0.048167474833021084
        },
        "CONF3": {
            "gsolv": {
                "gsolv": -0.005312300184016294,
                "energy_gas": -499.328857358478,
                "energy_solv": -499.334169658662
            },
            "gtot": -499.334169658662,
            "bmw": 0.0454776180643375
        },
        "CONF2": {
            "gsolv": {
                "gsolv": -0.0061468704510048155,
                "energy_gas": -499.33053566523,
                "energy_solv": -499.336682535681
            },
            "gtot": -499.336682535681,
            "bmw": 0.6510901576268895
        },
        "CONF1": {
            "gsolv": {
                "gsolv": -0.005425511975033714,
                "energy_gas": -499.330372940155,
                "energy_solv": -499.33579845213
            },
            "gtot": -499.33579845213,
            "bmw": 0.25526474947575184
        }
    },
    "settings": {
        "threshold": 3.5,
        "func": "r2scan-3c",
        "basis": "def2-tzvp",
        "prog": "orca",
        "sm": "smd",
        "gfnv": "gfn2",
        "run": true,
        "implicit": false,
        "template": false
    },
    "nconf_in": 4,
    "nconf_out": 4
}