{
   "temperature":     298.150000000000,
   "unit": "hartree",
   "energy":     -20.893495472907,
   "free energy":     -20.763681151768,
   "G(T)":       0.129814321139,
   "ZPVE":       0.161902940980,
   "number of imags":0,
   "point group": "c1",
   "gradient norm":       0.000033607509
}
