{
   "temperature":     298.150000000000,
   "unit": "hartree",
   "energy":     -20.896050787631,
   "free energy":     -20.766432073929,
   "G(T)":       0.129618713701,
   "ZPVE":       0.162013796822,
   "number of imags":0,
   "point group": "c1",
   "gradient norm":       0.000052027833
}
