{
   "temperature":     298.150000000000,
   "unit": "hartree",
   "energy":     -29.091562747376,
   "free energy":     -28.943176871067,
   "G(T)":       0.148385876309,
   "ZPVE":       0.184865264487,
   "number of imags":0,
   "point group": "c1",
   "gradient norm":       0.000198955078
}
