{
   "temperature":     298.150000000000,
   "unit": "hartree",
   "energy":     -20.893194400475,
   "free energy":     -20.764015884582,
   "G(T)":       0.129178515893,
   "ZPVE":       0.161977532830,
   "number of imags":0,
   "point group": "c1",
   "gradient norm":       0.000023124532
}
