{
   "temperature":     298.150000000000,
   "unit": "hartree",
   "energy":     -22.696489457802,
   "free energy":     -22.615009322887,
   "G(T)":       0.081480134915,
   "ZPVE":       0.112877981052,
   "number of imags":0,
   "point group": "c1",
   "gradient norm":       0.000037106374
}
