{
   "temperature":     298.150000000000,
   "unit": "hartree",
   "energy":     -19.994468214400,
   "free energy":     -19.839757922202,
   "G(T)":       0.154710292198,
   "ZPVE":       0.186961623453,
   "number of imags":0,
   "point group": "c1",
   "gradient norm":       0.000058674733
}
