{
   "temperature":     298.150000000000,
   "unit": "hartree",
   "energy":     -36.591377578729,
   "free energy":     -36.460378826402,
   "G(T)":       0.130998752326,
   "ZPVE":       0.169664591475,
   "number of imags":0,
   "point group": "c1",
   "gradient norm":       0.000091462677
}
