{
   "temperature":     298.150000000000,
   "unit": "hartree",
   "energy":     -26.280384674215,
   "free energy":     -26.158153421515,
   "G(T)":       0.122231252699,
   "ZPVE":       0.156623001987,
   "number of imags":0,
   "point group": "c1",
   "gradient norm":       0.000045099614
}
