{
   "temperature":     298.150000000000,
   "unit": "hartree",
   "energy":     -23.156548142088,
   "free energy":     -22.974276097757,
   "G(T)":       0.182272044332,
   "ZPVE":       0.215094939807,
   "number of imags":0,
   "point group": "c1",
   "gradient norm":       0.000024250635
}
