{
   "temperature":     298.150000000000,
   "unit": "hartree",
   "energy":     -25.307074968949,
   "free energy":     -25.117730016421,
   "G(T)":       0.189344952527,
   "ZPVE":       0.223601122990,
   "number of imags":0,
   "point group": "c1",
   "gradient norm":       0.000089036759
}
