{
   "temperature":     298.150000000000,
   "unit": "hartree",
   "energy":     -20.893860851821,
   "free energy":     -20.763472521785,
   "G(T)":       0.130388330036,
   "ZPVE":       0.162311679199,
   "number of imags":0,
   "point group": "c1",
   "gradient norm":       0.000049112579
}
