{
   "temperature":     298.150000000000,
   "unit": "hartree",
   "energy":     -23.155416804267,
   "free energy":     -22.973271363962,
   "G(T)":       0.182145440305,
   "ZPVE":       0.215324978753,
   "number of imags":0,
   "point group": "c1",
   "gradient norm":       0.000077169150
}
