{
   "temperature":     298.150000000000,
   "unit": "hartree",
   "energy":     -26.321860087091,
   "free energy":     -26.114861706536,
   "G(T)":       0.206998380556,
   "ZPVE":       0.242865173242,
   "number of imags":0,
   "point group": "c1",
   "gradient norm":       0.000041118687
}
