{
   "temperature":     298.150000000000,
   "unit": "hartree",
   "energy":     -22.694762227929,
   "free energy":     -22.613891509132,
   "G(T)":       0.080870718797,
   "ZPVE":       0.112731409811,
   "number of imags":0,
   "point group": "c1",
   "gradient norm":       0.000033947254
}
