{
   "temperature":     298.150000000000,
   "unit": "hartree",
   "energy":     -20.891353174520,
   "free energy":     -20.762554206377,
   "G(T)":       0.128798968143,
   "ZPVE":       0.161956104512,
   "number of imags":0,
   "point group": "c1",
   "gradient norm":       0.000024699780
}
