{
   "temperature":     298.150000000000,
   "unit": "hartree",
   "energy":     -23.032005177198,
   "free energy":     -22.901313806054,
   "G(T)":       0.130691371144,
   "ZPVE":       0.166674649738,
   "number of imags":0,
   "point group": "c1",
   "gradient norm":       0.000056385339
}
