{
   "temperature":     298.150000000000,
   "unit": "hartree",
   "energy":     -23.155970622044,
   "free energy":     -22.975530324076,
   "G(T)":       0.180440297969,
   "ZPVE":       0.214940786477,
   "number of imags":0,
   "point group": "c1",
   "gradient norm":       0.000035830059
}
