{
   "temperature":     298.150000000000,
   "unit": "hartree",
   "energy":     -18.618591289892,
   "free energy":     -18.540486590904,
   "G(T)":       0.078104698988,
   "ZPVE":       0.108496509019,
   "number of imags":0,
   "point group": "cs",
   "gradient norm":       0.000029843290
}
