{
   "temperature":     298.150000000000,
   "unit": "hartree",
   "energy":     -26.279431719703,
   "free energy":     -26.157014107395,
   "G(T)":       0.122417612309,
   "ZPVE":       0.156653573054,
   "number of imags":0,
   "point group": "c1",
   "gradient norm":       0.000050055131
}
