{
   "temperature":     298.150000000000,
   "unit": "hartree",
   "energy":     -41.499575406711,
   "free energy":     -41.367998609087,
   "G(T)":       0.131576797625,
   "ZPVE":       0.172091374620,
   "number of imags":0,
   "point group": "c1",
   "gradient norm":       0.000040540300
}
