{
   "temperature":     298.150000000000,
   "unit": "hartree",
   "energy":     -44.047722112082,
   "free energy":     -43.881219552302,
   "G(T)":       0.166502559780,
   "ZPVE":       0.211361388534,
   "number of imags":0,
   "point group": "c1",
   "gradient norm":       0.000081060315
}
