{
   "temperature":     298.150000000000,
   "unit": "hartree",
   "energy":     -23.957849603731,
   "free energy":     -23.850029234839,
   "G(T)":       0.107820368892,
   "ZPVE":       0.143005584496,
   "number of imags":0,
   "point group": "c1",
   "gradient norm":       0.000043617029
}
