{
   "temperature":     298.150000000000,
   "unit": "hartree",
   "energy":     -32.509113427234,
   "free energy":     -32.380199954403,
   "G(T)":       0.128913472831,
   "ZPVE":       0.166233851311,
   "number of imags":0,
   "point group": "c1",
   "gradient norm":       0.000101496620
}
