{
   "temperature":     298.150000000000,
   "unit": "hartree",
   "energy":     -23.959197541444,
   "free energy":     -23.850783592780,
   "G(T)":       0.108413948664,
   "ZPVE":       0.143057886138,
   "number of imags":0,
   "point group": "c1",
   "gradient norm":       0.000036000873
}
