{
   "temperature":     298.150000000000,
   "unit": "hartree",
   "energy":     -20.893405773521,
   "free energy":     -20.763824683396,
   "G(T)":       0.129581090125,
   "ZPVE":       0.161838985726,
   "number of imags":0,
   "point group": "c1",
   "gradient norm":       0.000027596702
}
