{
   "temperature":     298.150000000000,
   "unit": "hartree",
   "energy":     -23.957975048980,
   "free energy":     -23.850252557125,
   "G(T)":       0.107722491856,
   "ZPVE":       0.143057168428,
   "number of imags":0,
   "point group": "c1",
   "gradient norm":       0.000083381684
}
