{
   "temperature":     298.150000000000,
   "unit": "hartree",
   "energy":     -23.954534206464,
   "free energy":     -23.846904161392,
   "G(T)":       0.107630045072,
   "ZPVE":       0.143120423242,
   "number of imags":0,
   "point group": "c1",
   "gradient norm":       0.000052401898
}
