{
   "temperature":     298.150000000000,
   "unit": "hartree",
   "energy":     -52.665131133921,
   "free energy":     -52.430985600947,
   "G(T)":       0.234145532973,
   "ZPVE":       0.283490619521,
   "number of imags":0,
   "point group": "c1",
   "gradient norm":       0.000080354361
}
