{
   "temperature":     298.150000000000,
   "unit": "hartree",
   "energy":     -15.771207778840,
   "free energy":     -15.666576852335,
   "G(T)":       0.104630926505,
   "ZPVE":       0.134726067082,
   "number of imags":0,
   "point group": "c1",
   "gradient norm":       0.000045657309
}
