{
   "temperature":     298.150000000000,
   "unit": "hartree",
   "energy":     -24.060967302630,
   "free energy":     -23.904809637793,
   "G(T)":       0.156157664837,
   "ZPVE":       0.189647823519,
   "number of imags":0,
   "point group": "c1",
   "gradient norm":       0.000030031260
}
