{
   "temperature":     298.150000000000,
   "unit": "hartree",
   "energy":     -23.958569598705,
   "free energy":     -23.850065154939,
   "G(T)":       0.108504443766,
   "ZPVE":       0.143052629767,
   "number of imags":0,
   "point group": "c1",
   "gradient norm":       0.000043627588
}
