{
   "temperature":     298.150000000000,
   "unit": "hartree",
   "energy":     -23.957773528828,
   "free energy":     -23.849091228525,
   "G(T)":       0.108682300303,
   "ZPVE":       0.143451909805,
   "number of imags":0,
   "point group": "c1",
   "gradient norm":       0.000032756016
}
