{
   "temperature":     298.150000000000,
   "unit": "hartree",
   "energy":     -26.279431877743,
   "free energy":     -26.157054336798,
   "G(T)":       0.122377540946,
   "ZPVE":       0.156632697489,
   "number of imags":0,
   "point group": "c1",
   "gradient norm":       0.000039724453
}
