{
   "temperature":     298.150000000000,
   "unit": "hartree",
   "energy":     -20.894412254865,
   "free energy":     -20.764179112838,
   "G(T)":       0.130233142027,
   "ZPVE":       0.162101490395,
   "number of imags":0,
   "point group": "c1",
   "gradient norm":       0.000039443854
}
