{
   "temperature":     298.150000000000,
   "unit": "hartree",
   "energy":     -23.954508725138,
   "free energy":     -23.847116120511,
   "G(T)":       0.107392604627,
   "ZPVE":       0.143113136173,
   "number of imags":0,
   "point group": "c1",
   "gradient norm":       0.000061531735
}
