{
   "temperature":     298.150000000000,
   "unit": "hartree",
   "energy":     -18.616947264021,
   "free energy":     -18.539367696019,
   "G(T)":       0.077579568002,
   "ZPVE":       0.108516187993,
   "number of imags":0,
   "point group": "cs",
   "gradient norm":       0.000017823886
}
