{
   "temperature":     298.150000000000,
   "unit": "hartree",
   "energy":     -29.460967510329,
   "free energy":     -29.312368917284,
   "G(T)":       0.148598593046,
   "ZPVE":       0.184668815533,
   "number of imags":0,
   "point group": "c1",
   "gradient norm":       0.000069299406
}
