{
   "temperature":     298.150000000000,
   "unit": "hartree",
   "energy":     -17.978630362518,
   "free energy":     -17.886711044557,
   "G(T)":       0.091919317961,
   "ZPVE":       0.122166475662,
   "number of imags":0,
   "point group": "c1",
   "gradient norm":       0.000021994666
}
