{
   "temperature":     298.150000000000,
   "unit": "hartree",
   "energy":     -23.957957086424,
   "free energy":     -23.850447657195,
   "G(T)":       0.107509429229,
   "ZPVE":       0.143163141242,
   "number of imags":0,
   "point group": "c1",
   "gradient norm":       0.000113975788
}
