{
   "temperature":     298.150000000000,
   "unit": "hartree",
   "energy":     -23.955647939407,
   "free energy":     -23.847887931739,
   "G(T)":       0.107760007668,
   "ZPVE":       0.142910684504,
   "number of imags":0,
   "point group": "c1",
   "gradient norm":       0.000028990353
}
