{
   "temperature":     298.150000000000,
   "unit": "hartree",
   "energy":     -24.058992120853,
   "free energy":     -23.902498117599,
   "G(T)":       0.156494003254,
   "ZPVE":       0.189952236325,
   "number of imags":0,
   "point group": "c1",
   "gradient norm":       0.000083092988
}
