{
   "temperature":     298.150000000000,
   "unit": "hartree",
   "energy":     -20.894274782387,
   "free energy":     -20.764079247632,
   "G(T)":       0.130195534756,
   "ZPVE":       0.162296155767,
   "number of imags":0,
   "point group": "c1",
   "gradient norm":       0.000036894641
}
