{
   "temperature":     298.150000000000,
   "unit": "hartree",
   "energy":     -24.064951310622,
   "free energy":     -23.908318862837,
   "G(T)":       0.156632447785,
   "ZPVE":       0.189682724687,
   "number of imags":0,
   "point group": "c1",
   "gradient norm":       0.000046866297
}
