{
    "partname": "screening",
    "runtime": 179.90533171128482,
    "results": {
        "CONF41": {
            "gsolv": {
                "gsolv": -0.02170955757100046,
                "energy_gas": -344.723249923374,
                "energy_solv": -344.744959480945
            },
            "gtot": -344.744959480945,
            "bmw": 0.013624781879391075
        },
        "CONF6": {
            "gsolv": {
                "gsolv": -0.019514903217952906,
                "energy_gas": -344.726502705993,
                "energy_solv": -344.746017609211
            },
            "gtot": -344.746017609211,
            "bmw": 0.04178639165799566
        },
        "CONF28": {
            "gsolv": {
                "gsolv": -0.02091637343102093,
                "energy_gas": -344.722389295633,
                "energy_solv": -344.743305669064
            },
            "gtot": -344.743305669064,
            "bmw": 0.00236389808833795
        },
        "CONF1": {
            "gsolv": {
                "gsolv": -0.022159277181003745,
                "energy_gas": -344.723195912747,
                "energy_solv": -344.745355189928
            },
            "gtot": -344.745355189928,
            "bmw": 0.02071777400571708
        },
        "CONF16": {
            "gsolv": {
                "gsolv": -0.021793523023006856,
                "energy_gas": -344.723328871249,
                "energy_solv": -344.745122394272
            },
            "gtot": -344.745122394272,
            "bmw": 0.016190658095110534
        },
        "CONF72": {
            "gsolv": {
                "gsolv": -0.020777995502953672,
                "energy_gas": -344.724169514063,
                "energy_solv": -344.744947509566
            },
            "gtot": -344.744947509566,
            "bmw": 0.013453122759668455
        },
        "CONF8": {
            "gsolv": {
                "gsolv": -0.020167459475999294,
                "energy_gas": -344.723032281691,
                "energy_solv": -344.743199741167
            },
            "gtot": -344.743199741167,
            "bmw": 0.002113028182583326
        },
        "CONF50": {
            "gsolv": {
                "gsolv": -0.021490591311987828,
                "energy_gas": -344.722559589845,
                "energy_solv": -344.744050181157
            },
            "gtot": -344.744050181157,
            "bmw": 0.00520092519553111
        },
        "CONF15": {
            "gsolv": {
                "gsolv": -0.01976782849999381,
                "energy_gas": -344.72256258373,
                "energy_solv": -344.74233041223
            },
            "gtot": -344.74233041223,
            "bmw": 0.0008414758518508427
        },
        "CONF4": {
            "gsolv": {
                "gsolv": -0.018151639581958534,
                "energy_gas": -344.728276858736,
                "energy_solv": -344.746428498318
            },
            "gtot": -344.746428498318,
            "bmw": 0.06456999864484946
        },
        "CONF21": {
            "gsolv": {
                "gsolv": -0.021582143434955015,
                "energy_gas": -344.722867506837,
                "energy_solv": -344.744449650272
            },
            "gtot": -344.744449650272,
            "bmw": 0.007940058120662567
        },
        "CONF33": {
            "gsolv": {
                "gsolv": -0.02076442544597512,
                "energy_gas": -344.723969916469,
                "energy_solv": -344.744734341915
            },
            "gtot": -344.744734341915,
            "bmw": 0.0107342763739683
        },
        "CONF10": {
            "gsolv": {
                "gsolv": -0.019887884505010334,
                "energy_gas": -344.724103150291,
                "energy_solv": -344.743991034796
            },
            "gtot": -344.743991034796,
            "bmw": 0.004885119192051015
        },
        "CONF73": {
            "gsolv": {
                "gsolv": -0.021069750078993366,
                "energy_gas": -344.722163548241,
                "energy_solv": -344.74323329832
            },
            "gtot": -344.74323329832,
            "bmw": 0.00218947762540011
        },
        "CONF27": {
            "gsolv": {
                "gsolv": -0.020966448355977718,
                "energy_gas": -344.72237982576,
                "energy_solv": -344.743346274116
            },
            "gtot": -344.743346274116,
            "bmw": 0.0024677762515629004
        },
        "CONF60": {
            "gsolv": {
                "gsolv": -0.021741571211975952,
                "energy_gas": -344.722233081382,
                "energy_solv": -344.743974652594
            },
            "gtot": -344.743974652594,
            "bmw": 0.004801090287239878
        },
        "CONF20": {
            "gsolv": {
                "gsolv": -0.019808053726990238,
                "energy_gas": -344.726285167461,
                "energy_solv": -344.746093221188
            },
            "gtot": -344.746093221188,
            "bmw": 0.04527036254400392
        },
        "CONF18": {
            "gsolv": {
                "gsolv": -0.018878968341994096,
                "energy_gas": -344.726492360542,
                "energy_solv": -344.745371328884
            },
            "gtot": -344.745371328884,
            "bmw": 0.021074947299541857
        },
        "CONF24": {
            "gsolv": {
                "gsolv": -0.019791612407971115,
                "energy_gas": -344.726324208295,
                "energy_solv": -344.746115820703
            },
            "gtot": -344.746115820703,
            "bmw": 0.04636700346131894
        },
        "CONF70": {
            "gsolv": {
                "gsolv": -0.024111032476980654,
                "energy_gas": -344.7211008356,
                "energy_solv": -344.745211868077
            },
            "gtot": -344.745211868077,
            "bmw": 0.017799983641919828
        },
        "CONF17": {
            "gsolv": {
                "gsolv": -0.02039806218300555,
                "energy_gas": -344.725212020529,
                "energy_solv": -344.745610082712
            },
            "gtot": -344.745610082712,
            "bmw": 0.0271384885487444
        },
        "CONF46": {
            "gsolv": {
                "gsolv": -0.019538650778997635,
                "energy_gas": -344.725614983908,
                "energy_solv": -344.745153634687
            },
            "gtot": -344.745153634687,
            "bmw": 0.016735322962804416
        },
        "CONF44": {
            "gsolv": {
                "gsolv": -0.021002749190017767,
                "energy_gas": -344.723821553772,
                "energy_solv": -344.744824302962
            },
            "gtot": -344.744824302962,
            "bmw": 0.011807337850349795
        },
        "CONF11": {
            "gsolv": {
                "gsolv": -0.02028834476703878,
                "energy_gas": -344.723743644893,
                "energy_solv": -344.74403198966
            },
            "gtot": -344.74403198966,
            "bmw": 0.005101678634408952
        },
        "CONF40": {
            "gsolv": {
                "gsolv": -0.020838575546008542,
                "energy_gas": -344.723333230711,
                "energy_solv": -344.744171806257
            },
            "gtot": -344.744171806257,
            "bmw": 0.005915947086689533
        },
        "CONF23": {
            "gsolv": {
                "gsolv": -0.01899168688902364,
                "energy_gas": -344.723809278037,
                "energy_solv": -344.742800964926
            },
            "gtot": -344.742800964926,
            "bmw": 0.001385099318009295
        },
        "CONF29": {
            "gsolv": {
                "gsolv": -0.02105468952601086,
                "energy_gas": -344.723240041981,
                "energy_solv": -344.744294731507
            },
            "gtot": -344.744294731507,
            "bmw": 0.00673854265936504
        },