{
   "temperature":     298.150000000000,
   "unit": "hartree",
   "energy":     -25.381009555370,
   "free energy":     -25.233662540947,
   "G(T)":       0.147347014423,
   "ZPVE":       0.181443172681,
   "number of imags":0,
   "point group": "c1",
   "gradient norm":       0.000141406349
}
