{
   "temperature":     298.150000000000,
   "unit": "hartree",
   "energy":     -44.047180337755,
   "free energy":     -43.880926588262,
   "G(T)":       0.166253749493,
   "ZPVE":       0.211286379791,
   "number of imags":0,
   "point group": "c1",
   "gradient norm":       0.000048358755
}
