{
   "temperature":     298.150000000000,
   "unit": "hartree",
   "energy":     -24.062068048721,
   "free energy":     -23.906416967754,
   "G(T)":       0.155651080967,
   "ZPVE":       0.189707210991,
   "number of imags":0,
   "point group": "c1",
   "gradient norm":       0.000049649388
}
