{
   "temperature":     298.150000000000,
   "unit": "hartree",
   "energy":     -20.893846014850,
   "free energy":     -20.764313756992,
   "G(T)":       0.129532257859,
   "ZPVE":       0.161840801349,
   "number of imags":0,
   "point group": "c1",
   "gradient norm":       0.000053196095
}
