{
   "temperature":     298.150000000000,
   "unit": "hartree",
   "energy":     -27.125399156013,
   "free energy":     -26.991387100055,
   "G(T)":       0.134012055958,
   "ZPVE":       0.170817399862,
   "number of imags":0,
   "point group": "c1",
   "gradient norm":       0.000048967834
}
