{
   "temperature":     298.150000000000,
   "unit": "hartree",
   "energy":     -25.309604168729,
   "free energy":     -25.121293565539,
   "G(T)":       0.188310603190,
   "ZPVE":       0.223389018547,
   "number of imags":0,
   "point group": "c1",
   "gradient norm":       0.000038376635
}
