{
   "temperature":     298.150000000000,
   "unit": "hartree",
   "energy":     -24.061247018144,
   "free energy":     -23.906032088068,
   "G(T)":       0.155214930076,
   "ZPVE":       0.189486561342,
   "number of imags":0,
   "point group": "c1",
   "gradient norm":       0.000055334330
}
