{
   "temperature":     298.150000000000,
   "unit": "hartree",
   "energy":     -36.047659645985,
   "free energy":     -35.877460746170,
   "G(T)":       0.170198899816,
   "ZPVE":       0.207913139872,
   "number of imags":0,
   "point group": "c2",
   "gradient norm":       0.000112563071
}
