{
   "temperature":     298.150000000000,
   "unit": "hartree",
   "energy":     -20.893200615836,
   "free energy":     -20.764217216634,
   "G(T)":       0.128983399202,
   "ZPVE":       0.161957555267,
   "number of imags":0,
   "point group": "c1",
   "gradient norm":       0.000024344328
}
