{
   "temperature":     298.150000000000,
   "unit": "hartree",
   "energy":     -16.902134417004,
   "free energy":     -16.803031387386,
   "G(T)":       0.099103029618,
   "ZPVE":       0.130729044815,
   "number of imags":0,
   "point group": "c1",
   "gradient norm":       0.000037395043
}
