{
   "temperature":     298.150000000000,
   "unit": "hartree",
   "energy":     -26.323510296408,
   "free energy":     -26.116023301098,
   "G(T)":       0.207486995309,
   "ZPVE":       0.242941439826,
   "number of imags":0,
   "point group": "c1",
   "gradient norm":       0.000022955963
}
