{
   "temperature":     298.150000000000,
   "unit": "hartree",
   "energy":     -20.892745329304,
   "free energy":     -20.762940767377,
   "G(T)":       0.129804561927,
   "ZPVE":       0.161933858520,
   "number of imags":0,
   "point group": "c1",
   "gradient norm":       0.000030313546
}
