{
   "temperature":     298.150000000000,
   "unit": "hartree",
   "energy":     -23.958522340905,
   "free energy":     -23.850011650308,
   "G(T)":       0.108510690597,
   "ZPVE":       0.143085210549,
   "number of imags":0,
   "point group": "c1",
   "gradient norm":       0.000032217070
}
