{
   "temperature":     298.150000000000,
   "unit": "hartree",
   "energy":     -23.958431908505,
   "free energy":     -23.849959581370,
   "G(T)":       0.108472327134,
   "ZPVE":       0.143203726562,
   "number of imags":0,
   "point group": "c1",
   "gradient norm":       0.000033553067
}
