{
   "temperature":     298.150000000000,
   "unit": "hartree",
   "energy":     -19.994281752249,
   "free energy":     -19.839776360623,
   "G(T)":       0.154505391626,
   "ZPVE":       0.186902498802,
   "number of imags":0,
   "point group": "cs",
   "gradient norm":       0.000023654655
}
