{
   "temperature":     298.150000000000,
   "unit": "hartree",
   "energy":     -24.061847343498,
   "free energy":     -23.906037487186,
   "G(T)":       0.155809856312,
   "ZPVE":       0.189735198825,
   "number of imags":0,
   "point group": "c1",
   "gradient norm":       0.000035932638
}
