{
   "temperature":     298.150000000000,
   "unit": "hartree",
   "energy":     -22.693087311474,
   "free energy":     -22.612290080333,
   "G(T)":       0.080797231142,
   "ZPVE":       0.112540561658,
   "number of imags":0,
   "point group": "c1",
   "gradient norm":       0.000057632808
}
