{
    "partname": "prescreening",
    "runtime": 18.218874431215227,
    "results": {
        "CONF3": {
            "xtb_gsolv": {
                "gsolv": -0.010852968880996627,
                "energy_xtb_gas": -39.099193291059,
                "energy_xtb_solv": -39.11004625994
            },
            "sp": {
                "energy": -592.80920518849
            },
            "gtot": -592.8200581573709,
            "bmw": 0.07256316909625109
        },
        "CONF2": {
            "xtb_gsolv": {
                "gsolv": -0.011088732908000054,
                "energy_xtb_gas": -39.099386631585,
                "energy_xtb_solv": -39.110475364493
            },
            "sp": {
                "energy": -592.810773610763
            },
            "gtot": -592.821862343671,
            "bmw": 0.49043843230099676
        },
        "CONF1": {
            "xtb_gsolv": {
                "gsolv": -0.010949841135001748,
                "energy_xtb_gas": -39.09969841369,
                "energy_xtb_solv": -39.110648254825
            },
            "sp": {
                "energy": -592.810803571844
            },
            "gtot": -592.821753412979,
            "bmw": 0.4369983986027523
        }
    },
    "settings": {
        "threshold": 4.0,
        "func": "pbe-d4",
        "basis": "def2-sv(p)",
        "prog": "orca",
        "gfnv": "gfn2",
        "run": true,
        "template": false
    },
    "nconf_in": 3,
    "nconf_out": 3
}