{
    "partname": "screening",
    "runtime": 129.7653359649703,
    "results": {
        "CONF3": {
            "gsolv": {
                "gsolv": -0.014841403400964737,
                "energy_gas": -593.939423661625,
                "energy_solv": -593.954265065026
            },
            "gtot": -593.954265065026,
            "bmw": 0.08780530442797935
        },
        "CONF1": {
            "gsolv": {
                "gsolv": -0.014628898682985891,
                "energy_gas": -593.941200575254,
                "energy_solv": -593.955829473937
            },
            "gtot": -593.955829473937,
            "bmw": 0.46036154849396915
        },
        "CONF2": {
            "gsolv": {
                "gsolv": -0.014841856182101765,
                "energy_gas": -593.940969962285,
                "energy_solv": -593.955811818467
            },
            "gtot": -593.955811818467,
            "bmw": 0.4518331470780514
        }
    },
    "settings": {
        "threshold": 3.5,
        "func": "r2scan-3c",
        "basis": "def2-tzvp",
        "prog": "orca",
        "sm": "smd",
        "gfnv": "gfn2",
        "run": true,
        "implicit": false,
        "template": false
    },
    "nconf_in": 3,
    "nconf_out": 3
}