{
   "temperature":     298.150000000000,
   "unit": "hartree",
   "energy":     -24.064721741107,
   "free energy":     -23.909258432062,
   "G(T)":       0.155463309045,
   "ZPVE":       0.189349829088,
   "number of imags":0,
   "point group": "c1",
   "gradient norm":       0.000027904888
}
