{
   "temperature":     298.150000000000,
   "unit": "hartree",
   "energy":     -28.548196910852,
   "free energy":     -28.374971788018,
   "G(T)":       0.173225122834,
   "ZPVE":       0.209144407750,
   "number of imags":0,
   "point group": "c1",
   "gradient norm":       0.000145029826
}
