{
   "temperature":     298.150000000000,
   "unit": "hartree",
   "energy":     -20.892762256319,
   "free energy":     -20.763090443812,
   "G(T)":       0.129671812506,
   "ZPVE":       0.161991604802,
   "number of imags":0,
   "point group": "cs",
   "gradient norm":       0.000048105040
}
