{
   "temperature":     298.150000000000,
   "unit": "hartree",
   "energy":     -17.876193650308,
   "free energy":     -17.768451187710,
   "G(T)":       0.107742462598,
   "ZPVE":       0.139563789691,
   "number of imags":0,
   "point group": "c1",
   "gradient norm":       0.000072358315
}
