{
   "temperature":     298.150000000000,
   "unit": "hartree",
   "energy":     -44.048267179334,
   "free energy":     -43.880942058217,
   "G(T)":       0.167325121117,
   "ZPVE":       0.211465347782,
   "number of imags":0,
   "point group": "c1",
   "gradient norm":       0.000103393472
}
