{
   "temperature":     298.150000000000,
   "unit": "hartree",
   "energy":     -23.954566006116,
   "free energy":     -23.847853647400,
   "G(T)":       0.106712358715,
   "ZPVE":       0.142696596552,
   "number of imags":0,
   "point group": "c1",
   "gradient norm":       0.000069915979
}
