{
   "temperature":     298.150000000000,
   "unit": "hartree",
   "energy":     -18.619851349555,
   "free energy":     -18.541102949845,
   "G(T)":       0.078748399711,
   "ZPVE":       0.108939347402,
   "number of imags":0,
   "point group": "c1",
   "gradient norm":       0.000052647533
}
