{
   "temperature":     298.150000000000,
   "unit": "hartree",
   "energy":     -18.188501103630,
   "free energy":     -18.090333116840,
   "G(T)":       0.098167986791,
   "ZPVE":       0.129416059578,
   "number of imags":0,
   "point group": "c1",
   "gradient norm":       0.000039811032
}
