{
   "temperature":     298.150000000000,
   "unit": "hartree",
   "energy":     -16.906321664858,
   "free energy":     -16.808395081590,
   "G(T)":       0.097926583269,
   "ZPVE":       0.129491470705,
   "number of imags":0,
   "point group": "c1",
   "gradient norm":       0.000041371900
}
