{
   "temperature":     298.150000000000,
   "unit": "hartree",
   "energy":     -20.893926547286,
   "free energy":     -20.764180302304,
   "G(T)":       0.129746244982,
   "ZPVE":       0.161882278683,
   "number of imags":0,
   "point group": "c1",
   "gradient norm":       0.000024099971
}
