{
   "temperature":     298.150000000000,
   "unit": "hartree",
   "energy":     -26.897300892273,
   "free energy":     -26.840988013536,
   "G(T)":       0.056312878737,
   "ZPVE":       0.090169193450,
   "number of imags":0,
   "point group": "cs",
   "gradient norm":       0.000088441229
}
