{
   "temperature":     298.150000000000,
   "unit": "hartree",
   "energy":     -20.895491240183,
   "free energy":     -20.765823371463,
   "G(T)":       0.129667868720,
   "ZPVE":       0.161979928801,
   "number of imags":0,
   "point group": "c1",
   "gradient norm":       0.000025283906
}
