{
   "temperature":     298.150000000000,
   "unit": "hartree",
   "energy":     -23.032899103642,
   "free energy":     -22.900068187269,
   "G(T)":       0.132830916373,
   "ZPVE":       0.166651777010,
   "number of imags":0,
   "point group": "c1",
   "gradient norm":       0.000029359806
}
