{
   "temperature":     298.150000000000,
   "unit": "hartree",
   "energy":     -22.695237211990,
   "free energy":     -22.614580464804,
   "G(T)":       0.080656747186,
   "ZPVE":       0.112499067351,
   "number of imags":0,
   "point group": "c1",
   "gradient norm":       0.000145311311
}
