{
   "temperature":     298.150000000000,
   "unit": "hartree",
   "energy":     -20.894819739367,
   "free energy":     -20.764713237039,
   "G(T)":       0.130106502328,
   "ZPVE":       0.162142521381,
   "number of imags":0,
   "point group": "c1",
   "gradient norm":       0.000058112754
}
