{
    "partname": "prescreening",
    "runtime": 22.816548705101013,
    "results": {
        "CONF6": {
            "xtb_gsolv": {
                "gsolv": -0.0044165809069980355,
                "energy_xtb_gas": -24.056810576277,
                "energy_xtb_solv": -24.061227157184
            },
            "sp": {
                "energy": -311.519686932988
            },
            "gtot": -311.524103513895,
            "bmw": 0.030025988238879163
        },
        "CONF13": {
            "xtb_gsolv": {
                "gsolv": -0.004375048829999173,
                "energy_xtb_gas": -24.055037705217,
                "energy_xtb_solv": -24.059412754047
            },
            "sp": {
                "energy": -311.517931785577
            },
            "gtot": -311.522306834407,
            "bmw": 0.004477977951167404
        },
        "CONF11": {
            "xtb_gsolv": {
                "gsolv": -0.004329990225002689,
                "energy_xtb_gas": -24.055506138526,
                "energy_xtb_solv": -24.059836128751
            },
            "sp": {
                "energy": -311.518061063671
            },
            "gtot": -311.522391053896,
            "bmw": 0.004895761292145552
        },
        "CONF9": {
            "xtb_gsolv": {
                "gsolv": -0.00438494432999903,
                "energy_xtb_gas": -24.055891061078,
                "energy_xtb_solv": -24.060276005408
            },
            "sp": {
                "energy": -311.517965882703
            },
            "gtot": -311.522350827033,
            "bmw": 0.004691558738827905
        },
        "CONF7": {
            "xtb_gsolv": {
                "gsolv": -0.004189332050998473,
                "energy_xtb_gas": -24.056864641171,
                "energy_xtb_solv": -24.061053973222
            },
            "sp": {
                "energy": -311.518756823073
            },
            "gtot": -311.522946155124,
            "bmw": 0.008813514535079682
        },
        "CONF1": {
            "xtb_gsolv": {
                "gsolv": -0.004489092494999625,
                "energy_xtb_gas": -24.058981140908,
                "energy_xtb_solv": -24.063470233403
            },
            "sp": {
                "energy": -311.521882632106
            },
            "gtot": -311.526371724601,
            "bmw": 0.33174319000339186
        },
        "CONF15": {
            "xtb_gsolv": {
                "gsolv": -0.003267073357001493,
                "energy_xtb_gas": -24.056127723021,
                "energy_xtb_solv": -24.059394796378
            },
            "sp": {
                "energy": -311.518912513108
            },
            "gtot": -311.522179586465,
            "bmw": 0.003913379350080516
        },
        "CONF5": {
            "xtb_gsolv": {
                "gsolv": -0.003891157575999671,
                "energy_xtb_gas": -24.057455995965,
                "energy_xtb_solv": -24.061347153541
            },
            "sp": {
                "energy": -311.520086531829
            },
            "gtot": -311.523977689405,
            "bmw": 0.026279799708603422
        },
        "CONF16": {
            "xtb_gsolv": {
                "gsolv": -0.0037187464079977417,
                "energy_xtb_gas": -24.05553138367,
                "energy_xtb_solv": -24.059250130078
            },
            "sp": {
                "energy": -311.518047308487
            },
            "gtot": -311.521766054895,
            "bmw": 0.002525460576756739
        },
        "CONF3": {
            "xtb_gsolv": {
                "gsolv": -0.0043783123010001646,
                "energy_xtb_gas": -24.058529837864,
                "energy_xtb_solv": -24.062908150165
            },
            "sp": {
                "energy": -311.521461421703
            },
            "gtot": -311.525839734004,
            "bmw": 0.188844038806045
        },
        "CONF2": {
            "xtb_gsolv": {
                "gsolv": -0.004405786455002669,
                "energy_xtb_gas": -24.05867724376,
                "energy_xtb_solv": -24.063083030215
            },
            "sp": {
                "energy": -311.521532327816
            },
            "gtot": -311.52593811427096,
            "bmw": 0.20958252606391356
        },
        "CONF10": {
            "xtb_gsolv": {
                "gsolv": -0.004300315358999995,
                "energy_xtb_gas": -24.05564050579,
                "energy_xtb_solv": -24.059940821149
            },
            "sp": {
                "energy": -311.518082541328
            },
            "gtot": -311.522382856687,
            "bmw": 0.00485344127463474
        },
        "CONF12": {
            "xtb_gsolv": {
                "gsolv": -0.00437277933700031,
                "energy_xtb_gas": -24.055153625987,
                "energy_xtb_solv": -24.059526405324
            },
            "sp": {
                "energy": -311.518141528036
            },
            "gtot": -311.522514307373,
            "bmw": 0.005578441838070766
        },
        "CONF8": {
            "xtb_gsolv": {
                "gsolv": -0.004429293271002166,
                "energy_xtb_gas": -24.056210152381,
                "energy_xtb_solv": -24.060639445652
            },
            "sp": {
                "energy": -311.518654348485
            },
            "gtot": -311.523083641756,
            "bmw": 0.010195032118324895
        },
        "CONF4": {
            "xtb_gsolv": {
                "gsolv": -0.0036216903879982,
                "energy_xtb_gas": -24.058386035634,
                "energy_xtb_solv": -24.062007726022
            },
            "sp": {
                "energy": -311.521800733248
            },
            "gtot": -311.52542242363603,
            "bmw": 0.12138186268515877
        },
        "CONF14": {
            "xtb_gsolv": {
                "gsolv": -0.004374938226998637,
                "energy_xtb_gas": -24.055021903398,
                "energy_xtb_solv": -24.059396841625
            },
            "sp": {
                "energy": -311.517880970617
            },
            "gtot": -311.522255908844,
            "bmw": 0.0042428513202307045
        },
        "CONF17": {
            "xtb_gsolv": {
                "gsolv": -0.00424671853700076,
                "energy_xtb_gas": -24.054906571596,
                "energy_xtb_solv": -24.059153290133
            },
            "sp": {
                "energy": -311.517799393221
            },
            "gtot": -311.522046111758,
            "bmw": 0.003397487234118345
        },
        "CONF23": {
            "xtb_gsolv": {
                "gsolv": -0.003792237675000365,
                "energy_xtb_gas": -24.054807242244,
                "energy_xtb_solv": -24.058599479919
            },
            "sp": {
                "energy": -311.517958713677
            },
            "gtot": -311.521750951352,
            "bmw": 0.0024853836929077102
        },
        "CONF19": {
            "xtb_gsolv": {
                "gsolv": -0.00434335063100022,
                "energy_xtb_gas": -24.054709217542,
                "energy_xtb_solv": -24.059052568173
            },
            "sp": {
                "energy": -311.518160671093
            },
            "gtot": -311.52250402172405,
            "bmw": 0.005518001807066006
        },
        "CONF27": {
            "xtb_gsolv": {
                "gsolv": -0.003203559441001147,
                "energy_xtb_gas": -24.054743441977,
                "energy_xtb_solv": -24.057947001418
            },
            "sp": {
                "energy": -311.517931931301
            },
            "gtot": -311.521135490742,
            "bmw": 0.0012950936077409287
        },
        "CONF21": {
            "xtb_gsolv": {
                "gsolv": -0.004358478198000171,
                "energy_xtb_gas": -24.054653369422,
                "energy_xtb_solv": -24.05901184762
            },