{
    "partname": "screening",
    "runtime": 116.62462758552283,
    "results": {
        "CONF7": {
            "gsolv": {
                "gsolv": -0.005324786735968701,
                "energy_gas": -312.204927865111,
                "energy_solv": -312.210252651847
            },
            "gtot": -312.210252651847,
            "bmw": 0.006640739917959041
        },
        "CONF19": {
            "gsolv": {
                "gsolv": -0.004752984065987675,
                "energy_gas": -312.203044628476,
                "energy_solv": -312.207797612542
            },
            "gtot": -312.207797612542,
            "bmw": 0.0004931471848138107
        },
        "CONF8": {
            "gsolv": {
                "gsolv": -0.005411122079976849,
                "energy_gas": -312.204653205609,
                "energy_solv": -312.210064327689
            },
            "gtot": -312.210064327689,
            "bmw": 0.005439930547781542
        },
        "CONF4": {
            "gsolv": {
                "gsolv": -0.005996189830966614,
                "energy_gas": -312.207905368765,
                "energy_solv": -312.213901558596
            },
            "gtot": -312.213901558596,
            "bmw": 0.3166630549018794
        },
        "CONF1": {
            "gsolv": {
                "gsolv": -0.0052870310789785435,
                "energy_gas": -312.207827563183,
                "energy_solv": -312.213114594262
            },
            "gtot": -312.213114594262,
            "bmw": 0.13760013500064114
        },
        "CONF2": {
            "gsolv": {
                "gsolv": -0.006117904950997399,
                "energy_gas": -312.207542276694,
                "energy_solv": -312.213660181645
            },
            "gtot": -312.213660181645,
            "bmw": 0.24522891973658542
        },
        "CONF3": {
            "gsolv": {
                "gsolv": -0.005957245558988689,
                "energy_gas": -312.207553851603,
                "energy_solv": -312.213511097162
            },
            "gtot": -312.213511097162,
            "bmw": 0.20941007367102132
        },
        "CONF9": {
            "gsolv": {
                "gsolv": -0.0061870947599800274,
                "energy_gas": -312.203965604893,
                "energy_solv": -312.210152699653
            },
            "gtot": -312.210152699653,
            "bmw": 0.0059736757403303815
        },
        "CONF6": {
            "gsolv": {
                "gsolv": -0.004756730151029842,
                "energy_gas": -312.205237114723,
                "energy_solv": -312.209993844874
            },
            "gtot": -312.209993844874,
            "bmw": 0.005048629542621678
        },
        "CONF21": {
            "gsolv": {
                "gsolv": -0.004966189454023606,
                "energy_gas": -312.202951065743,
                "energy_solv": -312.207917255197
            },
            "gtot": -312.207917255197,
            "bmw": 0.0005597683898734003
        },
        "CONF11": {
            "gsolv": {
                "gsolv": -0.006182124986025883,
                "energy_gas": -312.203605590081,
                "energy_solv": -312.209787715067
            },
            "gtot": -312.209787715067,
            "bmw": 0.004058451460389151
        },
        "CONF10": {
            "gsolv": {
                "gsolv": -0.006086894576014856,
                "energy_gas": -312.204090824153,
                "energy_solv": -312.210177718729
            },
            "gtot": -312.210177718729,
            "bmw": 0.006134082647649981
        },
        "CONF22": {
            "gsolv": {
                "gsolv": -0.005034100678017239,
                "energy_gas": -312.202806769011,
                "energy_solv": -312.207840869689
            },
            "gtot": -312.207840869689,
            "bmw": 0.0005162659336231943
        },
        "CONF5": {
            "gsolv": {
                "gsolv": -0.004652592234037911,
                "energy_gas": -312.205495845292,
                "energy_solv": -312.210148437526
            },
            "gtot": -312.210148437526,
            "bmw": 0.005946770824546456
        },
        "CONF13": {
            "gsolv": {
                "gsolv": -0.006065232414982802,
                "energy_gas": -312.203271778189,
                "energy_solv": -312.209337010604
            },
            "gtot": -312.209337010604,
            "bmw": 0.0025179705902572116
        },
        "CONF12": {
            "gsolv": {
                "gsolv": -0.006075950958972953,
                "energy_gas": -312.203607480422,
                "energy_solv": -312.209683431381
            },
            "gtot": -312.209683431381,
            "bmw": 0.003634069099409112
        },
        "CONF18": {
            "gsolv": {
                "gsolv": -0.006449046527961855,
                "energy_gas": -312.203373843378,
                "energy_solv": -312.209822889906
            },
            "gtot": -312.209822889906,
            "bmw": 0.004212497557731732
        },
        "CONF14": {
            "gsolv": {
                "gsolv": -0.006097008228039158,
                "energy_gas": -312.203180149475,
                "energy_solv": -312.209277157703
            },
            "gtot": -312.209277157703,
            "bmw": 0.0023633074526216973
        },
        "CONF15": {
            "gsolv": {
                "gsolv": -0.005360062253998876,
                "energy_gas": -312.204337350692,
                "energy_solv": -312.209697412946
            },
            "gtot": -312.209697412946,
            "bmw": 0.0036882831594061694
        },
        "CONF24": {
            "gsolv": {
                "gsolv": -0.005472439498021231,
                "energy_gas": -312.202965962445,
                "energy_solv": -312.208438401943
            },
            "gtot": -312.208438401943,
            "bmw": 0.0009721186617855326
        },
        "CONF16": {
            "gsolv": {
                "gsolv": -0.006122568223986491,
                "energy_gas": -312.204424042787,
                "energy_solv": -312.210546611011
            },
            "gtot": -312.210546611011,
            "bmw": 0.00906626329990256
        },
        "CONF27": {
            "gsolv": {
                "gsolv": -0.005913131646991587,
                "energy_gas": -312.202942483733,
                "energy_solv": -312.20885561538
            },
            "gtot": -312.20885561538,
            "bmw": 0.0015122520349062024
        },
        "CONF17": {
            "gsolv": {
                "gsolv": -0.006509750588008956,
                "energy_gas": -312.203538819478,
                "energy_solv": -312.210048570066
            },
            "gtot": -312.210048570066,
            "bmw": 0.00534989613071654
        },
        "CONF23": {
            "gsolv": {
                "gsolv": -0.005254702462025307,
                "energy_gas": -312.203079050969,
                "energy_solv": -312.208333753431
            },
            "gtot": -312.208333753431,
            "bmw": 0.0008701303094647168
        },
        "CONF25": {
            "gsolv": {
                "gsolv": -0.005441286510972532,
                "energy_gas": -312.203021804621,
                "energy_solv": -312.208463091132
            },
            "gtot": -312.208463091132,
            "bmw": 0.0009978735729955631
        },
        "CONF20": {
            "gsolv": {
                "gsolv": -0.006034290530010367,
                "energy_gas": -312.204994087086,
                "energy_solv": -312.211028377616
            },
            "gtot": -312.211028377616,
            "bmw": 0.015101692631086775
        }
    },
    "settings": {
        "threshold": 3.5,
        "func": "r2scan-3c",
        "basis": "def2-tzvp",
        "prog": "orca",
        "sm": "smd",
        "gfnv": "gfn2",
        "run": true,
        "implicit": false,
        "template": false
    },
    "nconf_in": 26,