{
   "temperature":     298.150000000000,
   "unit": "hartree",
   "energy":     -18.189344670115,
   "free energy":     -18.091534512456,
   "G(T)":       0.097810157659,
   "ZPVE":       0.129331820838,
   "number of imags":0,
   "point group": "c1",
   "gradient norm":       0.000033348243
}
