{
   "temperature":     298.150000000000,
   "unit": "hartree",
   "energy":     -25.380915504612,
   "free energy":     -25.234241582298,
   "G(T)":       0.146673922315,
   "ZPVE":       0.181281128971,
   "number of imags":0,
   "point group": "cs",
   "gradient norm":       0.000026624799
}
