{
   "temperature":     298.150000000000,
   "unit": "hartree",
   "energy":     -23.034130739690,
   "free energy":     -22.901433884736,
   "G(T)":       0.132696854953,
   "ZPVE":       0.166708719898,
   "number of imags":0,
   "point group": "c1",
   "gradient norm":       0.000114562878
}
