{
   "temperature":     298.150000000000,
   "unit": "hartree",
   "energy":     -25.304446276734,
   "free energy":     -25.113792267652,
   "G(T)":       0.190654009082,
   "ZPVE":       0.224052353720,
   "number of imags":0,
   "point group": "c1",
   "gradient norm":       0.000018900726
}
