{
   "temperature":     298.150000000000,
   "unit": "hartree",
   "energy":     -16.904755593039,
   "free energy":     -16.806515898008,
   "G(T)":       0.098239695031,
   "ZPVE":       0.129530640066,
   "number of imags":0,
   "point group": "c1",
   "gradient norm":       0.000040557187
}
