{
   "temperature":     298.150000000000,
   "unit": "hartree",
   "energy":     -23.954508955444,
   "free energy":     -23.847296727324,
   "G(T)":       0.107212228120,
   "ZPVE":       0.143100783171,
   "number of imags":0,
   "point group": "c1",
   "gradient norm":       0.000049797259
}
