{
   "temperature":     298.150000000000,
   "unit": "hartree",
   "energy":     -16.906001236552,
   "free energy":     -16.808556644697,
   "G(T)":       0.097444591855,
   "ZPVE":       0.129262494299,
   "number of imags":0,
   "point group": "c1",
   "gradient norm":       0.000046092021
}
