{
   "temperature":     298.150000000000,
   "unit": "hartree",
   "energy":     -20.893608485640,
   "free energy":     -20.764068540271,
   "G(T)":       0.129539945369,
   "ZPVE":       0.161857360916,
   "number of imags":0,
   "point group": "c1",
   "gradient norm":       0.000023972727
}
