{
   "temperature":     298.150000000000,
   "unit": "hartree",
   "energy":     -23.954705219253,
   "free energy":     -23.848170504538,
   "G(T)":       0.106534714715,
   "ZPVE":       0.142989991220,
   "number of imags":0,
   "point group": "c1",
   "gradient norm":       0.000048431412
}
