{
   "temperature":     298.150000000000,
   "unit": "hartree",
   "energy":     -19.864585764969,
   "free energy":     -19.756627864417,
   "G(T)":       0.107957900552,
   "ZPVE":       0.139408135290,
   "number of imags":0,
   "point group": "c2",
   "gradient norm":       0.000044860328
}
