{
   "temperature":     298.150000000000,
   "unit": "hartree",
   "energy":     -16.906698322088,
   "free energy":     -16.809286954040,
   "G(T)":       0.097411368048,
   "ZPVE":       0.129168220859,
   "number of imags":0,
   "point group": "c1",
   "gradient norm":       0.000049157129
}
