{
   "temperature":     298.150000000000,
   "unit": "hartree",
   "energy":     -23.157543267236,
   "free energy":     -22.976504296091,
   "G(T)":       0.181038971145,
   "ZPVE":       0.214918754808,
   "number of imags":0,
   "point group": "c1",
   "gradient norm":       0.000019736140
}
