{
   "temperature":     298.150000000000,
   "unit": "hartree",
   "energy":     -16.688776748544,
   "free energy":     -16.607853361547,
   "G(T)":       0.080923386997,
   "ZPVE":       0.110772196637,
   "number of imags":0,
   "point group": "c1",
   "gradient norm":       0.000045478623
}
