{
    "partname": "prescreening",
    "runtime": 22.181631584651768,
    "results": {
        "CONF13": {
            "xtb_gsolv": {
                "gsolv": -0.004978695377001685,
                "energy_xtb_gas": -23.947735821861,
                "energy_xtb_solv": -23.952714517238
            },
            "sp": {
                "energy": -346.239513833814
            },
            "gtot": -346.244492529191,
            "bmw": 0.02954196914125829
        },
        "CONF9": {
            "xtb_gsolv": {
                "gsolv": -0.004773534398999857,
                "energy_xtb_gas": -23.947980104935,
                "energy_xtb_solv": -23.952753639334
            },
            "sp": {
                "energy": -346.240831024804
            },
            "gtot": -346.245604559203,
            "bmw": 0.09592633220692612
        },
        "CONF14": {
            "xtb_gsolv": {
                "gsolv": -0.005091481768999984,
                "energy_xtb_gas": -23.947608650137,
                "energy_xtb_solv": -23.952700131906
            },
            "sp": {
                "energy": -346.238613144257
            },
            "gtot": -346.243704626026,
            "bmw": 0.012824164215726594
        },
        "CONF15": {
            "xtb_gsolv": {
                "gsolv": -0.004898195018999019,
                "energy_xtb_gas": -23.947797560481,
                "energy_xtb_solv": -23.9526957555
            },
            "sp": {
                "energy": -346.239621825266
            },
            "gtot": -346.244520020285,
            "bmw": 0.03041476520003877
        },
        "CONF7": {
            "xtb_gsolv": {
                "gsolv": -0.004744818902000958,
                "energy_xtb_gas": -23.948129410827,
                "energy_xtb_solv": -23.952874229729
            },
            "sp": {
                "energy": -346.240897030978
            },
            "gtot": -346.24564184988,
            "bmw": 0.09979076763080855
        },
        "CONF1": {
            "xtb_gsolv": {
                "gsolv": -0.004937508136002577,
                "energy_xtb_gas": -23.947998429747,
                "energy_xtb_solv": -23.952935937883
            },
            "sp": {
                "energy": -346.239430334449
            },
            "gtot": -346.244367842585,
            "bmw": 0.025887348562108167
        },
        "CONF12": {
            "xtb_gsolv": {
                "gsolv": -0.005129873034999122,
                "energy_xtb_gas": -23.947575535311,
                "energy_xtb_solv": -23.952705408346
            },
            "sp": {
                "energy": -346.238496043234
            },
            "gtot": -346.243625916269,
            "bmw": 0.011798453587824723
        },
        "CONF11": {
            "xtb_gsolv": {
                "gsolv": -0.005119159241999682,
                "energy_xtb_gas": -23.947585723556,
                "energy_xtb_solv": -23.952704882798
            },
            "sp": {
                "energy": -346.238526090637
            },
            "gtot": -346.24364524987897,
            "bmw": 0.01204253545099974
        },
        "CONF6": {
            "xtb_gsolv": {
                "gsolv": -0.0048035286929994925,
                "energy_xtb_gas": -23.948088666522,
                "energy_xtb_solv": -23.952892195215
            },
            "sp": {
                "energy": -346.24052414213
            },
            "gtot": -346.24532767082303,
            "bmw": 0.07154478789428466
        },
        "CONF5": {
            "xtb_gsolv": {
                "gsolv": -0.0048167200159987544,
                "energy_xtb_gas": -23.9480790427,
                "energy_xtb_solv": -23.952895762716
            },
            "sp": {
                "energy": -346.240420871564
            },
            "gtot": -346.24523759158,
            "bmw": 0.0650345915140128
        },
        "CONF8": {
            "xtb_gsolv": {
                "gsolv": -0.004834082704000764,
                "energy_xtb_gas": -23.948039228284,
                "energy_xtb_solv": -23.952873310988
            },
            "sp": {
                "energy": -346.240225449256
            },
            "gtot": -346.24505953196,
            "bmw": 0.05385706233458362
        },
        "CONF4": {
            "xtb_gsolv": {
                "gsolv": -0.004856960064000049,
                "energy_xtb_gas": -23.948029804267,
                "energy_xtb_solv": -23.952886764331
            },
            "sp": {
                "energy": -346.239930675593
            },
            "gtot": -346.24478763565696,
            "bmw": 0.04038118120302575
        },
        "CONF18": {
            "xtb_gsolv": {
                "gsolv": -0.0051213134930030435,
                "energy_xtb_gas": -23.947584201947,
                "energy_xtb_solv": -23.95270551544
            },
            "sp": {
                "energy": -346.23848484193
            },
            "gtot": -346.24360615542304,
            "bmw": 0.01155408953054435
        },
        "CONF3": {
            "xtb_gsolv": {
                "gsolv": -0.004779695749000723,
                "energy_xtb_gas": -23.948109542989,
                "energy_xtb_solv": -23.952889238738
            },
            "sp": {
                "energy": -346.240556864681
            },
            "gtot": -346.24533656043,
            "bmw": 0.07222157190996116
        },
        "CONF2": {
            "xtb_gsolv": {
                "gsolv": -0.0047802403719998665,
                "energy_xtb_gas": -23.948109404671,
                "energy_xtb_solv": -23.952889645043
            },
            "sp": {
                "energy": -346.240604765467
            },
            "gtot": -346.245385005839,
            "bmw": 0.07602392403907643
        },
        "CONF10": {
            "xtb_gsolv": {
                "gsolv": -0.004990458771999329,
                "energy_xtb_gas": -23.947730994943,
                "energy_xtb_solv": -23.952721453715
            },
            "sp": {
                "energy": -346.239570736016
            },
            "gtot": -346.244561194788,
            "bmw": 0.031770454552471857
        },
        "CONF20": {
            "xtb_gsolv": {
                "gsolv": -0.004938255264999469,
                "energy_xtb_gas": -23.947693713848,
                "energy_xtb_solv": -23.952631969113
            },
            "sp": {
                "energy": -346.238718903511
            },
            "gtot": -346.24365715877605,
            "bmw": 0.012195388698487712
        },
        "CONF30": {
            "xtb_gsolv": {
                "gsolv": -0.004619190966000275,
                "energy_xtb_gas": -23.947054133628,
                "energy_xtb_solv": -23.951673324594
            },
            "sp": {
                "energy": -346.239277721726
            },
            "gtot": -346.24389691269204,
            "bmw": 0.015720806228006767
        },
        "CONF19": {
            "xtb_gsolv": {
                "gsolv": -0.004854357498000894,
                "energy_xtb_gas": -23.94781481471,
                "energy_xtb_solv": -23.952669172208
            },
            "sp": {
                "energy": -346.239676087547
            },
            "gtot": -346.24453044504503,
            "bmw": 0.030752436172751443
        },
        "CONF17": {
            "xtb_gsolv": {
                "gsolv": -0.005019565138002946,
                "energy_xtb_gas": -23.947671971345,
                "energy_xtb_solv": -23.952691536483
            },
            "sp": {
                "energy": -346.23854757076
            },
            "gtot": -346.243567135898,
            "bmw": 0.011086334786272268
        },
        "CONF21": {
            "xtb_gsolv": {
                "gsolv": -0.004908116706001664,
                "energy_xtb_gas": -23.94770233181,
                "energy_xtb_solv": -23.952610448516
            },