{
    "partname": "screening",
    "runtime": 115.88777079526335,
    "results": {
        "CONF25": {
            "gsolv": {
                "gsolv": -0.00463544855500686,
                "energy_gas": -346.930521172277,
                "energy_solv": -346.935156620832
            },
            "gtot": -346.935156620832,
            "bmw": 0.007575010459039585
        },
        "CONF3": {
            "gsolv": {
                "gsolv": -0.005104934921007498,
                "energy_gas": -346.932462214858,
                "energy_solv": -346.937567149779
            },
            "gtot": -346.937567149779,
            "bmw": 0.09730828146386457
        },
        "CONF28": {
            "gsolv": {
                "gsolv": -0.005497303343020121,
                "energy_gas": -346.930718923074,
                "energy_solv": -346.936216226417
            },
            "gtot": -346.936216226417,
            "bmw": 0.023268482922324526
        },
        "CONF23": {
            "gsolv": {
                "gsolv": -0.005160578027016527,
                "energy_gas": -346.931525201118,
                "energy_solv": -346.936685779145
            },
            "gtot": -346.936685779145,
            "bmw": 0.03826021210680013
        },
        "CONF10": {
            "gsolv": {
                "gsolv": -0.005374505284976294,
                "energy_gas": -346.931568850564,
                "energy_solv": -346.936943355849
            },
            "gtot": -346.936943355849,
            "bmw": 0.050260228195568905
        },
        "CONF5": {
            "gsolv": {
                "gsolv": -0.005079844920032883,
                "energy_gas": -346.932228603715,
                "energy_solv": -346.937308448635
            },
            "gtot": -346.937308448635,
            "bmw": 0.07398701622893085
        },
        "CONF9": {
            "gsolv": {
                "gsolv": -0.005166820884028311,
                "energy_gas": -346.932706142577,
                "energy_solv": -346.937872963461
            },
            "gtot": -346.937872963461,
            "bmw": 0.1345285184791423
        },
        "CONF8": {
            "gsolv": {
                "gsolv": -0.005256059414023184,
                "energy_gas": -346.932261678442,
                "energy_solv": -346.937517737856
            },
            "gtot": -346.937517737856,
            "bmw": 0.09234680860407726
        },
        "CONF2": {
            "gsolv": {
                "gsolv": -0.005102544895009942,
                "energy_gas": -346.932476844721,
                "energy_solv": -346.937579389616
            },
            "gtot": -346.937579389616,
            "bmw": 0.09857793990814605
        },
        "CONF15": {
            "gsolv": {
                "gsolv": -0.005251040380983341,
                "energy_gas": -346.931364433419,
                "energy_solv": -346.9366154738
            },
            "gtot": -346.9366154738,
            "bmw": 0.035514781992147866
        },
        "CONF19": {
            "gsolv": {
                "gsolv": -0.004183878043988898,
                "energy_gas": -346.930542620074,
                "energy_solv": -346.934726498118
            },
            "gtot": -346.934726498118,
            "bmw": 0.004803308526942446
        },
        "CONF13": {
            "gsolv": {
                "gsolv": -0.005351457032020335,
                "energy_gas": -346.931510257894,
                "energy_solv": -346.936861714926
            },
            "gtot": -346.936861714926,
            "bmw": 0.04609695420470419
        },
        "CONF6": {
            "gsolv": {
                "gsolv": -0.005164409113035617,
                "energy_gas": -346.932372958228,
                "energy_solv": -346.937537367341
            },
            "gtot": -346.937537367341,
            "bmw": 0.09428678544890397
        },
        "CONF7": {
            "gsolv": {
                "gsolv": -0.004980750004051515,
                "energy_gas": -346.932706228596,
                "energy_solv": -346.9376869786
            },
            "gtot": -346.9376869786,
            "bmw": 0.11047582287161437
        },
        "CONF1": {
            "gsolv": {
                "gsolv": -0.004285453449995202,
                "energy_gas": -346.930688646103,
                "energy_solv": -346.934974099553
            },
            "gtot": -346.934974099553,
            "bmw": 0.006243516443462294
        },
        "CONF4": {
            "gsolv": {
                "gsolv": -0.004716176993952104,
                "energy_gas": -346.931471191704,
                "energy_solv": -346.936187368698
            },
            "gtot": -346.936187368698,
            "bmw": 0.02256807086089697
        },
        "CONF22": {
            "gsolv": {
                "gsolv": -0.0042426760110174655,
                "energy_gas": -346.930143335975,
                "energy_solv": -346.934386011986
            },
            "gtot": -346.934386011986,
            "bmw": 0.0033490968239865996
        },
        "CONF26": {
            "gsolv": {
                "gsolv": -0.005668426428030671,
                "energy_gas": -346.930501416636,
                "energy_solv": -346.936169843064
            },
            "gtot": -346.936169843064,
            "bmw": 0.022153033445134057
        },
        "CONF24": {
            "gsolv": {
                "gsolv": -0.004412202976027402,
                "energy_gas": -346.930316499852,
                "energy_solv": -346.934728702828
            },
            "gtot": -346.934728702828,
            "bmw": 0.004814537565339703
        },
        "CONF20": {
            "gsolv": {
                "gsolv": -0.0043703680009912205,
                "energy_gas": -346.929842904862,
                "energy_solv": -346.934213272863
            },
            "gtot": -346.934213272863,
            "bmw": 0.0027891585771531785
        },
        "CONF21": {
            "gsolv": {
                "gsolv": -0.004284472354981972,
                "energy_gas": -346.929787880335,
                "energy_solv": -346.93407235269
            },
            "gtot": -346.93407235269,
            "bmw": 0.00240245031021271
        },
        "CONF30": {
            "gsolv": {
                "gsolv": -0.0040214212430100815,
                "energy_gas": -346.930274087803,
                "energy_solv": -346.934295509046
            },
            "gtot": -346.934295509046,
            "bmw": 0.0030429809429406915
        },
        "CONF16": {
            "gsolv": {
                "gsolv": -0.004442082314994877,
                "energy_gas": -346.929756808281,
                "energy_solv": -346.934198890596
            },
            "gtot": -346.934198890596,
            "bmw": 0.002746994701930767
        },
        "CONF17": {
            "gsolv": {
                "gsolv": -0.0044092839629570335,
                "energy_gas": -346.929732043327,
                "energy_solv": -346.93414132729
            },
            "gtot": -346.93414132729,
            "bmw": 0.002584523788228147
        },
        "CONF29": {
            "gsolv": {
                "gsolv": -0.0045920606480081005,
                "energy_gas": -346.929214221332,
                "energy_solv": -346.93380628198
            },
            "gtot": -346.93380628198,
            "bmw": 0.001812468046920667
        },
        "CONF14": {
            "gsolv": {
                "gsolv": -0.0046240707019933325,
                "energy_gas": -346.93007491098,
                "energy_solv": -346.934698981682
            },
            "gtot": -346.934698981682,
            "bmw": 0.004665345361302579
        },
        "CONF12": {
            "gsolv": {
                "gsolv": -0.004523512295975252,
                "energy_gas": -346.929902224367,
                "energy_solv": -346.934425736663
            },
            "gtot": -346.934425736663,
            "bmw": 0.0034930096864835155
        },