{
   "temperature":     298.150000000000,
   "unit": "hartree",
   "energy":     -32.490158474205,
   "free energy":     -32.361958654465,
   "G(T)":       0.128199819740,
   "ZPVE":       0.164902434778,
   "number of imags":0,
   "point group": "cs",
   "gradient norm":       0.000042255910
}
