{
   "temperature":     298.150000000000,
   "unit": "hartree",
   "energy":     -36.590966675763,
   "free energy":     -36.460767792434,
   "G(T)":       0.130198883329,
   "ZPVE":       0.169441290534,
   "number of imags":0,
   "point group": "cs",
   "gradient norm":       0.000086712055
}
