{
   "temperature":     298.150000000000,
   "unit": "hartree",
   "energy":     -17.087888107253,
   "free energy":     -16.971980437723,
   "G(T)":       0.115907669531,
   "ZPVE":       0.146246402526,
   "number of imags":0,
   "point group": "cs",
   "gradient norm":       0.000032765228
}
