{
   "temperature":     298.150000000000,
   "unit": "hartree",
   "energy":     -25.308582832483,
   "free energy":     -25.120621650580,
   "G(T)":       0.187961181903,
   "ZPVE":       0.223269274998,
   "number of imags":0,
   "point group": "c1",
   "gradient norm":       0.000036547656
}
