{
   "temperature":     298.150000000000,
   "unit": "hartree",
   "energy":     -23.958478051760,
   "free energy":     -23.853171733576,
   "G(T)":       0.105306318183,
   "ZPVE":       0.142675917445,
   "number of imags":0,
   "point group": "c1",
   "gradient norm":       0.000043594347
}
