{
   "temperature":     298.150000000000,
   "unit": "hartree",
   "energy":     -20.892597887100,
   "free energy":     -20.762030816992,
   "G(T)":       0.130567070108,
   "ZPVE":       0.162254282572,
   "number of imags":0,
   "point group": "c1",
   "gradient norm":       0.000072953735
}
