{
   "temperature":     298.150000000000,
   "unit": "hartree",
   "energy":     -27.125552612624,
   "free energy":     -26.992520779124,
   "G(T)":       0.133031833500,
   "ZPVE":       0.170613076304,
   "number of imags":0,
   "point group": "c1",
   "gradient norm":       0.000025308185
}
