{
   "temperature":     298.150000000000,
   "unit": "hartree",
   "energy":     -20.892386329869,
   "free energy":     -20.762232370303,
   "G(T)":       0.130153959566,
   "ZPVE":       0.162273421533,
   "number of imags":0,
   "point group": "c1",
   "gradient norm":       0.000056933560
}
