{
    "partname": "prescreening",
    "runtime": 8.021612307988107,
    "results": {
        "CONF2": {
            "xtb_gsolv": {
                "gsolv": -0.005940723203998743,
                "energy_xtb_gas": -18.612482200075,
                "energy_xtb_solv": -18.618422923279
            },
            "sp": {
                "energy": -268.935478802729
            },
            "gtot": -268.941419525933,
            "bmw": 0.05234932908023858
        },
        "CONF14": {
            "xtb_gsolv": {
                "gsolv": -0.008654216166998907,
                "energy_xtb_gas": -18.605955519365,
                "energy_xtb_solv": -18.614609735532
            },
            "sp": {
                "energy": -268.930517124493
            },
            "gtot": -268.93917134066,
            "bmw": 0.004839689230400059
        },
        "CONF11": {
            "xtb_gsolv": {
                "gsolv": -0.0076160083410030666,
                "energy_xtb_gas": -18.608503957384,
                "energy_xtb_solv": -18.616119965725
            },
            "sp": {
                "energy": -268.93280833019
            },
            "gtot": -268.94042433853105,
            "bmw": 0.018245534955278073
        },
        "CONF5": {
            "xtb_gsolv": {
                "gsolv": -0.006920313594999783,
                "energy_xtb_gas": -18.610562283549,
                "energy_xtb_solv": -18.617482597144
            },
            "sp": {
                "energy": -268.931199905451
            },
            "gtot": -268.938120219046,
            "bmw": 0.001589772572142382
        },
        "CONF15": {
            "xtb_gsolv": {
                "gsolv": -0.008666563174998032,
                "energy_xtb_gas": -18.605943800634,
                "energy_xtb_solv": -18.614610363809
            },
            "sp": {
                "energy": -268.930490511014
            },
            "gtot": -268.939157074189,
            "bmw": 0.004767111971369344
        },
        "CONF3": {
            "xtb_gsolv": {
                "gsolv": -0.006575908352001392,
                "energy_xtb_gas": -18.611482673085,
                "energy_xtb_solv": -18.618058581437
            },
            "sp": {
                "energy": -268.931844532336
            },
            "gtot": -268.938420440688,
            "bmw": 0.0021848790298185853
        },
        "CONF6": {
            "xtb_gsolv": {
                "gsolv": -0.0067449549129996456,
                "energy_xtb_gas": -18.610698884972,
                "energy_xtb_solv": -18.617443839885
            },
            "sp": {
                "energy": -268.933886294012
            },
            "gtot": -268.940631248925,
            "bmw": 0.022715839664182235
        },
        "CONF9": {
            "xtb_gsolv": {
                "gsolv": -0.007600746651000634,
                "energy_xtb_gas": -18.609175499777,
                "energy_xtb_solv": -18.616776246428
            },
            "sp": {
                "energy": -268.933569630967
            },
            "gtot": -268.941170377618,
            "bmw": 0.040207847853124166
        },
        "CONF10": {
            "xtb_gsolv": {
                "gsolv": -0.007556553930999854,
                "energy_xtb_gas": -18.609216213221,
                "energy_xtb_solv": -18.616772767152
            },
            "sp": {
                "energy": -268.931148734732
            },
            "gtot": -268.938705288663,
            "bmw": 0.002954257831742675
        },
        "CONF16": {
            "xtb_gsolv": {
                "gsolv": -0.007801351482999763,
                "energy_xtb_gas": -18.606721371821,
                "energy_xtb_solv": -18.614522723304
            },
            "sp": {
                "energy": -268.928737320062
            },
            "gtot": -268.936538671545,
            "bmw": 0.0002977649016700721
        },
        "CONF4": {
            "xtb_gsolv": {
                "gsolv": -0.007093173595002611,
                "energy_xtb_gas": -18.610749637248,
                "energy_xtb_solv": -18.617842810843
            },
            "sp": {
                "energy": -268.932265191421
            },
            "gtot": -268.939358365016,
            "bmw": 0.005899873831006234
        },
        "CONF8": {
            "xtb_gsolv": {
                "gsolv": -0.007800882238999662,
                "energy_xtb_gas": -18.609387862079,
                "energy_xtb_solv": -18.617188744318
            },
            "sp": {
                "energy": -268.93253775047
            },
            "gtot": -268.940338632709,
            "bmw": 0.016662288583126152
        },
        "CONF13": {
            "xtb_gsolv": {
                "gsolv": -0.005364021942000363,
                "energy_xtb_gas": -18.609669924419,
                "energy_xtb_solv": -18.615033946361
            },
            "sp": {
                "energy": -268.930058707763
            },
            "gtot": -268.935422729705,
            "bmw": 9.132207891929603e-05
        },
        "CONF1": {
            "xtb_gsolv": {
                "gsolv": -0.005953708395999513,
                "energy_xtb_gas": -18.613194883394,
                "energy_xtb_solv": -18.61914859179
            },
            "sp": {
                "energy": -268.938034394209
            },
            "gtot": -268.94398810260503,
            "bmw": 0.7950136901300523
        },
        "CONF12": {
            "xtb_gsolv": {
                "gsolv": -0.008446121769999593,
                "energy_xtb_gas": -18.606843780119,
                "energy_xtb_solv": -18.615289901889
            },
            "sp": {
                "energy": -268.932374679907
            },
            "gtot": -268.94082080167703,
            "bmw": 0.027766236938695475
        },
        "CONF7": {
            "xtb_gsolv": {
                "gsolv": -0.007099386316998135,
                "energy_xtb_gas": -18.610177482655,
                "energy_xtb_solv": -18.617276868972
            },
            "sp": {
                "energy": -268.931985144163
            },
            "gtot": -268.93908453048,
            "bmw": 0.004414561348234742
        }
    },
    "settings": {
        "threshold": 4.0,
        "func": "pbe-d4",
        "basis": "def2-sv(p)",
        "prog": "orca",
        "gfnv": "gfn2",
        "run": true,
        "template": false
    },
    "nconf_in": 16,
    "nconf_out": 14
}