{
    "partname": "screening",
    "runtime": 35.467935401014984,
    "results": {
        "CONF11": {
            "gsolv": {
                "gsolv": -0.012735348063017682,
                "energy_gas": -269.489800223366,
                "energy_solv": -269.502535571429
            },
            "gtot": -269.502535571429,
            "bmw": 0.21870954266031947
        },
        "CONF12": {
            "gsolv": {
                "gsolv": -0.011625575549999212,
                "energy_gas": -269.489596887174,
                "energy_solv": -269.501222462724
            },
            "gtot": -269.501222462724,
            "bmw": 0.054435164129849146
        },
        "CONF9": {
            "gsolv": {
                "gsolv": -0.009841663658960442,
                "energy_gas": -269.490200020085,
                "energy_solv": -269.500041683744
            },
            "gtot": -269.500041683744,
            "bmw": 0.01558686597805415
        },
        "CONF5": {
            "gsolv": {
                "gsolv": -0.011131565387017872,
                "energy_gas": -269.487946066311,
                "energy_solv": -269.499077631698
            },
            "gtot": -269.499077631698,
            "bmw": 0.005614687052596792
        },
        "CONF14": {
            "gsolv": {
                "gsolv": -0.012693507545009197,
                "energy_gas": -269.487704709368,
                "energy_solv": -269.500398216913
            },
            "gtot": -269.500398216913,
            "bmw": 0.022738023298875233
        },
        "CONF8": {
            "gsolv": {
                "gsolv": -0.009582036176027486,
                "energy_gas": -269.489168494418,
                "energy_solv": -269.498750530594
            },
            "gtot": -269.498750530594,
            "bmw": 0.003970721813757458
        },
        "CONF2": {
            "gsolv": {
                "gsolv": -0.009252234456027963,
                "energy_gas": -269.492429627533,
                "energy_solv": -269.501681861989
            },
            "gtot": -269.501681861989,
            "bmw": 0.08855000124611621
        },
        "CONF15": {
            "gsolv": {
                "gsolv": -0.012710420199027794,
                "energy_gas": -269.487746650464,
                "energy_solv": -269.500457070663
            },
            "gtot": -269.500457070663,
            "bmw": 0.024200456499991738
        },
        "CONF1": {
            "gsolv": {
                "gsolv": -0.008527587113974278,
                "energy_gas": -269.494683337759,
                "energy_solv": -269.503210924873
            },
            "gtot": -269.503210924873,
            "bmw": 0.44720722757796133
        },
        "CONF6": {
            "gsolv": {
                "gsolv": -0.010354661746987404,
                "energy_gas": -269.490450423443,
                "energy_solv": -269.50080508519
            },
            "gtot": -269.50080508519,
            "bmw": 0.034986392185279484
        },
        "CONF4": {
            "gsolv": {
                "gsolv": -0.010394564969999465,
                "energy_gas": -269.488841150903,
                "energy_solv": -269.499235715873
            },
            "gtot": -269.499235715873,
            "bmw": 0.00663803047738741
        },
        "CONF10": {
            "gsolv": {
                "gsolv": -0.010537448049035447,
                "energy_gas": -269.488030809237,
                "energy_solv": -269.498568257286
            },
            "gtot": -269.498568257286,
            "bmw": 0.003273629634774346
        },
        "CONF7": {
            "gsolv": {
                "gsolv": -0.01226804572996798,
                "energy_gas": -269.489139326837,
                "energy_solv": -269.501407372567
            },
            "gtot": -269.501407372567,
            "bmw": 0.06621130947029415
        },
        "CONF3": {
            "gsolv": {
                "gsolv": -0.010922679475982022,
                "energy_gas": -269.488474729907,
                "energy_solv": -269.499397409383
            },
            "gtot": -269.499397409383,
            "bmw": 0.007877947974743263
        }
    },
    "settings": {
        "threshold": 3.5,
        "func": "r2scan-3c",
        "basis": "def2-tzvp",
        "prog": "orca",
        "sm": "smd",
        "gfnv": "gfn2",
        "run": true,
        "implicit": false,
        "template": false
    },
    "nconf_in": 14,
    "nconf_out": 14
}