{
   "temperature":     298.150000000000,
   "unit": "hartree",
   "energy":     -29.090732010124,
   "free energy":     -28.941415840402,
   "G(T)":       0.149316169722,
   "ZPVE":       0.185272488944,
   "number of imags":0,
   "point group": "c1",
   "gradient norm":       0.000039668668
}
