{
   "temperature":     298.150000000000,
   "unit": "hartree",
   "energy":     -27.125048345196,
   "free energy":     -26.991847805222,
   "G(T)":       0.133200539974,
   "ZPVE":       0.170709752227,
   "number of imags":0,
   "point group": "c1",
   "gradient norm":       0.000036666995
}
