{
   "temperature":     298.150000000000,
   "unit": "hartree",
   "energy":     -19.865372248696,
   "free energy":     -19.758715813097,
   "G(T)":       0.106656435599,
   "ZPVE":       0.138898910209,
   "number of imags":0,
   "point group": "c1",
   "gradient norm":       0.000045187181
}
