{
   "temperature":     298.150000000000,
   "unit": "hartree",
   "energy":     -39.986027091788,
   "free energy":     -39.868093996097,
   "G(T)":       0.117933095691,
   "ZPVE":       0.159646831425,
   "number of imags":0,
   "point group": "c1",
   "gradient norm":       0.000118053116
}
