{
   "temperature":     298.150000000000,
   "unit": "hartree",
   "energy":     -26.195114344771,
   "free energy":     -26.035309315199,
   "G(T)":       0.159805029572,
   "ZPVE":       0.194891803084,
   "number of imags":0,
   "point group": "c2",
   "gradient norm":       0.000104263012
}
