{
   "temperature":     298.150000000000,
   "unit": "hartree",
   "energy":     -23.957732054052,
   "free energy":     -23.848997943144,
   "G(T)":       0.108734110907,
   "ZPVE":       0.143461132945,
   "number of imags":0,
   "point group": "c1",
   "gradient norm":       0.000026055310
}
