{
   "temperature":     298.150000000000,
   "unit": "hartree",
   "energy":     -24.063144363916,
   "free energy":     -23.906810074464,
   "G(T)":       0.156334289452,
   "ZPVE":       0.189605784638,
   "number of imags":0,
   "point group": "c1",
   "gradient norm":       0.000037263724
}
