{
   "temperature":     298.150000000000,
   "unit": "hartree",
   "energy":     -24.057831267046,
   "free energy":     -23.901543167762,
   "G(T)":       0.156288099284,
   "ZPVE":       0.189993818757,
   "number of imags":0,
   "point group": "c1",
   "gradient norm":       0.000041540288
}
