{
   "temperature":     298.150000000000,
   "unit": "hartree",
   "energy":     -32.575174401575,
   "free energy":     -32.401321382535,
   "G(T)":       0.173853019040,
   "ZPVE":       0.211407349654,
   "number of imags":0,
   "point group": "c1",
   "gradient norm":       0.000036125346
}
