{
   "temperature":     298.150000000000,
   "unit": "hartree",
   "energy":     -41.499569531682,
   "free energy":     -41.368073364310,
   "G(T)":       0.131496167372,
   "ZPVE":       0.172085807539,
   "number of imags":0,
   "point group": "c1",
   "gradient norm":       0.000056480323
}
