{
   "temperature":     298.150000000000,
   "unit": "hartree",
   "energy":     -17.977483515547,
   "free energy":     -17.885707865161,
   "G(T)":       0.091775650386,
   "ZPVE":       0.121870209563,
   "number of imags":0,
   "point group": "c1",
   "gradient norm":       0.000056665843
}
