{
   "temperature":     298.150000000000,
   "unit": "hartree",
   "energy":     -24.063753467550,
   "free energy":     -23.907741273944,
   "G(T)":       0.156012193606,
   "ZPVE":       0.189940322570,
   "number of imags":0,
   "point group": "c1",
   "gradient norm":       0.000025573327
}
