{
   "temperature":     298.150000000000,
   "unit": "hartree",
   "energy":     -20.896647200642,
   "free energy":     -20.766139634351,
   "G(T)":       0.130507566291,
   "ZPVE":       0.162250380526,
   "number of imags":0,
   "point group": "c1",
   "gradient norm":       0.000019676457
}
