{
   "temperature":     298.150000000000,
   "unit": "hartree",
   "energy":     -26.318587997184,
   "free energy":     -26.110432078363,
   "G(T)":       0.208155918821,
   "ZPVE":       0.243140745034,
   "number of imags":0,
   "point group": "c1",
   "gradient norm":       0.000105989346
}
