{
   "temperature":     298.150000000000,
   "unit": "hartree",
   "energy":     -25.309264777802,
   "free energy":     -25.120592080142,
   "G(T)":       0.188672697660,
   "ZPVE":       0.223353639403,
   "number of imags":0,
   "point group": "c1",
   "gradient norm":       0.000039250777
}
