{
   "temperature":     298.150000000000,
   "unit": "hartree",
   "energy":     -23.034039893037,
   "free energy":     -22.900432589216,
   "G(T)":       0.133607303821,
   "ZPVE":       0.166989843406,
   "number of imags":0,
   "point group": "c1",
   "gradient norm":       0.000066887444
}
