{
   "temperature":     298.150000000000,
   "unit": "hartree",
   "energy":     -23.034249965752,
   "free energy":     -22.901633885144,
   "G(T)":       0.132616080609,
   "ZPVE":       0.166776871077,
   "number of imags":0,
   "point group": "c1",
   "gradient norm":       0.000059667342
}
