{
   "temperature":     298.150000000000,
   "unit": "hartree",
   "energy":     -16.829696013192,
   "free energy":     -16.700627972463,
   "G(T)":       0.129068040729,
   "ZPVE":       0.158867751285,
   "number of imags":0,
   "point group": "c2v",
   "gradient norm":       0.000017427097
}
