{
   "temperature":     298.150000000000,
   "unit": "hartree",
   "energy":     -23.161172708432,
   "free energy":     -22.979868665674,
   "G(T)":       0.181304042758,
   "ZPVE":       0.214689035737,
   "number of imags":0,
   "point group": "c2",
   "gradient norm":       0.000061392787
}
