{
   "temperature":     298.150000000000,
   "unit": "hartree",
   "energy":     -53.618241057646,
   "free energy":     -53.485253796167,
   "G(T)":       0.132987261479,
   "ZPVE":       0.175936708322,
   "number of imags":0,
   "point group": "c1",
   "gradient norm":       0.000061438562
}
