{
   "temperature":     298.150000000000,
   "unit": "hartree",
   "energy":     -24.062218275360,
   "free energy":     -23.905808027301,
   "G(T)":       0.156410248059,
   "ZPVE":       0.190041106808,
   "number of imags":0,
   "point group": "c1",
   "gradient norm":       0.000043258305
}
