{
   "temperature":     298.150000000000,
   "unit": "hartree",
   "energy":     -18.618586636837,
   "free energy":     -18.540253109727,
   "G(T)":       0.078333527111,
   "ZPVE":       0.108710084249,
   "number of imags":0,
   "point group": "c1",
   "gradient norm":       0.000023534989
}
