{
   "temperature":     298.150000000000,
   "unit": "hartree",
   "energy":     -17.710177896853,
   "free energy":     -17.619709610371,
   "G(T)":       0.090468286481,
   "ZPVE":       0.121425372368,
   "number of imags":0,
   "point group": "c1",
   "gradient norm":       0.000031409370
}
