{
   "temperature":     298.150000000000,
   "unit": "hartree",
   "energy":     -29.492497340987,
   "free energy":     -29.260860854967,
   "G(T)":       0.231636486019,
   "ZPVE":       0.270323556940,
   "number of imags":0,
   "point group": "c1",
   "gradient norm":       0.000052713696
}
