{
   "temperature":     298.150000000000,
   "unit": "hartree",
   "energy":     -17.976566844908,
   "free energy":     -17.885041305901,
   "G(T)":       0.091525539007,
   "ZPVE":       0.121880865219,
   "number of imags":0,
   "point group": "c1",
   "gradient norm":       0.000049001046
}
