{
   "temperature":     298.150000000000,
   "unit": "hartree",
   "energy":     -26.280308992245,
   "free energy":     -26.158140736935,
   "G(T)":       0.122168255310,
   "ZPVE":       0.156598292650,
   "number of imags":0,
   "point group": "c1",
   "gradient norm":       0.000045838038
}
