{
   "temperature":     298.150000000000,
   "unit": "hartree",
   "energy":     -34.837307001339,
   "free energy":     -34.695440729560,
   "G(T)":       0.141866271778,
   "ZPVE":       0.179182124971,
   "number of imags":0,
   "point group": "cs",
   "gradient norm":       0.000041734806
}
