{
   "temperature":     298.150000000000,
   "unit": "hartree",
   "energy":     -17.243774235049,
   "free energy":     -17.155027109136,
   "G(T)":       0.088747125912,
   "ZPVE":       0.120959326968,
   "number of imags":0,
   "point group": "cs",
   "gradient norm":       0.000017708482
}
