{
   "temperature":     298.150000000000,
   "unit": "hartree",
   "energy":     -23.957306566841,
   "free energy":     -23.849803238281,
   "G(T)":       0.107503328560,
   "ZPVE":       0.143216931691,
   "number of imags":0,
   "point group": "c1",
   "gradient norm":       0.000036820416
}
