{
   "temperature":     298.150000000000,
   "unit": "hartree",
   "energy":     -29.091740370160,
   "free energy":     -28.942784657329,
   "G(T)":       0.148955712830,
   "ZPVE":       0.185122467595,
   "number of imags":0,
   "point group": "c1",
   "gradient norm":       0.000040600244
}
