{
   "temperature":     298.150000000000,
   "unit": "hartree",
   "energy":     -24.059808460000,
   "free energy":     -23.902922281721,
   "G(T)":       0.156886178279,
   "ZPVE":       0.190105578703,
   "number of imags":0,
   "point group": "c1",
   "gradient norm":       0.000053420803
}
