{
   "temperature":     298.150000000000,
   "unit": "hartree",
   "energy":     -17.979533043979,
   "free energy":     -17.887662672867,
   "G(T)":       0.091870371112,
   "ZPVE":       0.122009397696,
   "number of imags":0,
   "point group": "c1",
   "gradient norm":       0.000054042252
}
