{
   "temperature":     298.150000000000,
   "unit": "hartree",
   "energy":     -18.940012866625,
   "free energy":     -18.809865377836,
   "G(T)":       0.130147488789,
   "ZPVE":       0.162758872478,
   "number of imags":0,
   "point group": "c1",
   "gradient norm":       0.000045161293
}
