{
    "partname": "prescreening",
    "runtime": 7.542558451648802,
    "results": {
        "CONF3": {
            "xtb_gsolv": {
                "gsolv": -0.00032120608300090225,
                "energy_xtb_gas": -17.084792713132,
                "energy_xtb_solv": -17.085113919215
            },
            "sp": {
                "energy": -213.240484909029
            },
            "gtot": -213.24080611511198,
            "bmw": 0.003525009882674183
        },
        "CONF8": {
            "xtb_gsolv": {
                "gsolv": -0.0003729886649992409,
                "energy_xtb_gas": -17.084255588736,
                "energy_xtb_solv": -17.084628577401
            },
            "sp": {
                "energy": -213.242317983141
            },
            "gtot": -213.24269097180598,
            "bmw": 0.02594982333048087
        },
        "CONF1": {
            "xtb_gsolv": {
                "gsolv": -0.0002773215420006636,
                "energy_xtb_gas": -17.085997827313,
                "energy_xtb_solv": -17.086275148855
            },
            "sp": {
                "energy": -213.24372012378
            },
            "gtot": -213.243997445322,
            "bmw": 0.10353105164911568
        },
        "CONF9": {
            "xtb_gsolv": {
                "gsolv": -0.00029044771100217304,
                "energy_xtb_gas": -17.081519857702,
                "energy_xtb_solv": -17.081810305413
            },
            "sp": {
                "energy": -213.241202295338
            },
            "gtot": -213.241492743049,
            "bmw": 0.007294362264104602
        },
        "CONF4": {
            "xtb_gsolv": {
                "gsolv": -0.00028253821099966103,
                "energy_xtb_gas": -17.084719439139,
                "energy_xtb_solv": -17.08500197735
            },
            "sp": {
                "energy": -213.240757420982
            },
            "gtot": -213.241039959193,
            "bmw": 0.004515659332524741
        },
        "CONF7": {
            "xtb_gsolv": {
                "gsolv": -0.00038155030199860107,
                "energy_xtb_gas": -17.084247462091,
                "energy_xtb_solv": -17.084629012393
            },
            "sp": {
                "energy": -213.242315920077
            },
            "gtot": -213.242697470379,
            "bmw": 0.02612904531957911
        },
        "CONF6": {
            "xtb_gsolv": {
                "gsolv": -0.00037012838300043427,
                "energy_xtb_gas": -17.084256156652,
                "energy_xtb_solv": -17.084626285035
            },
            "sp": {
                "energy": -213.242356707233
            },
            "gtot": -213.242726835616,
            "bmw": 0.02695445878986394
        },
        "CONF2": {
            "xtb_gsolv": {
                "gsolv": -0.00028138216999806787,
                "energy_xtb_gas": -17.085792966138,
                "energy_xtb_solv": -17.086074348308
            },
            "sp": {
                "energy": -213.245432771952
            },
            "gtot": -213.245714154122,
            "bmw": 0.6378257002954764
        },
        "CONF5": {
            "xtb_gsolv": {
                "gsolv": -0.00035097232999703465,
                "energy_xtb_gas": -17.084380100012,
                "energy_xtb_solv": -17.084731072342
            },
            "sp": {
                "energy": -213.24408237394
            },
            "gtot": -213.24443334627,
            "bmw": 0.16427488913618074
        }
    },
    "settings": {
        "threshold": 4.0,
        "func": "pbe-d4",
        "basis": "def2-sv(p)",
        "prog": "orca",
        "gfnv": "gfn2",
        "run": true,
        "template": false
    },
    "nconf_in": 9,
    "nconf_out": 9
}