{
    "partname": "screening",
    "runtime": 35.88927691755816,
    "results": {
        "CONF2": {
            "gsolv": {
                "gsolv": -0.004393542046983612,
                "energy_gas": -213.715291121666,
                "energy_solv": -213.719684663713
            },
            "gtot": -213.719684663713,
            "bmw": 0.6021541056541397
        },
        "CONF1": {
            "gsolv": {
                "gsolv": -0.004776877673009494,
                "energy_gas": -213.713451107037,
                "energy_solv": -213.71822798471
            },
            "gtot": -213.71822798471,
            "bmw": 0.12873056940425548
        },
        "CONF8": {
            "gsolv": {
                "gsolv": -0.004974316202009277,
                "energy_gas": -213.71203323138,
                "energy_solv": -213.717007547582
            },
            "gtot": -213.717007547582,
            "bmw": 0.03534430687874714
        },
        "CONF5": {
            "gsolv": {
                "gsolv": -0.004463799583987793,
                "energy_gas": -213.713903482321,
                "energy_solv": -213.718367281905
            },
            "gtot": -213.718367281905,
            "bmw": 0.149194895566391
        },
        "CONF6": {
            "gsolv": {
                "gsolv": -0.0049643117870061815,
                "energy_gas": -213.712014781472,
                "energy_solv": -213.716979093259
            },
            "gtot": -213.716979093259,
            "bmw": 0.03429504576316342
        },
        "CONF7": {
            "gsolv": {
                "gsolv": -0.005009401671003388,
                "energy_gas": -213.712130657296,
                "energy_solv": -213.717140058967
            },
            "gtot": -213.717140058967,
            "bmw": 0.04066965491015196
        },
        "CONF9": {
            "gsolv": {
                "gsolv": -0.004094338837006717,
                "energy_gas": -213.710658570936,
                "energy_solv": -213.714752909773
            },
            "gtot": -213.714752909773,
            "bmw": 0.003245322520303494
        },
        "CONF4": {
            "gsolv": {
                "gsolv": -0.005234042070981104,
                "energy_gas": -213.709102852525,
                "energy_solv": -213.714336894596
            },
            "gtot": -213.714336894596,
            "bmw": 0.0020888349611359776
        },
        "CONF3": {
            "gsolv": {
                "gsolv": -0.005338380723003411,
                "energy_gas": -213.709675217154,
                "energy_solv": -213.715013597877
            },
            "gtot": -213.715013597877,
            "bmw": 0.0042772643417116635
        }
    },
    "settings": {
        "threshold": 3.5,
        "func": "r2scan-3c",
        "basis": "def2-tzvp",
        "prog": "orca",
        "sm": "smd",
        "gfnv": "gfn2",
        "run": true,
        "implicit": false,
        "template": false
    },
    "nconf_in": 9,
    "nconf_out": 9
}