{
   "temperature":     298.150000000000,
   "unit": "hartree",
   "energy":     -20.894417059034,
   "free energy":     -20.763749783359,
   "G(T)":       0.130667275675,
   "ZPVE":       0.162267132007,
   "number of imags":0,
   "point group": "c1",
   "gradient norm":       0.000041981413
}
