{
   "temperature":     298.150000000000,
   "unit": "hartree",
   "energy":     -23.158443535830,
   "free energy":     -22.977666279250,
   "G(T)":       0.180777256579,
   "ZPVE":       0.214766397002,
   "number of imags":0,
   "point group": "c1",
   "gradient norm":       0.000072144720
}
