{
   "temperature":     298.150000000000,
   "unit": "hartree",
   "energy":     -24.056299638324,
   "free energy":     -23.901707252149,
   "G(T)":       0.154592386175,
   "ZPVE":       0.190028527128,
   "number of imags":0,
   "point group": "c1",
   "gradient norm":       0.000052871484
}
