{
   "temperature":     298.150000000000,
   "unit": "hartree",
   "energy":     -23.957633786536,
   "free energy":     -23.849148125125,
   "G(T)":       0.108485661411,
   "ZPVE":       0.143375715360,
   "number of imags":0,
   "point group": "c1",
   "gradient norm":       0.000061540616
}
