{
   "temperature":     298.150000000000,
   "unit": "hartree",
   "energy":     -23.954507012894,
   "free energy":     -23.847340753869,
   "G(T)":       0.107166259024,
   "ZPVE":       0.143093462882,
   "number of imags":0,
   "point group": "c1",
   "gradient norm":       0.000057332816
}
