{
   "temperature":     298.150000000000,
   "unit": "hartree",
   "energy":     -24.064896806621,
   "free energy":     -23.909897038515,
   "G(T)":       0.154999768106,
   "ZPVE":       0.189278795060,
   "number of imags":0,
   "point group": "cs",
   "gradient norm":       0.000023228788
}
