{
   "temperature":     298.150000000000,
   "unit": "hartree",
   "energy":     -24.065283738907,
   "free energy":     -23.909563914602,
   "G(T)":       0.155719824305,
   "ZPVE":       0.189355192614,
   "number of imags":0,
   "point group": "c1",
   "gradient norm":       0.000112932696
}
