{
   "temperature":     298.150000000000,
   "unit": "hartree",
   "energy":     -29.091747959268,
   "free energy":     -28.943026398842,
   "G(T)":       0.148721560426,
   "ZPVE":       0.185031018810,
   "number of imags":0,
   "point group": "c1",
   "gradient norm":       0.000047840112
}
