{
   "temperature":     298.150000000000,
   "unit": "hartree",
   "energy":     -22.700227588115,
   "free energy":     -22.619513890741,
   "G(T)":       0.080713697374,
   "ZPVE":       0.112289117428,
   "number of imags":0,
   "point group": "c1",
   "gradient norm":       0.000181126427
}
