{
   "temperature":     298.150000000000,
   "unit": "hartree",
   "energy":     -22.693234987714,
   "free energy":     -22.612890623967,
   "G(T)":       0.080344363747,
   "ZPVE":       0.112332653565,
   "number of imags":0,
   "point group": "c1",
   "gradient norm":       0.000057864199
}
