{
   "temperature":     298.150000000000,
   "unit": "hartree",
   "energy":     -20.894500593862,
   "free energy":     -20.764671261834,
   "G(T)":       0.129829332028,
   "ZPVE":       0.162133063239,
   "number of imags":0,
   "point group": "c1",
   "gradient norm":       0.000047958104
}
