{
   "temperature":     298.150000000000,
   "unit": "hartree",
   "energy":     -42.508064347617,
   "free energy":     -42.407340075434,
   "G(T)":       0.100724272184,
   "ZPVE":       0.143389677167,
   "number of imags":0,
   "point group": "c1",
   "gradient norm":       0.000037453712
}
