{
   "temperature":     298.150000000000,
   "unit": "hartree",
   "energy":     -22.692176037739,
   "free energy":     -22.611740767828,
   "G(T)":       0.080435269911,
   "ZPVE":       0.112296010956,
   "number of imags":0,
   "point group": "c1",
   "gradient norm":       0.000048254194
}
