{
   "temperature":     298.150000000000,
   "unit": "hartree",
   "energy":     -20.893486771133,
   "free energy":     -20.763065177282,
   "G(T)":       0.130421593852,
   "ZPVE":       0.162315850785,
   "number of imags":0,
   "point group": "c1",
   "gradient norm":       0.000051052088
}
