{
   "temperature":     298.150000000000,
   "unit": "hartree",
   "energy":     -23.158139800783,
   "free energy":     -22.977373020710,
   "G(T)":       0.180766780074,
   "ZPVE":       0.214822237341,
   "number of imags":0,
   "point group": "c1",
   "gradient norm":       0.000019594386
}
