{
   "temperature":     298.150000000000,
   "unit": "hartree",
   "energy":     -22.692640628207,
   "free energy":     -22.612056767889,
   "G(T)":       0.080583860317,
   "ZPVE":       0.112377110389,
   "number of imags":0,
   "point group": "c1",
   "gradient norm":       0.000058403687
}
