{
   "temperature":     298.150000000000,
   "unit": "hartree",
   "energy":     -39.731100670194,
   "free energy":     -39.713145870551,
   "G(T)":       0.017954799643,
   "ZPVE":       0.055842046115,
   "number of imags":0,
   "point group": "c1",
   "gradient norm":       0.000067477531
}
