{
   "temperature":     298.150000000000,
   "unit": "hartree",
   "energy":     -17.976364325825,
   "free energy":     -17.885058180109,
   "G(T)":       0.091306145716,
   "ZPVE":       0.121671569039,
   "number of imags":0,
   "point group": "c1",
   "gradient norm":       0.000028368713
}
