{
   "temperature":     298.150000000000,
   "unit": "hartree",
   "energy":     -23.034947808073,
   "free energy":     -22.902748199036,
   "G(T)":       0.132199609036,
   "ZPVE":       0.166431212634,
   "number of imags":0,
   "point group": "c1",
   "gradient norm":       0.000043086443
}
