{
   "temperature":     298.150000000000,
   "unit": "hartree",
   "energy":     -17.709992136840,
   "free energy":     -17.619658429960,
   "G(T)":       0.090333706881,
   "ZPVE":       0.121403601083,
   "number of imags":0,
   "point group": "cs",
   "gradient norm":       0.000061377021
}
