{
   "temperature":     298.150000000000,
   "unit": "hartree",
   "energy":     -17.087599506816,
   "free energy":     -16.971132671658,
   "G(T)":       0.116466835158,
   "ZPVE":       0.146714638731,
   "number of imags":0,
   "point group": "c1",
   "gradient norm":       0.000023580826
}
