{
   "temperature":     298.150000000000,
   "unit": "hartree",
   "energy":     -23.957999700737,
   "free energy":     -23.850131560883,
   "G(T)":       0.107868139854,
   "ZPVE":       0.143214688269,
   "number of imags":0,
   "point group": "c1",
   "gradient norm":       0.000018200199
}
