{
   "temperature":     298.150000000000,
   "unit": "hartree",
   "energy":     -22.695789369543,
   "free energy":     -22.614153061039,
   "G(T)":       0.081636308504,
   "ZPVE":       0.112768264621,
   "number of imags":0,
   "point group": "c1",
   "gradient norm":       0.000063333924
}
