{
   "temperature":     298.150000000000,
   "unit": "hartree",
   "energy":     -16.906768139926,
   "free energy":     -16.808855806028,
   "G(T)":       0.097912333898,
   "ZPVE":       0.129497146440,
   "number of imags":0,
   "point group": "c1",
   "gradient norm":       0.000025388956
}
