{
    "partname": "prescreening",
    "runtime": 7.418925756588578,
    "results": {
        "CONF1": {
            "xtb_gsolv": {
                "gsolv": -0.007501876829000054,
                "energy_xtb_gas": -18.180706134173,
                "energy_xtb_solv": -18.188208011002
            },
            "sp": {
                "energy": -250.095927925542
            },
            "gtot": -250.10342980237098,
            "bmw": 0.3057861838986207
        },
        "CONF3": {
            "xtb_gsolv": {
                "gsolv": -0.0075258919580001304,
                "energy_xtb_gas": -18.180004937114,
                "energy_xtb_solv": -18.187530829072
            },
            "sp": {
                "energy": -250.094937185246
            },
            "gtot": -250.10246307720402,
            "bmw": 0.10983861859096249
        },
        "CONF2": {
            "xtb_gsolv": {
                "gsolv": -0.007314270378000032,
                "energy_xtb_gas": -18.180853569519,
                "energy_xtb_solv": -18.188167839897
            },
            "sp": {
                "energy": -250.096343456479
            },
            "gtot": -250.103657726857,
            "bmw": 0.38927441947837255
        },
        "CONF4": {
            "xtb_gsolv": {
                "gsolv": -0.007287154101000226,
                "energy_xtb_gas": -18.180086167524,
                "energy_xtb_solv": -18.187373321625
            },
            "sp": {
                "energy": -250.095623869731
            },
            "gtot": -250.102911023832,
            "bmw": 0.17652094704284316
        },
        "CONF5": {
            "xtb_gsolv": {
                "gsolv": -0.0070448484850018644,
                "energy_xtb_gas": -18.179642172822,
                "energy_xtb_solv": -18.186687021307
            },
            "sp": {
                "energy": -250.093740474976
            },
            "gtot": -250.100785323461,
            "bmw": 0.018579830989200997
        }
    },
    "settings": {
        "threshold": 4.0,
        "func": "pbe-d4",
        "basis": "def2-sv(p)",
        "prog": "orca",
        "gfnv": "gfn2",
        "run": true,
        "template": false
    },
    "nconf_in": 5,
    "nconf_out": 5
}