{
    "partname": "screening",
    "runtime": 38.41884316690266,
    "results": {
        "CONF1": {
            "gsolv": {
                "gsolv": -0.005967798108997613,
                "energy_gas": -250.61260815332,
                "energy_solv": -250.618575951429
            },
            "gtot": -250.618575951429,
            "bmw": 0.2794262204874055
        },
        "CONF3": {
            "gsolv": {
                "gsolv": -0.006085004786996251,
                "energy_gas": -250.61171494668,
                "energy_solv": -250.617799951467
            },
            "gtot": -250.617799951467,
            "bmw": 0.12283775804393346
        },
        "CONF2": {
            "gsolv": {
                "gsolv": -0.005817597821987874,
                "energy_gas": -250.61301843992,
                "energy_solv": -250.618836037742
            },
            "gtot": -250.618836037742,
            "bmw": 0.3680430147892695
        },
        "CONF4": {
            "gsolv": {
                "gsolv": -0.005850166355997999,
                "energy_gas": -250.612369688701,
                "energy_solv": -250.618219855057
            },
            "gtot": -250.618219855057,
            "bmw": 0.19163470535767832
        },
        "CONF5": {
            "gsolv": {
                "gsolv": -0.006346971996009643,
                "energy_gas": -250.610346636631,
                "energy_solv": -250.616693608627
            },
            "gtot": -250.616693608627,
            "bmw": 0.03805830132171313
        }
    },
    "settings": {
        "threshold": 3.5,
        "func": "r2scan-3c",
        "basis": "def2-tzvp",
        "prog": "orca",
        "sm": "smd",
        "gfnv": "gfn2",
        "run": true,
        "implicit": false,
        "template": false
    },
    "nconf_in": 5,
    "nconf_out": 5
}