{
   "temperature":     298.150000000000,
   "unit": "hartree",
   "energy":     -32.574605332800,
   "free energy":     -32.400784260924,
   "G(T)":       0.173821071877,
   "ZPVE":       0.211387411879,
   "number of imags":0,
   "point group": "c1",
   "gradient norm":       0.000034555271
}
