{
   "temperature":     298.150000000000,
   "unit": "hartree",
   "energy":     -23.954565786303,
   "free energy":     -23.847798042706,
   "G(T)":       0.106767743596,
   "ZPVE":       0.142701600584,
   "number of imags":0,
   "point group": "c1",
   "gradient norm":       0.000015954546
}
