{
   "temperature":     298.150000000000,
   "unit": "hartree",
   "energy":     -28.545386995308,
   "free energy":     -28.372711089978,
   "G(T)":       0.172675905330,
   "ZPVE":       0.209081010314,
   "number of imags":0,
   "point group": "c1",
   "gradient norm":       0.000114232012
}
