{
   "temperature":     298.150000000000,
   "unit": "hartree",
   "energy":     -24.061063871386,
   "free energy":     -23.904968133596,
   "G(T)":       0.156095737789,
   "ZPVE":       0.189454320581,
   "number of imags":0,
   "point group": "c1",
   "gradient norm":       0.000066315828
}
