{
   "temperature":     298.150000000000,
   "unit": "hartree",
   "energy":     -23.958006831189,
   "free energy":     -23.850026093188,
   "G(T)":       0.107980738001,
   "ZPVE":       0.143231553148,
   "number of imags":0,
   "point group": "c1",
   "gradient norm":       0.000110998404
}
