{
   "temperature":     298.150000000000,
   "unit": "hartree",
   "energy":     -25.307648506633,
   "free energy":     -25.119975077056,
   "G(T)":       0.187673429577,
   "ZPVE":       0.223486249653,
   "number of imags":0,
   "point group": "c1",
   "gradient norm":       0.000047057488
}
