{
   "temperature":     298.150000000000,
   "unit": "hartree",
   "energy":     -26.318144001264,
   "free energy":     -26.111012131474,
   "G(T)":       0.207131869790,
   "ZPVE":       0.243112124232,
   "number of imags":0,
   "point group": "c1",
   "gradient norm":       0.000036673910
}
