{
   "temperature":     298.150000000000,
   "unit": "hartree",
   "energy":     -23.154466576798,
   "free energy":     -22.972325982534,
   "G(T)":       0.182140594264,
   "ZPVE":       0.215312086936,
   "number of imags":0,
   "point group": "c1",
   "gradient norm":       0.000039105655
}
