{
   "temperature":     298.150000000000,
   "unit": "hartree",
   "energy":     -15.771302152725,
   "free energy":     -15.666500351038,
   "G(T)":       0.104801801686,
   "ZPVE":       0.134789709924,
   "number of imags":0,
   "point group": "c1",
   "gradient norm":       0.000044425589
}
