{
   "temperature":     298.150000000000,
   "unit": "hartree",
   "energy":     -24.061340221626,
   "free energy":     -23.905045065178,
   "G(T)":       0.156295156448,
   "ZPVE":       0.189656782798,
   "number of imags":0,
   "point group": "c1",
   "gradient norm":       0.000039775613
}
