{
   "temperature":     298.150000000000,
   "unit": "hartree",
   "energy":     -20.893920132062,
   "free energy":     -20.764059142674,
   "G(T)":       0.129860989388,
   "ZPVE":       0.161953064031,
   "number of imags":0,
   "point group": "c1",
   "gradient norm":       0.000024773866
}
