{
   "temperature":     298.150000000000,
   "unit": "hartree",
   "energy":     -24.058345045702,
   "free energy":     -23.902021176829,
   "G(T)":       0.156323868874,
   "ZPVE":       0.189980568449,
   "number of imags":0,
   "point group": "c1",
   "gradient norm":       0.000044149217
}
