{
   "temperature":     298.150000000000,
   "unit": "hartree",
   "energy":     -24.055273021692,
   "free energy":     -23.900483763374,
   "G(T)":       0.154789258318,
   "ZPVE":       0.189211812859,
   "number of imags":0,
   "point group": "c1",
   "gradient norm":       0.000032516018
}
