{
   "temperature":     298.150000000000,
   "unit": "hartree",
   "energy":     -22.694588996249,
   "free energy":     -22.613599154293,
   "G(T)":       0.080989841956,
   "ZPVE":       0.112599944102,
   "number of imags":0,
   "point group": "c1",
   "gradient norm":       0.000067415115
}
