{
   "temperature":     298.150000000000,
   "unit": "hartree",
   "energy":     -36.590966123890,
   "free energy":     -36.460909152642,
   "G(T)":       0.130056971248,
   "ZPVE":       0.169420845340,
   "number of imags":0,
   "point group": "cs",
   "gradient norm":       0.000108505478
}
