{
   "temperature":     298.150000000000,
   "unit": "hartree",
   "energy":     -32.574282208489,
   "free energy":     -32.401023357521,
   "G(T)":       0.173258850967,
   "ZPVE":       0.211266582185,
   "number of imags":0,
   "point group": "c1",
   "gradient norm":       0.000073303289
}
