{
   "temperature":     298.150000000000,
   "unit": "hartree",
   "energy":     -20.895408758816,
   "free energy":     -20.765268368878,
   "G(T)":       0.130140389938,
   "ZPVE":       0.162187984075,
   "number of imags":0,
   "point group": "c1",
   "gradient norm":       0.000023610645
}
