{
    "partname": "prescreening",
    "runtime": 10.198594729416072,
    "results": {
        "CONF3": {
            "xtb_gsolv": {
                "gsolv": 0.0011071244950002779,
                "energy_xtb_gas": -18.941483596866,
                "energy_xtb_solv": -18.940376472371
            },
            "sp": {
                "energy": -235.245225706411
            },
            "gtot": -235.24411858191598,
            "bmw": 0.22555545253645676
        },
        "CONF5": {
            "xtb_gsolv": {
                "gsolv": 0.0009678569020010741,
                "energy_xtb_gas": -18.940346155729,
                "energy_xtb_solv": -18.939378298827
            },
            "sp": {
                "energy": -235.24502113134
            },
            "gtot": -235.244053274438,
            "bmw": 0.21048151914022506
        },
        "CONF1": {
            "xtb_gsolv": {
                "gsolv": 0.0010090724079994118,
                "energy_xtb_gas": -18.941413460057,
                "energy_xtb_solv": -18.940404387649
            },
            "sp": {
                "energy": -235.244837772847
            },
            "gtot": -235.243828700439,
            "bmw": 0.16592700735096047
        },
        "CONF13": {
            "xtb_gsolv": {
                "gsolv": 0.001018574566998609,
                "energy_xtb_gas": -18.936587462884,
                "energy_xtb_solv": -18.935568888317
            },
            "sp": {
                "energy": -235.237963379099
            },
            "gtot": -235.23694480453202,
            "bmw": 0.00011312123612184613
        },
        "CONF4": {
            "xtb_gsolv": {
                "gsolv": 0.0010742451680023635,
                "energy_xtb_gas": -18.940557671204,
                "energy_xtb_solv": -18.939483426036
            },
            "sp": {
                "energy": -235.243187397774
            },
            "gtot": -235.24211315260598,
            "bmw": 0.026966196767338954
        },
        "CONF9": {
            "xtb_gsolv": {
                "gsolv": 0.000983543880000326,
                "energy_xtb_gas": -18.939559708104,
                "energy_xtb_solv": -18.938576164224
            },
            "sp": {
                "energy": -235.242614269894
            },
            "gtot": -235.241630726014,
            "bmw": 0.016177776342860422
        },
        "CONF11": {
            "xtb_gsolv": {
                "gsolv": 0.001036251218000217,
                "energy_xtb_gas": -18.938471636802,
                "energy_xtb_solv": -18.937435385584
            },
            "sp": {
                "energy": -235.241464139087
            },
            "gtot": -235.24042788786898,
            "bmw": 0.004525343788237459
        },
        "CONF10": {
            "xtb_gsolv": {
                "gsolv": 0.001040078861002769,
                "energy_xtb_gas": -18.938484298533,
                "energy_xtb_solv": -18.937444219672
            },
            "sp": {
                "energy": -235.241392834574
            },
            "gtot": -235.240352755713,
            "bmw": 0.004179200222213985
        },
        "CONF7": {
            "xtb_gsolv": {
                "gsolv": 0.001067268123001952,
                "energy_xtb_gas": -18.939683910069,
                "energy_xtb_solv": -18.938616641946
            },
            "sp": {
                "energy": -235.243240406679
            },
            "gtot": -235.242173138556,
            "bmw": 0.028735008256754038
        },
        "CONF6": {
            "xtb_gsolv": {
                "gsolv": 0.001069183771001292,
                "energy_xtb_gas": -18.939702877094,
                "energy_xtb_solv": -18.938633693323
            },
            "sp": {
                "energy": -235.243091944402
            },
            "gtot": -235.24202276063102,
            "bmw": 0.02450429818962586
        },
        "CONF12": {
            "xtb_gsolv": {
                "gsolv": 0.0010328117729976327,
                "energy_xtb_gas": -18.938462879838,
                "energy_xtb_solv": -18.937430068065
            },
            "sp": {
                "energy": -235.241501290677
            },
            "gtot": -235.240468478904,
            "bmw": 0.004724133497326769
        },
        "CONF8": {
            "xtb_gsolv": {
                "gsolv": 0.0010645796040016364,
                "energy_xtb_gas": -18.939663684549,
                "energy_xtb_solv": -18.938599104945
            },
            "sp": {
                "energy": -235.243415997827
            },
            "gtot": -235.242351418223,
            "bmw": 0.034706777911724336
        },
        "CONF2": {
            "xtb_gsolv": {
                "gsolv": 0.0011047104480006453,
                "energy_xtb_gas": -18.941498639463,
                "energy_xtb_solv": -18.940393929015
            },
            "sp": {
                "energy": -235.245333213925
            },
            "gtot": -235.244228503477,
            "bmw": 0.2534041647601539
        }
    },
    "settings": {
        "threshold": 4.0,
        "func": "pbe-d4",
        "basis": "def2-sv(p)",
        "prog": "orca",
        "gfnv": "gfn2",
        "run": true,
        "template": false
    },
    "nconf_in": 13,
    "nconf_out": 12
}