{
    "partname": "screening",
    "runtime": 43.26291601359844,
    "results": {
        "CONF9": {
            "gsolv": {
                "gsolv": 0.0018379905470169433,
                "energy_gas": -235.759990725783,
                "energy_solv": -235.758152735236
            },
            "gtot": -235.758152735236,
            "bmw": 0.01676679094648031
        },
        "CONF5": {
            "gsolv": {
                "gsolv": 0.0018718134149935395,
                "energy_gas": -235.762648997493,
                "energy_solv": -235.760777184078
            },
            "gtot": -235.760777184078,
            "bmw": 0.2701549042618766
        },
        "CONF1": {
            "gsolv": {
                "gsolv": 0.0019303015100149423,
                "energy_gas": -235.762145835993,
                "energy_solv": -235.760215534483
            },
            "gtot": -235.760215534483,
            "bmw": 0.14902939033554663
        },
        "CONF4": {
            "gsolv": {
                "gsolv": 0.00210174256000073,
                "energy_gas": -235.760610216236,
                "energy_solv": -235.758508473676
            },
            "gtot": -235.758508473676,
            "bmw": 0.024438711545222692
        },
        "CONF12": {
            "gsolv": {
                "gsolv": 0.001920686193017218,
                "energy_gas": -235.758582392219,
                "energy_solv": -235.756661706026
            },
            "gtot": -235.756661706026,
            "bmw": 0.0034563999192159856
        },
        "CONF6": {
            "gsolv": {
                "gsolv": 0.002102902555009223,
                "energy_gas": -235.760522271457,
                "energy_solv": -235.758419368902
            },
            "gtot": -235.758419368902,
            "bmw": 0.022237857674642637
        },
        "CONF7": {
            "gsolv": {
                "gsolv": 0.0020796244069742897,
                "energy_gas": -235.760660589501,
                "energy_solv": -235.758580965094
            },
            "gtot": -235.758580965094,
            "bmw": 0.026388946312102847
        },
        "CONF10": {
            "gsolv": {
                "gsolv": 0.001891797365004777,
                "energy_gas": -235.75834211647,
                "energy_solv": -235.756450319105
            },
            "gtot": -235.756450319105,
            "bmw": 0.0027630753795863444
        },
        "CONF11": {
            "gsolv": {
                "gsolv": 0.0019040663160012627,
                "energy_gas": -235.758487357,
                "energy_solv": -235.756583290684
            },
            "gtot": -235.756583290684,
            "bmw": 0.003180939621506025
        },
        "CONF3": {
            "gsolv": {
                "gsolv": 0.002040653470999132,
                "energy_gas": -235.762508615587,
                "energy_solv": -235.760467962116
            },
            "gtot": -235.760467962116,
            "bmw": 0.19470656669883749
        },
        "CONF2": {
            "gsolv": {
                "gsolv": 0.00203019160801432,
                "energy_gas": -235.762751230387,
                "energy_solv": -235.760721038779
            },
            "gtot": -235.760721038779,
            "bmw": 0.25455861887348213
        },
        "CONF8": {
            "gsolv": {
                "gsolv": 0.002051129363991322,
                "energy_gas": -235.760823454917,
                "energy_solv": -235.758772325553
            },
            "gtot": -235.758772325553,
            "bmw": 0.03231779843150049
        }
    },
    "settings": {
        "threshold": 3.5,
        "func": "r2scan-3c",
        "basis": "def2-tzvp",
        "prog": "orca",
        "sm": "smd",
        "gfnv": "gfn2",
        "run": true,
        "implicit": false,
        "template": false
    },
    "nconf_in": 12,
    "nconf_out": 12
}