{
   "temperature":     298.150000000000,
   "unit": "hartree",
   "energy":     -29.460967229899,
   "free energy":     -29.312389422447,
   "G(T)":       0.148577807452,
   "ZPVE":       0.184662922158,
   "number of imags":0,
   "point group": "c1",
   "gradient norm":       0.000061504490
}
