{
   "temperature":     298.150000000000,
   "unit": "hartree",
   "energy":     -20.892042941776,
   "free energy":     -20.762811311663,
   "G(T)":       0.129231630113,
   "ZPVE":       0.162017758493,
   "number of imags":0,
   "point group": "c1",
   "gradient norm":       0.000055904175
}
