{
   "temperature":     298.150000000000,
   "unit": "hartree",
   "energy":     -20.891358541940,
   "free energy":     -20.761959397654,
   "G(T)":       0.129399144286,
   "ZPVE":       0.161986236960,
   "number of imags":0,
   "point group": "c1",
   "gradient norm":       0.000041274396
}
