{
   "temperature":     298.150000000000,
   "unit": "hartree",
   "energy":     -20.895185724310,
   "free energy":     -20.765299575399,
   "G(T)":       0.129886148911,
   "ZPVE":       0.162006728359,
   "number of imags":0,
   "point group": "c1",
   "gradient norm":       0.000052151712
}
