{
   "temperature":     298.150000000000,
   "unit": "hartree",
   "energy":     -20.897281420249,
   "free energy":     -20.766713281945,
   "G(T)":       0.130568138304,
   "ZPVE":       0.162250552419,
   "number of imags":0,
   "point group": "c1",
   "gradient norm":       0.000033284110
}
