{
   "temperature":     298.150000000000,
   "unit": "hartree",
   "energy":     -24.061092169951,
   "free energy":     -23.905117345435,
   "G(T)":       0.155974824515,
   "ZPVE":       0.190016302118,
   "number of imags":0,
   "point group": "c1",
   "gradient norm":       0.000044836473
}
