{
   "temperature":     298.150000000000,
   "unit": "hartree",
   "energy":     -26.278795997037,
   "free energy":     -26.156981551540,
   "G(T)":       0.121814445497,
   "ZPVE":       0.156348018340,
   "number of imags":0,
   "point group": "cs",
   "gradient norm":       0.000026245075
}
