{
   "temperature":     298.150000000000,
   "unit": "hartree",
   "energy":     -25.309604447312,
   "free energy":     -25.121383049567,
   "G(T)":       0.188221397745,
   "ZPVE":       0.223384928564,
   "number of imags":0,
   "point group": "c1",
   "gradient norm":       0.000088563286
}
