{
   "temperature":     298.150000000000,
   "unit": "hartree",
   "energy":     -23.959279891559,
   "free energy":     -23.851553350177,
   "G(T)":       0.107726541382,
   "ZPVE":       0.142871855951,
   "number of imags":0,
   "point group": "c1",
   "gradient norm":       0.000034280338
}
