{
   "temperature":     298.150000000000,
   "unit": "hartree",
   "energy":     -18.616423565534,
   "free energy":     -18.538495504911,
   "G(T)":       0.077928060623,
   "ZPVE":       0.108578759299,
   "number of imags":0,
   "point group": "c1",
   "gradient norm":       0.000023547541
}
