{
   "temperature":     298.150000000000,
   "unit": "hartree",
   "energy":     -24.055263852906,
   "free energy":     -23.900110131306,
   "G(T)":       0.155153721600,
   "ZPVE":       0.189235300505,
   "number of imags":0,
   "point group": "c1",
   "gradient norm":       0.000059323979
}
