{
   "temperature":     298.150000000000,
   "unit": "hartree",
   "energy":     -17.707864865126,
   "free energy":     -17.617267276200,
   "G(T)":       0.090597588927,
   "ZPVE":       0.121539710248,
   "number of imags":0,
   "point group": "c1",
   "gradient norm":       0.000025071368
}
