{
   "temperature":     298.150000000000,
   "unit": "hartree",
   "energy":     -17.976682634989,
   "free energy":     -17.885083965904,
   "G(T)":       0.091598669084,
   "ZPVE":       0.121954703722,
   "number of imags":0,
   "point group": "c1",
   "gradient norm":       0.000025410812
}
