{
   "temperature":     298.150000000000,
   "unit": "hartree",
   "energy":     -20.894944389654,
   "free energy":     -20.764646440920,
   "G(T)":       0.130297948733,
   "ZPVE":       0.162198265308,
   "number of imags":0,
   "point group": "c1",
   "gradient norm":       0.000057602864
}
