{
    "partname": "prescreening",
    "runtime": 6.131767581216991,
    "results": {
        "CONF1": {
            "xtb_gsolv": {
                "gsolv": -0.002092538074002448,
                "energy_xtb_gas": -16.684959789704,
                "energy_xtb_solv": -16.687052327778
            },
            "sp": {
                "energy": -231.919998185157
            },
            "gtot": -231.922090723231,
            "bmw": 0.5053798563099613
        },
        "CONF2": {
            "xtb_gsolv": {
                "gsolv": -0.0018694409660007238,
                "energy_xtb_gas": -16.685093396088,
                "energy_xtb_solv": -16.686962837054
            },
            "sp": {
                "energy": -231.917992145918
            },
            "gtot": -231.919861586884,
            "bmw": 0.047674503881621054
        },
        "CONF4": {
            "xtb_gsolv": {
                "gsolv": -0.001821879331000531,
                "energy_xtb_gas": -16.684631242096,
                "energy_xtb_solv": -16.686453121427
            },
            "sp": {
                "energy": -231.917896589345
            },
            "gtot": -231.919718468676,
            "bmw": 0.040969094326295454
        },
        "CONF3": {
            "xtb_gsolv": {
                "gsolv": -0.002122413791997957,
                "energy_xtb_gas": -16.684488188294,
                "energy_xtb_solv": -16.686610602086
            },
            "sp": {
                "energy": -231.919761519074
            },
            "gtot": -231.921883932866,
            "bmw": 0.40597654548212214
        }
    },
    "settings": {
        "threshold": 4.0,
        "func": "pbe-d4",
        "basis": "def2-sv(p)",
        "prog": "orca",
        "gfnv": "gfn2",
        "run": true,
        "template": false
    },
    "nconf_in": 4,
    "nconf_out": 4
}