{
    "partname": "screening",
    "runtime": 37.17971076630056,
    "results": {
        "CONF1": {
            "gsolv": {
                "gsolv": -0.005334457657994562,
                "energy_gas": -232.392961947384,
                "energy_solv": -232.398296405042
            },
            "gtot": -232.398296405042,
            "bmw": 0.5167369217162167
        },
        "CONF4": {
            "gsolv": {
                "gsolv": -0.005412645424001994,
                "energy_gas": -232.391171135982,
                "energy_solv": -232.396583781406
            },
            "gtot": -232.396583781406,
            "bmw": 0.08423976566119859
        },
        "CONF2": {
            "gsolv": {
                "gsolv": -0.005623950341004047,
                "energy_gas": -232.391551488385,
                "energy_solv": -232.397175438726
            },
            "gtot": -232.397175438726,
            "bmw": 0.15763791399010094
        },
        "CONF3": {
            "gsolv": {
                "gsolv": -0.004773659416002829,
                "energy_gas": -232.392804090454,
                "energy_solv": -232.39757774987
            },
            "gtot": -232.39757774987,
            "bmw": 0.24138539863248387
        }
    },
    "settings": {
        "threshold": 3.5,
        "func": "r2scan-3c",
        "basis": "def2-tzvp",
        "prog": "orca",
        "sm": "smd",
        "gfnv": "gfn2",
        "run": true,
        "implicit": false,
        "template": false
    },
    "nconf_in": 4,
    "nconf_out": 4
}