{
   "temperature":     298.150000000000,
   "unit": "hartree",
   "energy":     -24.058189552118,
   "free energy":     -23.902922775526,
   "G(T)":       0.155266776592,
   "ZPVE":       0.189870178269,
   "number of imags":0,
   "point group": "c1",
   "gradient norm":       0.000040041147
}
