{
   "temperature":     298.150000000000,
   "unit": "hartree",
   "energy":     -24.058448792429,
   "free energy":     -23.901916161095,
   "G(T)":       0.156532631334,
   "ZPVE":       0.190164420694,
   "number of imags":0,
   "point group": "c1",
   "gradient norm":       0.000092598290
}
