{
   "temperature":     298.150000000000,
   "unit": "hartree",
   "energy":     -34.258445629067,
   "free energy":     -34.143960136843,
   "G(T)":       0.114485492224,
   "ZPVE":       0.154467429141,
   "number of imags":0,
   "point group": "c1",
   "gradient norm":       0.000090241403
}
