{
    "partname": "prescreening",
    "runtime": 19.906235607340932,
    "results": {
        "CONF3": {
            "xtb_gsolv": {
                "gsolv": -0.008776352589997316,
                "energy_xtb_gas": -42.498200718177,
                "energy_xtb_solv": -42.506977070767
            },
            "sp": {
                "energy": -1453.91814439666
            },
            "gtot": -1453.92692074925,
            "bmw": 0.0006754957512426757
        },
        "CONF2": {
            "xtb_gsolv": {
                "gsolv": -0.008906947180001623,
                "energy_xtb_gas": -42.502572919449,
                "energy_xtb_solv": -42.511479866629
            },
            "sp": {
                "energy": -1453.92484315927
            },
            "gtot": -1453.9337501064501,
            "bmw": 0.9352107519789193
        },
        "CONF4": {
            "xtb_gsolv": {
                "gsolv": -0.008500181206997581,
                "energy_xtb_gas": -42.497754323677,
                "energy_xtb_solv": -42.506254504884
            },
            "sp": {
                "energy": -1453.921036721441
            },
            "gtot": -1453.929536902648,
            "bmw": 0.010788719156103304
        },
        "CONF1": {
            "xtb_gsolv": {
                "gsolv": -0.009291446228999689,
                "energy_xtb_gas": -42.502909569925,
                "energy_xtb_solv": -42.512201016154
            },
            "sp": {
                "energy": -1453.92175417225
            },
            "gtot": -1453.9310456184792,
            "bmw": 0.05332503311373486
        }
    },
    "settings": {
        "threshold": 4.0,
        "func": "pbe-d4",
        "basis": "def2-sv(p)",
        "prog": "orca",
        "gfnv": "gfn2",
        "run": true,
        "template": false
    },
    "nconf_in": 4,
    "nconf_out": 3
}