{
    "partname": "screening",
    "runtime": 122.29729487653822,
    "results": {
        "CONF4": {
            "gsolv": {
                "gsolv": -0.0056726202030858985,
                "energy_gas": -1455.543463692286,
                "energy_solv": -1455.549136312489
            },
            "gtot": -1455.549136312489,
            "bmw": 0.03471090146392681
        },
        "CONF2": {
            "gsolv": {
                "gsolv": -0.004366161048892536,
                "energy_gas": -1455.547890611878,
                "energy_solv": -1455.552256772927
            },
            "gtot": -1455.552256772927,
            "bmw": 0.945754334954941
        },
        "CONF1": {
            "gsolv": {
                "gsolv": -0.0040655471800619125,
                "energy_gas": -1455.544527993538,
                "energy_solv": -1455.548593540718
            },
            "gtot": -1455.548593540718,
            "bmw": 0.019534763581132333
        }
    },
    "settings": {
        "threshold": 3.5,
        "func": "r2scan-3c",
        "basis": "def2-tzvp",
        "prog": "orca",
        "sm": "smd",
        "gfnv": "gfn2",
        "run": true,
        "implicit": false,
        "template": false
    },
    "nconf_in": 3,
    "nconf_out": 3
}