{
   "temperature":     298.150000000000,
   "unit": "hartree",
   "energy":     -20.895500838579,
   "free energy":     -20.766211006971,
   "G(T)":       0.129289831607,
   "ZPVE":       0.161653649873,
   "number of imags":0,
   "point group": "c1",
   "gradient norm":       0.000024135247
}
