{
   "temperature":     298.150000000000,
   "unit": "hartree",
   "energy":     -24.060842677191,
   "free energy":     -23.904300295650,
   "G(T)":       0.156542381541,
   "ZPVE":       0.189597636940,
   "number of imags":0,
   "point group": "c1",
   "gradient norm":       0.000042653478
}
