{
   "temperature":     298.150000000000,
   "unit": "hartree",
   "energy":     -22.692654873005,
   "free energy":     -22.611962951885,
   "G(T)":       0.080691921120,
   "ZPVE":       0.112386137855,
   "number of imags":0,
   "point group": "c1",
   "gradient norm":       0.000142712089
}
