{
   "temperature":     298.150000000000,
   "unit": "hartree",
   "energy":     -27.125049117787,
   "free energy":     -26.991957840501,
   "G(T)":       0.133091277286,
   "ZPVE":       0.170700678827,
   "number of imags":0,
   "point group": "c1",
   "gradient norm":       0.000106871613
}
