{
   "temperature":     298.150000000000,
   "unit": "hartree",
   "energy":     -18.941192116570,
   "free energy":     -18.810944659127,
   "G(T)":       0.130247457443,
   "ZPVE":       0.162561408953,
   "number of imags":0,
   "point group": "cs",
   "gradient norm":       0.000057973509
}
