{
   "temperature":     298.150000000000,
   "unit": "hartree",
   "energy":     -44.043327263561,
   "free energy":     -43.877752676670,
   "G(T)":       0.165574586890,
   "ZPVE":       0.211393016614,
   "number of imags":0,
   "point group": "c1",
   "gradient norm":       0.000063112478
}
