{
   "temperature":     298.150000000000,
   "unit": "hartree",
   "energy":     -20.893915645661,
   "free energy":     -20.764077280958,
   "G(T)":       0.129838364702,
   "ZPVE":       0.162060631423,
   "number of imags":0,
   "point group": "c1",
   "gradient norm":       0.000024303518
}
