{
   "temperature":     298.150000000000,
   "unit": "hartree",
   "energy":     -19.995313224291,
   "free energy":     -19.840983844211,
   "G(T)":       0.154329380081,
   "ZPVE":       0.186817661623,
   "number of imags":0,
   "point group": "c1",
   "gradient norm":       0.000049952999
}
