{
   "temperature":     298.150000000000,
   "unit": "hartree",
   "energy":     -23.954564543076,
   "free energy":     -23.847806286227,
   "G(T)":       0.106758256849,
   "ZPVE":       0.142703965961,
   "number of imags":0,
   "point group": "c1",
   "gradient norm":       0.000039125187
}
