{
   "temperature":     298.150000000000,
   "unit": "hartree",
   "energy":     -24.060972311088,
   "free energy":     -23.904438059767,
   "G(T)":       0.156534251321,
   "ZPVE":       0.190139734469,
   "number of imags":0,
   "point group": "c1",
   "gradient norm":       0.000032000752
}
