{
   "temperature":     298.150000000000,
   "unit": "hartree",
   "energy":     -23.954962311159,
   "free energy":     -23.847278473824,
   "G(T)":       0.107683837334,
   "ZPVE":       0.142889635906,
   "number of imags":0,
   "point group": "c1",
   "gradient norm":       0.000040923568
}
