{
    "partname": "prescreening",
    "runtime": 8.465781792998314,
    "results": {
        "CONF10": {
            "xtb_gsolv": {
                "gsolv": -0.011998545569998242,
                "energy_xtb_gas": -20.777576852098,
                "energy_xtb_solv": -20.789575397668
            },
            "sp": {
                "energy": -307.023572947724
            },
            "gtot": -307.035571493294,
            "bmw": 2.708495097477291e-05
        },
        "CONF2": {
            "xtb_gsolv": {
                "gsolv": -0.010295705888999862,
                "energy_xtb_gas": -20.788016007211,
                "energy_xtb_solv": -20.7983117131
            },
            "sp": {
                "energy": -307.033982310583
            },
            "gtot": -307.044278016472,
            "bmw": 0.2738113870736225
        },
        "CONF4": {
            "xtb_gsolv": {
                "gsolv": -0.010453868025997792,
                "energy_xtb_gas": -20.787492957375,
                "energy_xtb_solv": -20.797946825401
            },
            "sp": {
                "energy": -307.032021287013
            },
            "gtot": -307.04247515503897,
            "bmw": 0.04056884543541324
        },
        "CONF3": {
            "xtb_gsolv": {
                "gsolv": -0.01029381861200207,
                "energy_xtb_gas": -20.788018706013,
                "energy_xtb_solv": -20.798312524625
            },
            "sp": {
                "energy": -307.033981295977
            },
            "gtot": -307.044275114589,
            "bmw": 0.2729711387753305
        },
        "CONF9": {
            "xtb_gsolv": {
                "gsolv": -0.012581477536002694,
                "energy_xtb_gas": -20.77786418188,
                "energy_xtb_solv": -20.790445659416
            },
            "sp": {
                "energy": -307.026211142104
            },
            "gtot": -307.03879261964,
            "bmw": 0.0008210008642209003
        },
        "CONF6": {
            "xtb_gsolv": {
                "gsolv": -0.010306694330999733,
                "energy_xtb_gas": -20.787527505833,
                "energy_xtb_solv": -20.797834200164
            },
            "sp": {
                "energy": -307.03247226134
            },
            "gtot": -307.042778955671,
            "bmw": 0.05596690180108619
        },
        "CONF5": {
            "xtb_gsolv": {
                "gsolv": -0.010447362573000163,
                "energy_xtb_gas": -20.787502597732,
                "energy_xtb_solv": -20.797949960305
            },
            "sp": {
                "energy": -307.032052856017
            },
            "gtot": -307.04250021859,
            "bmw": 0.04166017439204889
        },
        "CONF1": {
            "xtb_gsolv": {
                "gsolv": -0.01036249982300319,
                "energy_xtb_gas": -20.788049638437,
                "energy_xtb_solv": -20.79841213826
            },
            "sp": {
                "energy": -307.033974513887
            },
            "gtot": -307.04433701371,
            "bmw": 0.291466305685259
        },
        "CONF7": {
            "xtb_gsolv": {
                "gsolv": -0.010936074286000519,
                "energy_xtb_gas": -20.786822714006,
                "energy_xtb_solv": -20.797758788292
            },
            "sp": {
                "energy": -307.03094866792
            },
            "gtot": -307.041884742206,
            "bmw": 0.021708086494654822
        },
        "CONF8": {
            "xtb_gsolv": {
                "gsolv": -0.012716734287000264,
                "energy_xtb_gas": -20.777966846704,
                "energy_xtb_solv": -20.790683580991
            },
            "sp": {
                "energy": -307.026155799838
            },
            "gtot": -307.038872534125,
            "bmw": 0.000893514763967794
        },
        "CONF11": {
            "xtb_gsolv": {
                "gsolv": -0.011978180025000285,
                "energy_xtb_gas": -20.777598407821,
                "energy_xtb_solv": -20.789576587846
            },
            "sp": {
                "energy": -307.023572611489
            },
            "gtot": -307.03555079151397,
            "bmw": 2.649756060478233e-05
        },
        "CONF12": {
            "xtb_gsolv": {
                "gsolv": -0.012509410856001324,
                "energy_xtb_gas": -20.776863383517,
                "energy_xtb_solv": -20.789372794373
            },
            "sp": {
                "energy": -307.024073545614
            },
            "gtot": -307.03658295647,
            "bmw": 7.906220281668116e-05
        }
    },
    "settings": {
        "threshold": 4.0,
        "func": "pbe-d4",
        "basis": "def2-sv(p)",
        "prog": "orca",
        "gfnv": "gfn2",
        "run": true,
        "template": false
    },
    "nconf_in": 12,
    "nconf_out": 9
}