{
    "partname": "screening",
    "runtime": 40.925618338398635,
    "results": {
        "CONF8": {
            "gsolv": {
                "gsolv": -0.015617154996959925,
                "energy_gas": -307.642380496595,
                "energy_solv": -307.657997651592
            },
            "gtot": -307.657997651592,
            "bmw": 0.07809425380031508
        },
        "CONF1": {
            "gsolv": {
                "gsolv": -0.01004023416498967,
                "energy_gas": -307.649162456186,
                "energy_solv": -307.659202690351
            },
            "gtot": -307.659202690351,
            "bmw": 0.27983275034337585
        },
        "CONF6": {
            "gsolv": {
                "gsolv": -0.010038517617033449,
                "energy_gas": -307.647557825513,
                "energy_solv": -307.65759634313
            },
            "gtot": -307.65759634313,
            "bmw": 0.05105402238311989
        },
        "CONF7": {
            "gsolv": {
                "gsolv": -0.010676635157039982,
                "energy_gas": -307.646531411602,
                "energy_solv": -307.657208046759
            },
            "gtot": -307.657208046759,
            "bmw": 0.033839660470450075
        },
        "CONF4": {
            "gsolv": {
                "gsolv": -0.01014859761602338,
                "energy_gas": -307.647477202742,
                "energy_solv": -307.657625800358
            },
            "gtot": -307.657625800358,
            "bmw": 0.052671944479548136
        },
        "CONF5": {
            "gsolv": {
                "gsolv": -0.010153171039007702,
                "energy_gas": -307.647479514566,
                "energy_solv": -307.657632685605
            },
            "gtot": -307.657632685605,
            "bmw": 0.05305744662027817
        },
        "CONF3": {
            "gsolv": {
                "gsolv": -0.009598428657000113,
                "energy_gas": -307.649289514345,
                "energy_solv": -307.658887943002
            },
            "gtot": -307.658887943002,
            "bmw": 0.20050480364729123
        },
        "CONF2": {
            "gsolv": {
                "gsolv": -0.00958600970199086,
                "energy_gas": -307.649301051384,
                "energy_solv": -307.658887061086
            },
            "gtot": -307.658887061086,
            "bmw": 0.20031760932587492
        },
        "CONF9": {
            "gsolv": {
                "gsolv": -0.014984257131004597,
                "energy_gas": -307.642604165004,
                "energy_solv": -307.657588422135
            },
            "gtot": -307.657588422135,
            "bmw": 0.05062750892974655
        }
    },
    "settings": {
        "threshold": 3.5,
        "func": "r2scan-3c",
        "basis": "def2-tzvp",
        "prog": "orca",
        "sm": "smd",
        "gfnv": "gfn2",
        "run": true,
        "implicit": false,
        "template": false
    },
    "nconf_in": 9,
    "nconf_out": 9
}