{
    "partname": "prescreening",
    "runtime": 20.793085026554763,
    "results": {
        "CONF2": {
            "xtb_gsolv": {
                "gsolv": -0.0011867789939969953,
                "energy_xtb_gas": -34.834305848153,
                "energy_xtb_solv": -34.835492627147
            },
            "sp": {
                "energy": -537.364602358911
            },
            "gtot": -537.365789137905,
            "bmw": 0.45502981832856715
        },
        "CONF1": {
            "xtb_gsolv": {
                "gsolv": -0.0009264558349997287,
                "energy_xtb_gas": -34.836512545281,
                "energy_xtb_solv": -34.837439001116
            },
            "sp": {
                "energy": -537.365032982734
            },
            "gtot": -537.365959438569,
            "bmw": 0.5449701816714329
        }
    },
    "settings": {
        "threshold": 4.0,
        "func": "pbe-d4",
        "basis": "def2-sv(p)",
        "prog": "orca",
        "gfnv": "gfn2",
        "run": true,
        "template": false
    },
    "nconf_in": 2,
    "nconf_out": 2
}