{
    "partname": "screening",
    "runtime": 112.15272527188063,
    "results": {
        "CONF1": {
            "gsolv": {
                "gsolv": -0.0038548007189547207,
                "energy_gas": -538.378040691852,
                "energy_solv": -538.381895492571
            },
            "gtot": -538.381895492571,
            "bmw": 0.4881762309245773
        },
        "CONF2": {
            "gsolv": {
                "gsolv": -0.004267396299042048,
                "energy_gas": -538.377672759843,
                "energy_solv": -538.381940156142
            },
            "gtot": -538.381940156142,
            "bmw": 0.5118237690754227
        }
    },
    "settings": {
        "threshold": 3.5,
        "func": "r2scan-3c",
        "basis": "def2-tzvp",
        "prog": "orca",
        "sm": "smd",
        "gfnv": "gfn2",
        "run": true,
        "implicit": false,
        "template": false
    },
    "nconf_in": 2,
    "nconf_out": 2
}