{
   "temperature":     298.150000000000,
   "unit": "hartree",
   "energy":     -27.126398615365,
   "free energy":     -26.991980346604,
   "G(T)":       0.134418268761,
   "ZPVE":       0.170844164695,
   "number of imags":0,
   "point group": "c1",
   "gradient norm":       0.000075426688
}
