{
   "temperature":     298.150000000000,
   "unit": "hartree",
   "energy":     -20.894916647994,
   "free energy":     -20.765453925434,
   "G(T)":       0.129462722560,
   "ZPVE":       0.161719278770,
   "number of imags":0,
   "point group": "c1",
   "gradient norm":       0.000037366415
}
