{
   "temperature":     298.150000000000,
   "unit": "hartree",
   "energy":     -23.954703920459,
   "free energy":     -23.847796671336,
   "G(T)":       0.106907249123,
   "ZPVE":       0.142987061544,
   "number of imags":0,
   "point group": "c1",
   "gradient norm":       0.000040862181
}
