{
   "temperature":     298.150000000000,
   "unit": "hartree",
   "energy":     -23.958789262206,
   "free energy":     -23.850247782271,
   "G(T)":       0.108541479935,
   "ZPVE":       0.143152242069,
   "number of imags":0,
   "point group": "c1",
   "gradient norm":       0.000066578967
}
