{
   "temperature":     298.150000000000,
   "unit": "hartree",
   "energy":     -24.062089599417,
   "free energy":     -23.905899293216,
   "G(T)":       0.156190306201,
   "ZPVE":       0.189557445939,
   "number of imags":0,
   "point group": "c1",
   "gradient norm":       0.000036009843
}
