{
    "partname": "prescreening",
    "runtime": 17.457035546191037,
    "results": {
        "CONF1": {
            "xtb_gsolv": {
                "gsolv": -0.004021308219002151,
                "energy_xtb_gas": -20.891675962115,
                "energy_xtb_solv": -20.895697270334
            },
            "sp": {
                "energy": -272.306777026481
            },
            "gtot": -272.3107983347,
            "bmw": 0.20891187710794326
        },
        "CONF2": {
            "xtb_gsolv": {
                "gsolv": -0.004275057157002493,
                "energy_xtb_gas": -20.891124665449,
                "energy_xtb_solv": -20.895399722606
            },
            "sp": {
                "energy": -272.3055710192
            },
            "gtot": -272.30984607635696,
            "bmw": 0.07619993709624545
        },
        "CONF8": {
            "xtb_gsolv": {
                "gsolv": -0.004042214512999465,
                "energy_xtb_gas": -20.889060929483,
                "energy_xtb_solv": -20.893103143996
            },
            "sp": {
                "energy": -272.306195457446
            },
            "gtot": -272.310237671959,
            "bmw": 0.11536554487238802
        },
        "CONF3": {
            "xtb_gsolv": {
                "gsolv": -0.0035171141989991384,
                "energy_xtb_gas": -20.890247810057,
                "energy_xtb_solv": -20.893764924256
            },
            "sp": {
                "energy": -272.305318513287
            },
            "gtot": -272.30883562748596,
            "bmw": 0.02613246059764906
        },
        "CONF5": {
            "xtb_gsolv": {
                "gsolv": -0.0036881071540015853,
                "energy_xtb_gas": -20.889696735993,
                "energy_xtb_solv": -20.893384843147
            },
            "sp": {
                "energy": -272.30467171256
            },
            "gtot": -272.308359819714,
            "bmw": 0.015787882246514763
        },
        "CONF4": {
            "xtb_gsolv": {
                "gsolv": -0.0049002310020007656,
                "energy_xtb_gas": -20.888728331806,
                "energy_xtb_solv": -20.893628562808
            },
            "sp": {
                "energy": -272.305423610303
            },
            "gtot": -272.31032384130503,
            "bmw": 0.12638958190082158
        },
        "CONF6": {
            "xtb_gsolv": {
                "gsolv": -0.0044401462749981135,
                "energy_xtb_gas": -20.888854574997,
                "energy_xtb_solv": -20.893294721272
            },
            "sp": {
                "energy": -272.301402830923
            },
            "gtot": -272.305842977198,
            "bmw": 0.0010981368262187527
        },
        "CONF16": {
            "xtb_gsolv": {
                "gsolv": -0.004813123847000611,
                "energy_xtb_gas": -20.886979657526,
                "energy_xtb_solv": -20.891792781373
            },
            "sp": {
                "energy": -272.300879573683
            },
            "gtot": -272.30569269753,
            "bmw": 0.0009365535048846859
        },
        "CONF7": {
            "xtb_gsolv": {
                "gsolv": -0.004718598860002032,
                "energy_xtb_gas": -20.888520757673,
                "energy_xtb_solv": -20.893239356533
            },
            "sp": {
                "energy": -272.305521450235
            },
            "gtot": -272.310240049095,
            "bmw": 0.11565636230127091
        },
        "CONF12": {
            "xtb_gsolv": {
                "gsolv": -0.0043536411589997215,
                "energy_xtb_gas": -20.888381353507,
                "energy_xtb_solv": -20.892734994666
            },
            "sp": {
                "energy": -272.300285192759
            },
            "gtot": -272.30463883391803,
            "bmw": 0.000306753047739099
        },
        "CONF15": {
            "xtb_gsolv": {
                "gsolv": -0.004944283370999614,
                "energy_xtb_gas": -20.886852665048,
                "energy_xtb_solv": -20.891796948419
            },
            "sp": {
                "energy": -272.300757310446
            },
            "gtot": -272.305701593817,
            "bmw": 0.0009454196012758655
        },
        "CONF9": {
            "xtb_gsolv": {
                "gsolv": -0.004677329189000545,
                "energy_xtb_gas": -20.888344376338,
                "energy_xtb_solv": -20.893021705527
            },
            "sp": {
                "energy": -272.305094036017
            },
            "gtot": -272.309771365206,
            "bmw": 0.07040278869687398
        },
        "CONF10": {
            "xtb_gsolv": {
                "gsolv": -0.004033260094001179,
                "energy_xtb_gas": -20.888975796201,
                "energy_xtb_solv": -20.893009056295
            },
            "sp": {
                "energy": -272.304888176558
            },
            "gtot": -272.308921436652,
            "bmw": 0.028618692513363835
        },
        "CONF13": {
            "xtb_gsolv": {
                "gsolv": -0.004020314902000166,
                "energy_xtb_gas": -20.88822348384,
                "energy_xtb_solv": -20.892243798742
            },
            "sp": {
                "energy": -272.304590555875
            },
            "gtot": -272.308610870777,
            "bmw": 0.020596782088315273
        },
        "CONF14": {
            "xtb_gsolv": {
                "gsolv": -0.004791649956999322,
                "energy_xtb_gas": -20.887339738398,
                "energy_xtb_solv": -20.892131388355
            },
            "sp": {
                "energy": -272.301880476018
            },
            "gtot": -272.306672125975,
            "bmw": 0.0026426429781111166
        },
        "CONF11": {
            "xtb_gsolv": {
                "gsolv": -0.0048115330530009714,
                "energy_xtb_gas": -20.887944572761,
                "energy_xtb_solv": -20.892756105814
            },
            "sp": {
                "energy": -272.305062795261
            },
            "gtot": -272.309874328314,
            "bmw": 0.0785144537534623
        },
        "CONF17": {
            "xtb_gsolv": {
                "gsolv": -0.004780983856001342,
                "energy_xtb_gas": -20.886831059195,
                "energy_xtb_solv": -20.891612043051
            },
            "sp": {
                "energy": -272.305413033737
            },
            "gtot": -272.310194017593,
            "bmw": 0.11015304402560896
        },
        "CONF18": {
            "xtb_gsolv": {
                "gsolv": -0.002931715567001447,
                "energy_xtb_gas": -20.886074200522,
                "energy_xtb_solv": -20.889005916089
            },
            "sp": {
                "energy": -272.30105436213
            },
            "gtot": -272.303986077697,
            "bmw": 0.00015365327029158424
        },
        "CONF19": {
            "xtb_gsolv": {
                "gsolv": -0.004558446309999908,
                "energy_xtb_gas": -20.883948763695,
                "energy_xtb_solv": -20.888507210005
            },
            "sp": {
                "energy": -272.301358346578
            },
            "gtot": -272.305916792888,
            "bmw": 0.0011874335710215502
        }
    },
    "settings": {
        "threshold": 4.0,
        "func": "pbe-d4",
        "basis": "def2-sv(p)",
        "prog": "orca",
        "gfnv": "gfn2",
        "run": true,
        "template": false
    },
    "nconf_in": 19,
    "nconf_out": 18
}