{
    "partname": "screening",
    "runtime": 98.36986044980586,
    "results": {
        "CONF17": {
            "gsolv": {
                "gsolv": -0.005317917091019808,
                "energy_gas": -272.902515166436,
                "energy_solv": -272.907833083527
            },
            "gtot": -272.907833083527,
            "bmw": 0.041832348225929204
        },
        "CONF4": {
            "gsolv": {
                "gsolv": -0.005888860308971289,
                "energy_gas": -272.902567521546,
                "energy_solv": -272.908456381855
            },
            "gtot": -272.908456381855,
            "bmw": 0.08094865357102146
        },
        "CONF1": {
            "gsolv": {
                "gsolv": -0.005589702554004816,
                "energy_gas": -272.903453769762,
                "energy_solv": -272.909043472316
            },
            "gtot": -272.909043472316,
            "bmw": 0.1507483436213708
        },
        "CONF10": {
            "gsolv": {
                "gsolv": -0.006249923597977158,
                "energy_gas": -272.902135359949,
                "energy_solv": -272.908385283547
            },
            "gtot": -272.908385283547,
            "bmw": 0.0750769587154557
        },
        "CONF15": {
            "gsolv": {
                "gsolv": -0.006580941274989982,
                "energy_gas": -272.898497822824,
                "energy_solv": -272.905078764099
            },
            "gtot": -272.905078764099,
            "bmw": 0.0022626271966692513
        },
        "CONF7": {
            "gsolv": {
                "gsolv": -0.005319279227023799,
                "energy_gas": -272.902538899528,
                "energy_solv": -272.907858178755
            },
            "gtot": -272.907858178755,
            "bmw": 0.04295910748445047
        },
        "CONF8": {
            "gsolv": {
                "gsolv": -0.005591274467008134,
                "energy_gas": -272.90339167582,
                "energy_solv": -272.908982950287
            },
            "gtot": -272.908982950287,
            "bmw": 0.1413885831922468
        },
        "CONF13": {
            "gsolv": {
                "gsolv": -0.005742708535024121,
                "energy_gas": -272.901994683623,
                "energy_solv": -272.907737392158
            },
            "gtot": -272.907737392158,
            "bmw": 0.037800475335889545
        },
        "CONF3": {
            "gsolv": {
                "gsolv": -0.006142357497026296,
                "energy_gas": -272.902255083679,
                "energy_solv": -272.908397441176
            },
            "gtot": -272.908397441176,
            "bmw": 0.07604992564700441
        },
        "CONF11": {
            "gsolv": {
                "gsolv": -0.005892010076991028,
                "energy_gas": -272.902535368326,
                "energy_solv": -272.908427378403
            },
            "gtot": -272.908427378403,
            "bmw": 0.07849987496896103
        },
        "CONF2": {
            "gsolv": {
                "gsolv": -0.00593814759901079,
                "energy_gas": -272.902362990525,
                "energy_solv": -272.908301138124
            },
            "gtot": -272.908301138124,
            "bmw": 0.06867559899731808
        },
        "CONF14": {
            "gsolv": {
                "gsolv": -0.0061238249720076965,
                "energy_gas": -272.899103534047,
                "energy_solv": -272.905227359019
            },
            "gtot": -272.905227359019,
            "bmw": 0.00264826801360675
        },
        "CONF6": {
            "gsolv": {
                "gsolv": -0.006305124681034613,
                "energy_gas": -272.89846067785,
                "energy_solv": -272.904765802531
            },
            "gtot": -272.904765802531,
            "bmw": 0.0016242790628774979
        },
        "CONF5": {
            "gsolv": {
                "gsolv": -0.006651143932970172,
                "energy_gas": -272.90214004065,
                "energy_solv": -272.908791184583
            },
            "gtot": -272.908791184583,
            "bmw": 0.11540064187546979
        },
        "CONF19": {
            "gsolv": {
                "gsolv": -0.005245586548994652,
                "energy_gas": -272.897600377228,
                "energy_solv": -272.902845963777
            },
            "gtot": -272.902845963777,
            "bmw": 0.00021261600122179407
        },
        "CONF9": {
            "gsolv": {
                "gsolv": -0.006036635749012476,
                "energy_gas": -272.902433872799,
                "energy_solv": -272.908470508548
            },
            "gtot": -272.908470508548,
            "bmw": 0.08216889723737882
        },
        "CONF12": {
            "gsolv": {
                "gsolv": -0.0063072863080151365,
                "energy_gas": -272.897541282361,
                "energy_solv": -272.903848568669
            },
            "gtot": -272.903848568669,
            "bmw": 0.0006148402264975473
        },
        "CONF16": {
            "gsolv": {
                "gsolv": -0.006043576286003827,
                "energy_gas": -272.898343835994,
                "energy_solv": -272.90438741228
            },
            "gtot": -272.90438741228,
            "bmw": 0.001087960626631
        }
    },
    "settings": {
        "threshold": 3.5,
        "func": "r2scan-3c",
        "basis": "def2-tzvp",
        "prog": "orca",
        "sm": "smd",
        "gfnv": "gfn2",
        "run": true,
        "implicit": false,
        "template": false
    },
    "nconf_in": 18,
    "nconf_out": 18
}