{
   "temperature":     298.150000000000,
   "unit": "hartree",
   "energy":     -39.652092999605,
   "free energy":     -39.540650272463,
   "G(T)":       0.111442727142,
   "ZPVE":       0.150537644168,
   "number of imags":0,
   "point group": "c1",
   "gradient norm":       0.000064974270
}
