{
   "temperature":     298.150000000000,
   "unit": "hartree",
   "energy":     -17.709385321820,
   "free energy":     -17.618970289197,
   "G(T)":       0.090415032623,
   "ZPVE":       0.121522736193,
   "number of imags":0,
   "point group": "c1",
   "gradient norm":       0.000021030850
}
