{
   "temperature":     298.150000000000,
   "unit": "hartree",
   "energy":     -24.062203887846,
   "free energy":     -23.906458861149,
   "G(T)":       0.155745026697,
   "ZPVE":       0.189556638324,
   "number of imags":0,
   "point group": "c1",
   "gradient norm":       0.000045194205
}
