{
   "temperature":     298.150000000000,
   "unit": "hartree",
   "energy":     -26.320773926739,
   "free energy":     -26.112312833592,
   "G(T)":       0.208461093147,
   "ZPVE":       0.243168866441,
   "number of imags":0,
   "point group": "c1",
   "gradient norm":       0.000027989168
}
