{
   "temperature":     298.150000000000,
   "unit": "hartree",
   "energy":     -24.059314398868,
   "free energy":     -23.903521341046,
   "G(T)":       0.155793057822,
   "ZPVE":       0.189724928406,
   "number of imags":0,
   "point group": "c1",
   "gradient norm":       0.000058955850
}
