{
   "temperature":     298.150000000000,
   "unit": "hartree",
   "energy":     -23.957988356331,
   "free energy":     -23.849906442953,
   "G(T)":       0.108081913378,
   "ZPVE":       0.143240008817,
   "number of imags":0,
   "point group": "c1",
   "gradient norm":       0.000033403691
}
