{
    "partname": "prescreening",
    "runtime": 8.357294005341828,
    "results": {
        "CONF5": {
            "xtb_gsolv": {
                "gsolv": 0.0003407294499986335,
                "energy_xtb_gas": -17.873918461562,
                "energy_xtb_solv": -17.873577732112
            },
            "sp": {
                "energy": -234.008155652708
            },
            "gtot": -234.00781492325802,
            "bmw": 0.01947404254756372
        },
        "CONF3": {
            "xtb_gsolv": {
                "gsolv": 0.00025863962200034507,
                "energy_xtb_gas": -17.874659987059,
                "energy_xtb_solv": -17.874401347437
            },
            "sp": {
                "energy": -234.01024594776
            },
            "gtot": -234.00998730813802,
            "bmw": 0.19439450834471017
        },
        "CONF2": {
            "xtb_gsolv": {
                "gsolv": 0.00014301916299785944,
                "energy_xtb_gas": -17.875391884594,
                "energy_xtb_solv": -17.875248865431
            },
            "sp": {
                "energy": -234.010588569989
            },
            "gtot": -234.010445550826,
            "bmw": 0.3158355690777961
        },
        "CONF4": {
            "xtb_gsolv": {
                "gsolv": 0.00016551584300117383,
                "energy_xtb_gas": -17.87454555328,
                "energy_xtb_solv": -17.874380037437
            },
            "sp": {
                "energy": -234.009494431503
            },
            "gtot": -234.00932891565998,
            "bmw": 0.09679310347069352
        },
        "CONF1": {
            "xtb_gsolv": {
                "gsolv": 0.00021128370699941001,
                "energy_xtb_gas": -17.875504510453,
                "energy_xtb_solv": -17.875293226746
            },
            "sp": {
                "energy": -234.010815177659
            },
            "gtot": -234.010603893952,
            "bmw": 0.37350277655923647
        }
    },
    "settings": {
        "threshold": 4.0,
        "func": "pbe-d4",
        "basis": "def2-sv(p)",
        "prog": "orca",
        "gfnv": "gfn2",
        "run": true,
        "template": false
    },
    "nconf_in": 5,
    "nconf_out": 5
}