{
    "partname": "screening",
    "runtime": 37.549571968615055,
    "results": {
        "CONF2": {
            "gsolv": {
                "gsolv": -0.0007875190139827737,
                "energy_gas": -234.509571885906,
                "energy_solv": -234.51035940492
            },
            "gtot": -234.51035940492,
            "bmw": 0.359135902125437
        },
        "CONF1": {
            "gsolv": {
                "gsolv": -0.0005123453549913393,
                "energy_gas": -234.509697339499,
                "energy_solv": -234.510209684854
            },
            "gtot": -234.510209684854,
            "bmw": 0.3064730987527643
        },
        "CONF4": {
            "gsolv": {
                "gsolv": -0.000900015239011509,
                "energy_gas": -234.508592069951,
                "energy_solv": -234.50949208519
            },
            "gtot": -234.50949208519,
            "bmw": 0.14332414577383862
        },
        "CONF3": {
            "gsolv": {
                "gsolv": -0.0005441471769813688,
                "energy_gas": -234.509145049538,
                "energy_solv": -234.509689196715
            },
            "gtot": -234.509689196715,
            "bmw": 0.17659743347361906
        },
        "CONF5": {
            "gsolv": {
                "gsolv": -0.0007220664570013469,
                "energy_gas": -234.506604937912,
                "energy_solv": -234.507327004369
            },
            "gtot": -234.507327004369,
            "bmw": 0.014469419874341
        }
    },
    "settings": {
        "threshold": 3.5,
        "func": "r2scan-3c",
        "basis": "def2-tzvp",
        "prog": "orca",
        "sm": "smd",
        "gfnv": "gfn2",
        "run": true,
        "implicit": false,
        "template": false
    },
    "nconf_in": 5,
    "nconf_out": 5
}