{
    "partname": "refinement",
    "runtime": 201.11295199673623,
    "results": {
        "CONF2": {
            "gsolv": {
                "gsolv": -0.0007476996709954165,
                "energy_gas": -234.599685293952,
                "energy_solv": -234.600432993623
            },
            "gtot": -234.600432993623,
            "bmw": 0.3413224855119794
        },
        "CONF4": {
            "gsolv": {
                "gsolv": -0.0009046228090028308,
                "energy_gas": -234.598660805435,
                "energy_solv": -234.599565428244
            },
            "gtot": -234.599565428244,
            "bmw": 0.1361797234597943
        },
        "CONF1": {
            "gsolv": {
                "gsolv": -0.0005198190909823097,
                "energy_gas": -234.599861460904,
                "energy_solv": -234.600381279995
            },
            "gtot": -234.600381279995,
            "bmw": 0.32313074146221316
        },
        "CONF3": {
            "gsolv": {
                "gsolv": -0.0005981576789793053,
                "energy_gas": -234.599327167071,
                "energy_solv": -234.59992532475
            },
            "gtot": -234.59992532475,
            "bmw": 0.1993670495660132
        }
    },
    "settings": {
        "threshold": 0.95,
        "func": "wb97x-v",
        "basis": "def2-tzvp",
        "prog": "orca",
        "sm": "smd",
        "gfnv": "gfn2",
        "run": true,
        "implicit": false,
        "template": false
    },
    "nconf_in": 4,
    "nconf_out": 4
}