{
   "temperature":     298.150000000000,
   "unit": "hartree",
   "energy":     -17.975279792673,
   "free energy":     -17.883909338661,
   "G(T)":       0.091370454012,
   "ZPVE":       0.121804637536,
   "number of imags":0,
   "point group": "c1",
   "gradient norm":       0.000026737019
}
