{
   "temperature":     298.150000000000,
   "unit": "hartree",
   "energy":     -24.062325647580,
   "free energy":     -23.906674543627,
   "G(T)":       0.155651103952,
   "ZPVE":       0.189471242427,
   "number of imags":0,
   "point group": "c1",
   "gradient norm":       0.000018850658
}
