{
   "temperature":     298.150000000000,
   "unit": "hartree",
   "energy":     -20.896437754741,
   "free energy":     -20.767184932607,
   "G(T)":       0.129252822133,
   "ZPVE":       0.161722388804,
   "number of imags":0,
   "point group": "c1",
   "gradient norm":       0.000029204823
}
