{
   "temperature":     298.150000000000,
   "unit": "hartree",
   "energy":     -23.958589799004,
   "free energy":     -23.851380742088,
   "G(T)":       0.107209056917,
   "ZPVE":       0.142846005216,
   "number of imags":0,
   "point group": "c1",
   "gradient norm":       0.000070505874
}
