{
   "temperature":     298.150000000000,
   "unit": "hartree",
   "energy":     -24.059717236132,
   "free energy":     -23.903501038568,
   "G(T)":       0.156216197564,
   "ZPVE":       0.189932906529,
   "number of imags":0,
   "point group": "c1",
   "gradient norm":       0.000046334439
}
