{
   "temperature":     298.150000000000,
   "unit": "hartree",
   "energy":     -16.828770197634,
   "free energy":     -16.700313997086,
   "G(T)":       0.128456200548,
   "ZPVE":       0.158984703157,
   "number of imags":0,
   "point group": "c1",
   "gradient norm":       0.000031984039
}
