{
   "temperature":     298.150000000000,
   "unit": "hartree",
   "energy":     -23.958441279260,
   "free energy":     -23.849765260825,
   "G(T)":       0.108676018434,
   "ZPVE":       0.143426343285,
   "number of imags":0,
   "point group": "c1",
   "gradient norm":       0.000015936551
}
