{
   "temperature":     298.150000000000,
   "unit": "hartree",
   "energy":     -20.799763518175,
   "free energy":     -20.716462508663,
   "G(T)":       0.083301009512,
   "ZPVE":       0.115843250607,
   "number of imags":0,
   "point group": "c1",
   "gradient norm":       0.000077671866
}
