{
   "temperature":     298.150000000000,
   "unit": "hartree",
   "energy":     -27.125035500356,
   "free energy":     -26.993340951516,
   "G(T)":       0.131694548839,
   "ZPVE":       0.170636391185,
   "number of imags":0,
   "point group": "c1",
   "gradient norm":       0.000060558589
}
