{
   "temperature":     298.150000000000,
   "unit": "hartree",
   "energy":     -23.958589935139,
   "free energy":     -23.851253465414,
   "G(T)":       0.107336469725,
   "ZPVE":       0.142862552675,
   "number of imags":0,
   "point group": "c1",
   "gradient norm":       0.000063233908
}
