{
   "temperature":     298.150000000000,
   "unit": "hartree",
   "energy":     -26.278880961519,
   "free energy":     -26.157089209087,
   "G(T)":       0.121791752433,
   "ZPVE":       0.156346843628,
   "number of imags":0,
   "point group": "c1",
   "gradient norm":       0.000042229688
}
