{
   "temperature":     298.150000000000,
   "unit": "hartree",
   "energy":     -24.058008579445,
   "free energy":     -23.904131909209,
   "G(T)":       0.153876670236,
   "ZPVE":       0.188688852403,
   "number of imags":0,
   "point group": "c1",
   "gradient norm":       0.000045423634
}
