{
   "temperature":     298.150000000000,
   "unit": "hartree",
   "energy":     -24.058841362211,
   "free energy":     -23.902516624254,
   "G(T)":       0.156324737957,
   "ZPVE":       0.189956520142,
   "number of imags":0,
   "point group": "c1",
   "gradient norm":       0.000059281889
}
