{
    "partname": "prescreening",
    "runtime": 9.83063421305269,
    "results": {
        "CONF4": {
            "xtb_gsolv": {
                "gsolv": 0.0015016201949968888,
                "energy_xtb_gas": -19.992770288053,
                "energy_xtb_solv": -19.991268667858
            },
            "sp": {
                "energy": -236.448719458142
            },
            "gtot": -236.447217837947,
            "bmw": 0.2107189803000847
        },
        "CONF3": {
            "xtb_gsolv": {
                "gsolv": 0.0014847986619983544,
                "energy_xtb_gas": -19.992906813125,
                "energy_xtb_solv": -19.991422014463
            },
            "sp": {
                "energy": -236.448337835025
            },
            "gtot": -236.446853036363,
            "bmw": 0.14318797341761863
        },
        "CONF2": {
            "xtb_gsolv": {
                "gsolv": 0.0014664768000010042,
                "energy_xtb_gas": -19.993524136878,
                "energy_xtb_solv": -19.992057660078
            },
            "sp": {
                "energy": -236.44888552122
            },
            "gtot": -236.44741904442,
            "bmw": 0.26076675779763187
        },
        "CONF7": {
            "xtb_gsolv": {
                "gsolv": 0.0015191071189981642,
                "energy_xtb_gas": -19.988822111372,
                "energy_xtb_solv": -19.987303004253
            },
            "sp": {
                "energy": -236.444785515964
            },
            "gtot": -236.443266408845,
            "bmw": 0.0032075399940035727
        },
        "CONF1": {
            "xtb_gsolv": {
                "gsolv": 0.0014635531810007762,
                "energy_xtb_gas": -19.993548114393,
                "energy_xtb_solv": -19.992084561212
            },
            "sp": {
                "energy": -236.449202614068
            },
            "gtot": -236.44773906088702,
            "bmw": 0.36597347772037503
        },
        "CONF6": {
            "xtb_gsolv": {
                "gsolv": 0.0014882306440000548,
                "energy_xtb_gas": -19.989052506939,
                "energy_xtb_solv": -19.987564276295
            },
            "sp": {
                "energy": -236.44424146528
            },
            "gtot": -236.44275323463597,
            "bmw": 0.0018626372467074141
        },
        "CONF5": {
            "xtb_gsolv": {
                "gsolv": 0.0014833007670027598,
                "energy_xtb_gas": -19.991787014237,
                "energy_xtb_solv": -19.99030371347
            },
            "sp": {
                "energy": -236.446159885942
            },
            "gtot": -236.444676585175,
            "bmw": 0.014282633523578864
        }
    },
    "settings": {
        "threshold": 4.0,
        "func": "pbe-d4",
        "basis": "def2-sv(p)",
        "prog": "orca",
        "gfnv": "gfn2",
        "run": true,
        "template": false
    },
    "nconf_in": 7,
    "nconf_out": 7
}