{
    "partname": "screening",
    "runtime": 37.5170184019953,
    "results": {
        "CONF3": {
            "gsolv": {
                "gsolv": 0.0034428297130091323,
                "energy_gas": -236.986626919146,
                "energy_solv": -236.983184089433
            },
            "gtot": -236.983184089433,
            "bmw": 0.14783419016803456
        },
        "CONF6": {
            "gsolv": {
                "gsolv": 0.003308059122986151,
                "energy_gas": -236.982775665239,
                "energy_solv": -236.979467606116
            },
            "gtot": -236.979467606116,
            "bmw": 0.0028860967870549155
        },
        "CONF4": {
            "gsolv": {
                "gsolv": 0.003387700345996336,
                "energy_gas": -236.987223274445,
                "energy_solv": -236.983835574099
            },
            "gtot": -236.983835574099,
            "bmw": 0.2947386500696258
        },
        "CONF2": {
            "gsolv": {
                "gsolv": 0.0034869655079887707,
                "energy_gas": -236.987018810494,
                "energy_solv": -236.983531844986
            },
            "gtot": -236.983531844986,
            "bmw": 0.2136640069347773
        },
        "CONF1": {
            "gsolv": {
                "gsolv": 0.0034606846490135013,
                "energy_gas": -236.987386220177,
                "energy_solv": -236.983925535528
            },
            "gtot": -236.983925535528,
            "bmw": 0.32420259228616627
        },
        "CONF7": {
            "gsolv": {
                "gsolv": 0.003264274337993811,
                "energy_gas": -236.982528862409,
                "energy_solv": -236.979264588071
            },
            "gtot": -236.979264588071,
            "bmw": 0.0023277109768617805
        },
        "CONF5": {
            "gsolv": {
                "gsolv": 0.0034908231690167213,
                "energy_gas": -236.984472540006,
                "energy_solv": -236.980981716837
            },
            "gtot": -236.980981716837,
            "bmw": 0.014346752777479476
        }
    },
    "settings": {
        "threshold": 3.5,
        "func": "r2scan-3c",
        "basis": "def2-tzvp",
        "prog": "orca",
        "sm": "smd",
        "gfnv": "gfn2",
        "run": true,
        "implicit": false,
        "template": false
    },
    "nconf_in": 7,
    "nconf_out": 7
}