{
   "temperature":     298.150000000000,
   "unit": "hartree",
   "energy":     -16.907811470628,
   "free energy":     -16.809866815803,
   "G(T)":       0.097944654825,
   "ZPVE":       0.129496864724,
   "number of imags":0,
   "point group": "c1",
   "gradient norm":       0.000034593601
}
