{
   "temperature":     298.150000000000,
   "unit": "hartree",
   "energy":     -52.662846745891,
   "free energy":     -52.429472533841,
   "G(T)":       0.233374212050,
   "ZPVE":       0.283446054841,
   "number of imags":0,
   "point group": "c1",
   "gradient norm":       0.000033408683
}
