{
   "temperature":     298.150000000000,
   "unit": "hartree",
   "energy":     -23.965776431803,
   "free energy":     -23.856167299341,
   "G(T)":       0.109609132462,
   "ZPVE":       0.143668941581,
   "number of imags":0,
   "point group": "c1",
   "gradient norm":       0.000063383495
}
