{
   "temperature":     298.150000000000,
   "unit": "hartree",
   "energy":     -23.957771820379,
   "free energy":     -23.849125222429,
   "G(T)":       0.108646597951,
   "ZPVE":       0.143444403177,
   "number of imags":0,
   "point group": "c1",
   "gradient norm":       0.000028689274
}
