{
   "temperature":     298.150000000000,
   "unit": "hartree",
   "energy":     -18.941296667153,
   "free energy":     -18.810371695926,
   "G(T)":       0.130924971227,
   "ZPVE":       0.162791163969,
   "number of imags":0,
   "point group": "c1",
   "gradient norm":       0.000022004548
}
