{
   "temperature":     298.150000000000,
   "unit": "hartree",
   "energy":     -32.575198066654,
   "free energy":     -32.400835753180,
   "G(T)":       0.174362313474,
   "ZPVE":       0.211531283041,
   "number of imags":0,
   "point group": "c1",
   "gradient norm":       0.000040353255
}
