{
   "temperature":     298.150000000000,
   "unit": "hartree",
   "energy":     -23.958424303032,
   "free energy":     -23.849589021838,
   "G(T)":       0.108835281194,
   "ZPVE":       0.143427119478,
   "number of imags":0,
   "point group": "c1",
   "gradient norm":       0.000056777538
}
