{
   "temperature":     298.150000000000,
   "unit": "hartree",
   "energy":     -26.279430876449,
   "free energy":     -26.156966646179,
   "G(T)":       0.122464230270,
   "ZPVE":       0.156662552936,
   "number of imags":0,
   "point group": "c1",
   "gradient norm":       0.000048445648
}
