{
   "temperature":     298.150000000000,
   "unit": "hartree",
   "energy":     -27.125552404754,
   "free energy":     -26.992378380070,
   "G(T)":       0.133174024684,
   "ZPVE":       0.170623904698,
   "number of imags":0,
   "point group": "c1",
   "gradient norm":       0.000033811988
}
