{
   "temperature":     298.150000000000,
   "unit": "hartree",
   "energy":     -27.125749594782,
   "free energy":     -26.992077793112,
   "G(T)":       0.133671801670,
   "ZPVE":       0.170713293259,
   "number of imags":0,
   "point group": "c1",
   "gradient norm":       0.000038637706
}
