{
    "partname": "prescreening",
    "runtime": 7.126400602981448,
    "results": {
        "CONF2": {
            "xtb_gsolv": {
                "gsolv": -0.0027442049869996765,
                "energy_xtb_gas": -20.779208769783,
                "energy_xtb_solv": -20.78195297477
            },
            "sp": {
                "energy": -307.021687878825
            },
            "gtot": -307.024432083812,
            "bmw": 0.013236713443942784
        },
        "CONF1": {
            "xtb_gsolv": {
                "gsolv": -0.0034579025589991375,
                "energy_xtb_gas": -20.780194413956,
                "energy_xtb_solv": -20.783652316515
            },
            "sp": {
                "energy": -307.025044969138
            },
            "gtot": -307.02850287169696,
            "bmw": 0.9867632865560572
        }
    },
    "settings": {
        "threshold": 4.0,
        "func": "pbe-d4",
        "basis": "def2-sv(p)",
        "prog": "orca",
        "gfnv": "gfn2",
        "run": true,
        "template": false
    },
    "nconf_in": 2,
    "nconf_out": 2
}