{
    "partname": "screening",
    "runtime": 40.06790361739695,
    "results": {
        "CONF1": {
            "gsolv": {
                "gsolv": -0.003971746415970756,
                "energy_gas": -307.631202233204,
                "energy_solv": -307.63517397962
            },
            "gtot": -307.63517397962,
            "bmw": 0.986111542361231
        },
        "CONF2": {
            "gsolv": {
                "gsolv": -0.0031558893509782138,
                "energy_gas": -307.62799330729,
                "energy_solv": -307.631149196641
            },
            "gtot": -307.631149196641,
            "bmw": 0.013888457638769072
        }
    },
    "settings": {
        "threshold": 3.5,
        "func": "r2scan-3c",
        "basis": "def2-tzvp",
        "prog": "orca",
        "sm": "smd",
        "gfnv": "gfn2",
        "run": true,
        "implicit": false,
        "template": false
    },
    "nconf_in": 2,
    "nconf_out": 2
}