{
   "temperature":     298.150000000000,
   "unit": "hartree",
   "energy":     -23.957306961087,
   "free energy":     -23.849846743179,
   "G(T)":       0.107460217908,
   "ZPVE":       0.143216113645,
   "number of imags":0,
   "point group": "c1",
   "gradient norm":       0.000101095696
}
