{
   "temperature":     298.150000000000,
   "unit": "hartree",
   "energy":     -41.507211685209,
   "free energy":     -41.425772768589,
   "G(T)":       0.081438916620,
   "ZPVE":       0.121993683144,
   "number of imags":0,
   "point group": "c1",
   "gradient norm":       0.000138314089
}
