{
   "temperature":     298.150000000000,
   "unit": "hartree",
   "energy":     -23.965787818663,
   "free energy":     -23.856034439161,
   "G(T)":       0.109753379501,
   "ZPVE":       0.143618099157,
   "number of imags":0,
   "point group": "c1",
   "gradient norm":       0.000082201361
}
