{
   "temperature":     298.150000000000,
   "unit": "hartree",
   "energy":     -26.196771762956,
   "free energy":     -26.037517515380,
   "G(T)":       0.159254247576,
   "ZPVE":       0.194707727588,
   "number of imags":0,
   "point group": "c2",
   "gradient norm":       0.000028841556
}
