{
   "temperature":     298.150000000000,
   "unit": "hartree",
   "energy":     -18.189981652937,
   "free energy":     -18.092118345344,
   "G(T)":       0.097863307593,
   "ZPVE":       0.129293827423,
   "number of imags":0,
   "point group": "c1",
   "gradient norm":       0.000037111161
}
