{
   "temperature":     298.150000000000,
   "unit": "hartree",
   "energy":     -18.620963260229,
   "free energy":     -18.542039101101,
   "G(T)":       0.078924159128,
   "ZPVE":       0.108964655972,
   "number of imags":0,
   "point group": "c1",
   "gradient norm":       0.000036261601
}
