{
   "temperature":     298.150000000000,
   "unit": "hartree",
   "energy":     -16.688266931826,
   "free energy":     -16.607607430152,
   "G(T)":       0.080659501674,
   "ZPVE":       0.110682535489,
   "number of imags":0,
   "point group": "c1",
   "gradient norm":       0.000093655737
}
