{
   "temperature":     298.150000000000,
   "unit": "hartree",
   "energy":     -32.490158694131,
   "free energy":     -32.361967881541,
   "G(T)":       0.128190812590,
   "ZPVE":       0.164902025065,
   "number of imags":0,
   "point group": "cs",
   "gradient norm":       0.000015234907
}
