{
   "temperature":     298.150000000000,
   "unit": "hartree",
   "energy":     -26.900220336876,
   "free energy":     -26.844393652464,
   "G(T)":       0.055826684412,
   "ZPVE":       0.089948576775,
   "number of imags":0,
   "point group": "c1",
   "gradient norm":       0.000100932024
}
