{
   "temperature":     298.150000000000,
   "unit": "hartree",
   "energy":     -20.893178658089,
   "free energy":     -20.762623444348,
   "G(T)":       0.130555213741,
   "ZPVE":       0.162300353296,
   "number of imags":0,
   "point group": "c1",
   "gradient norm":       0.000051481631
}
