{
   "temperature":     298.150000000000,
   "unit": "hartree",
   "energy":     -16.907812531589,
   "free energy":     -16.810000317687,
   "G(T)":       0.097812213901,
   "ZPVE":       0.129431564982,
   "number of imags":0,
   "point group": "c1",
   "gradient norm":       0.000024726122
}
