{
   "temperature":     298.150000000000,
   "unit": "hartree",
   "energy":     -19.867121388739,
   "free energy":     -19.760660089979,
   "G(T)":       0.106461298760,
   "ZPVE":       0.138901376138,
   "number of imags":0,
   "point group": "c1",
   "gradient norm":       0.000042616029
}
