{
   "temperature":     298.150000000000,
   "unit": "hartree",
   "energy":     -17.615201805465,
   "free energy":     -17.558217933392,
   "G(T)":       0.056983872073,
   "ZPVE":       0.087272867391,
   "number of imags":0,
   "point group": "c1",
   "gradient norm":       0.000057237802
}
