{
   "temperature":     298.150000000000,
   "unit": "hartree",
   "energy":     -22.696773512102,
   "free energy":     -22.615397516602,
   "G(T)":       0.081375995501,
   "ZPVE":       0.112789782990,
   "number of imags":0,
   "point group": "c1",
   "gradient norm":       0.000117734802
}
