{
   "temperature":     298.150000000000,
   "unit": "hartree",
   "energy":     -39.643910796471,
   "free energy":     -39.532718690042,
   "G(T)":       0.111192106429,
   "ZPVE":       0.150392004615,
   "number of imags":0,
   "point group": "c1",
   "gradient norm":       0.000046230761
}
