{
   "temperature":     298.150000000000,
   "unit": "hartree",
   "energy":     -22.695735818862,
   "free energy":     -22.614191539212,
   "G(T)":       0.081544279650,
   "ZPVE":       0.112755448003,
   "number of imags":0,
   "point group": "c1",
   "gradient norm":       0.000059074740
}
