{
   "temperature":     298.150000000000,
   "unit": "hartree",
   "energy":     -19.993871132302,
   "free energy":     -19.839879412947,
   "G(T)":       0.153991719355,
   "ZPVE":       0.186719376051,
   "number of imags":0,
   "point group": "c1",
   "gradient norm":       0.000167925665
}
