{
   "temperature":     298.150000000000,
   "unit": "hartree",
   "energy":     -31.094940487770,
   "free energy":     -31.060473214906,
   "G(T)":       0.034467272864,
   "ZPVE":       0.069615572324,
   "number of imags":0,
   "point group": "c1",
   "gradient norm":       0.000064799811
}
