{
   "temperature":     298.150000000000,
   "unit": "hartree",
   "energy":     -23.156748111510,
   "free energy":     -22.975947179271,
   "G(T)":       0.180800932240,
   "ZPVE":       0.214879904211,
   "number of imags":0,
   "point group": "c1",
   "gradient norm":       0.000057401018
}
