{
   "temperature":     298.150000000000,
   "unit": "hartree",
   "energy":     -23.954509672565,
   "free energy":     -23.847091033256,
   "G(T)":       0.107418639309,
   "ZPVE":       0.143108112598,
   "number of imags":0,
   "point group": "c1",
   "gradient norm":       0.000043305714
}
