{
   "temperature":     298.150000000000,
   "unit": "hartree",
   "energy":     -19.866927119239,
   "free energy":     -19.760614999182,
   "G(T)":       0.106312120057,
   "ZPVE":       0.138936982475,
   "number of imags":0,
   "point group": "c1",
   "gradient norm":       0.000024677426
}
