{
    "partname": "prescreening",
    "runtime": 10.998118948191404,
    "results": {
        "CONF1": {
            "xtb_gsolv": {
                "gsolv": 0.0006674715019983068,
                "energy_xtb_gas": -25.379863199693,
                "energy_xtb_solv": -25.379195728191
            },
            "sp": {
                "energy": -349.368755521349
            },
            "gtot": -349.36808804984696,
            "bmw": 0.40769394772729245
        },
        "CONF2": {
            "xtb_gsolv": {
                "gsolv": 0.0005835192589991323,
                "energy_xtb_gas": -25.379685434777,
                "energy_xtb_solv": -25.379101915518
            },
            "sp": {
                "energy": -349.368908911748
            },
            "gtot": -349.368325392489,
            "bmw": 0.5242088187925225
        },
        "CONF4": {
            "xtb_gsolv": {
                "gsolv": 0.0005486280680031541,
                "energy_xtb_gas": -25.375000344818,
                "energy_xtb_solv": -25.37445171675
            },
            "sp": {
                "energy": -349.36301178411
            },
            "gtot": -349.36246315604194,
            "bmw": 0.0010545379348659797
        },
        "CONF3": {
            "xtb_gsolv": {
                "gsolv": 0.0005071628010000495,
                "energy_xtb_gas": -25.377278241719,
                "energy_xtb_solv": -25.376771078918
            },
            "sp": {
                "energy": -349.366890784246
            },
            "gtot": -349.366383621445,
            "bmw": 0.06704269554531904
        }
    },
    "settings": {
        "threshold": 4.0,
        "func": "pbe-d4",
        "basis": "def2-sv(p)",
        "prog": "orca",
        "gfnv": "gfn2",
        "run": true,
        "template": false
    },
    "nconf_in": 4,
    "nconf_out": 4
}