{
    "partname": "screening",
    "runtime": 57.003431231249124,
    "results": {
        "CONF3": {
            "gsolv": {
                "gsolv": -0.0012319189190179713,
                "energy_gas": -350.077923649404,
                "energy_solv": -350.079155568323
            },
            "gtot": -350.079155568323,
            "bmw": 0.06036110327295666
        },
        "CONF2": {
            "gsolv": {
                "gsolv": -0.001221937345007973,
                "energy_gas": -350.079926635988,
                "energy_solv": -350.081148573333
            },
            "gtot": -350.081148573333,
            "bmw": 0.49828293936669826
        },
        "CONF4": {
            "gsolv": {
                "gsolv": -0.0012777628689946141,
                "energy_gas": -350.074120662163,
                "energy_solv": -350.075398425032
            },
            "gtot": -350.075398425032,
            "bmw": 0.0011287321112528716
        },
        "CONF1": {
            "gsolv": {
                "gsolv": -0.0009764951349779949,
                "energy_gas": -350.080055115493,
                "energy_solv": -350.081031610628
            },
            "gtot": -350.081031610628,
            "bmw": 0.4402272252490922
        }
    },
    "settings": {
        "threshold": 3.5,
        "func": "r2scan-3c",
        "basis": "def2-tzvp",
        "prog": "orca",
        "sm": "smd",
        "gfnv": "gfn2",
        "run": true,
        "implicit": false,
        "template": false
    },
    "nconf_in": 4,
    "nconf_out": 4
}