{
    "partname": "prescreening",
    "runtime": 9.351492707617581,
    "results": {
        "CONF1": {
            "xtb_gsolv": {
                "gsolv": -0.01652708551799975,
                "energy_xtb_gas": -26.878685165099,
                "energy_xtb_solv": -26.895212250617
            },
            "sp": {
                "energy": -777.744576986809
            },
            "gtot": -777.7611040723269,
            "bmw": 0.41509201028566167
        },
        "CONF4": {
            "xtb_gsolv": {
                "gsolv": -0.017776511968001785,
                "energy_xtb_gas": -26.874941210122,
                "energy_xtb_solv": -26.89271772209
            },
            "sp": {
                "energy": -777.740621557768
            },
            "gtot": -777.758398069736,
            "bmw": 0.023630305686328318
        },
        "CONF2": {
            "xtb_gsolv": {
                "gsolv": -0.016777397311997788,
                "energy_xtb_gas": -26.877550716289,
                "energy_xtb_solv": -26.894328113601
            },
            "sp": {
                "energy": -777.743310212286
            },
            "gtot": -777.760087609598,
            "bmw": 0.1414503030979835
        },
        "CONF3": {
            "xtb_gsolv": {
                "gsolv": -0.01657204562300052,
                "energy_xtb_gas": -26.87669595262,
                "energy_xtb_solv": -26.893267998243
            },
            "sp": {
                "energy": -777.743770822615
            },
            "gtot": -777.760342868238,
            "bmw": 0.18535944887536823
        },
        "CONF7": {
            "xtb_gsolv": {
                "gsolv": -0.0168810645009998,
                "energy_xtb_gas": -26.875007304593,
                "energy_xtb_solv": -26.891888369094
            },
            "sp": {
                "energy": -777.741932105332
            },
            "gtot": -777.758813169833,
            "bmw": 0.036677706245295656
        },
        "CONF9": {
            "xtb_gsolv": {
                "gsolv": -0.016327327071000042,
                "energy_xtb_gas": -26.872366813749,
                "energy_xtb_solv": -26.88869414082
            },
            "sp": {
                "energy": -777.742194140852
            },
            "gtot": -777.7585214679231,
            "bmw": 0.026929517793905774
        },
        "CONF10": {
            "xtb_gsolv": {
                "gsolv": -0.01626929215399997,
                "energy_xtb_gas": -26.872332540511,
                "energy_xtb_solv": -26.888601832665
            },
            "sp": {
                "energy": -777.742048113288
            },
            "gtot": -777.758317405442,
            "bmw": 0.021695333617454876
        },
        "CONF5": {
            "xtb_gsolv": {
                "gsolv": -0.017331009212998794,
                "energy_xtb_gas": -26.875092717478,
                "energy_xtb_solv": -26.892423726691
            },
            "sp": {
                "energy": -777.741498108641
            },
            "gtot": -777.758829117854,
            "bmw": 0.03730248374213758
        },
        "CONF8": {
            "xtb_gsolv": {
                "gsolv": -0.017330966123999758,
                "energy_xtb_gas": -26.874031797248,
                "energy_xtb_solv": -26.891362763372
            },
            "sp": {
                "energy": -777.742216811153
            },
            "gtot": -777.7595477772769,
            "bmw": 0.07985428080125062
        },
        "CONF6": {
            "xtb_gsolv": {
                "gsolv": -0.017294670036999804,
                "energy_xtb_gas": -26.875127393217,
                "energy_xtb_solv": -26.892422063254
            },
            "sp": {
                "energy": -777.741389935778
            },
            "gtot": -777.758684605815,
            "bmw": 0.03200860985461384
        }
    },
    "settings": {
        "threshold": 4.0,
        "func": "pbe-d4",
        "basis": "def2-sv(p)",
        "prog": "orca",
        "gfnv": "gfn2",
        "run": true,
        "template": false
    },
    "nconf_in": 10,
    "nconf_out": 10
}