{
    "partname": "screening",
    "runtime": 47.70975763164461,
    "results": {
        "CONF10": {
            "gsolv": {
                "gsolv": -0.01139306608502011,
                "energy_gas": -778.748912413267,
                "energy_solv": -778.760305479352
            },
            "gtot": -778.760305479352,
            "bmw": 0.002344243316451234
        },
        "CONF9": {
            "gsolv": {
                "gsolv": -0.011684381232043961,
                "energy_gas": -778.749646981442,
                "energy_solv": -778.761331362674
            },
            "gtot": -778.761331362674,
            "bmw": 0.006948264639052231
        },
        "CONF3": {
            "gsolv": {
                "gsolv": -0.011557734682924092,
                "energy_gas": -778.751453671471,
                "energy_solv": -778.763011406154
            },
            "gtot": -778.763011406154,
            "bmw": 0.04117587722621591
        },
        "CONF1": {
            "gsolv": {
                "gsolv": -0.012307364380035324,
                "energy_gas": -778.753395737231,
                "energy_solv": -778.765703101611
            },
            "gtot": -778.765703101611,
            "bmw": 0.7124215839388744
        },
        "CONF7": {
            "gsolv": {
                "gsolv": -0.012041555739983778,
                "energy_gas": -778.748998174045,
                "energy_solv": -778.761039729785
            },
            "gtot": -778.761039729785,
            "bmw": 0.005101930139826462
        },
        "CONF5": {
            "gsolv": {
                "gsolv": -0.012634968977977223,
                "energy_gas": -778.748421618401,
                "energy_solv": -778.761056587379
            },
            "gtot": -778.761056587379,
            "bmw": 0.005193838772152374
        },
        "CONF6": {
            "gsolv": {
                "gsolv": -0.012506212573953235,
                "energy_gas": -778.748499010736,
                "energy_solv": -778.76100522331
            },
            "gtot": -778.76100522331,
            "bmw": 0.0049188392260951464
        },
        "CONF8": {
            "gsolv": {
                "gsolv": -0.013427527176986587,
                "energy_gas": -778.749805687498,
                "energy_solv": -778.763233214675
            },
            "gtot": -778.763233214675,
            "bmw": 0.05207960932719281
        },
        "CONF4": {
            "gsolv": {
                "gsolv": -0.013870852699028546,
                "energy_gas": -778.747808844572,
                "energy_solv": -778.761679697271
            },
            "gtot": -778.761679697271,
            "bmw": 0.01004845229292975
        },
        "CONF2": {
            "gsolv": {
                "gsolv": -0.012785870282982614,
                "energy_gas": -778.751505722745,
                "energy_solv": -778.764291593028
            },
            "gtot": -778.764291593028,
            "bmw": 0.1597673611212093
        }
    },
    "settings": {
        "threshold": 3.5,
        "func": "r2scan-3c",
        "basis": "def2-tzvp",
        "prog": "orca",
        "sm": "smd",
        "gfnv": "gfn2",
        "run": true,
        "implicit": false,
        "template": false
    },
    "nconf_in": 10,
    "nconf_out": 10
}