{
   "temperature":     298.150000000000,
   "unit": "hartree",
   "energy":     -15.770175625519,
   "free energy":     -15.665629972814,
   "G(T)":       0.104545652705,
   "ZPVE":       0.134848351053,
   "number of imags":0,
   "point group": "c1",
   "gradient norm":       0.000036849858
}
