{
   "temperature":     298.150000000000,
   "unit": "hartree",
   "energy":     -26.320395270749,
   "free energy":     -26.112105161224,
   "G(T)":       0.208290109525,
   "ZPVE":       0.243206940703,
   "number of imags":0,
   "point group": "c1",
   "gradient norm":       0.000050359188
}
