{
   "temperature":     298.150000000000,
   "unit": "hartree",
   "energy":     -29.461084295221,
   "free energy":     -29.311821305188,
   "G(T)":       0.149262990033,
   "ZPVE":       0.184847602322,
   "number of imags":0,
   "point group": "c1",
   "gradient norm":       0.000033875210
}
