{
   "temperature":     298.150000000000,
   "unit": "hartree",
   "energy":     -24.060202451418,
   "free energy":     -23.904216119005,
   "G(T)":       0.155986332413,
   "ZPVE":       0.189767162147,
   "number of imags":0,
   "point group": "c1",
   "gradient norm":       0.000026298922
}
