{
   "temperature":     298.150000000000,
   "unit": "hartree",
   "energy":     -18.942204712924,
   "free energy":     -18.812283589190,
   "G(T)":       0.129921123734,
   "ZPVE":       0.162665403297,
   "number of imags":0,
   "point group": "c1",
   "gradient norm":       0.000030531062
}
