{
    "partname": "prescreening",
    "runtime": 10.789322637021542,
    "results": {
        "CONF6": {
            "xtb_gsolv": {
                "gsolv": -0.0037544294730018635,
                "energy_xtb_gas": -23.028061570909,
                "energy_xtb_solv": -23.031816000382
            },
            "sp": {
                "energy": -310.354711462561
            },
            "gtot": -310.358465892034,
            "bmw": 0.022041327758920877
        },
        "CONF7": {
            "xtb_gsolv": {
                "gsolv": -0.003632921308000192,
                "energy_xtb_gas": -23.027781525847,
                "energy_xtb_solv": -23.031414447155
            },
            "sp": {
                "energy": -310.35465191146
            },
            "gtot": -310.358284832768,
            "bmw": 0.018195175760145958
        },
        "CONF4": {
            "xtb_gsolv": {
                "gsolv": -0.003740018162002201,
                "energy_xtb_gas": -23.028577035465,
                "energy_xtb_solv": -23.032317053627
            },
            "sp": {
                "energy": -310.355681864925
            },
            "gtot": -310.35942188308695,
            "bmw": 0.06066849182551184
        },
        "CONF9": {
            "xtb_gsolv": {
                "gsolv": -0.003769284705999354,
                "energy_xtb_gas": -23.027316445345,
                "energy_xtb_solv": -23.031085730051
            },
            "sp": {
                "energy": -310.355074947457
            },
            "gtot": -310.358844232163,
            "bmw": 0.032905020512337006
        },
        "CONF10": {
            "xtb_gsolv": {
                "gsolv": -0.003669638971999234,
                "energy_xtb_gas": -23.027233315459,
                "energy_xtb_solv": -23.030902954431
            },
            "sp": {
                "energy": -310.354607335803
            },
            "gtot": -310.358276974775,
            "bmw": 0.018044374353479036
        },
        "CONF5": {
            "xtb_gsolv": {
                "gsolv": -0.0037455507600014926,
                "energy_xtb_gas": -23.028462315737,
                "energy_xtb_solv": -23.032207866497
            },
            "sp": {
                "energy": -310.355846495935
            },
            "gtot": -310.359592046695,
            "bmw": 0.07264956874660985
        },
        "CONF1": {
            "xtb_gsolv": {
                "gsolv": -0.003976202461000611,
                "energy_xtb_gas": -23.029158076224,
                "energy_xtb_solv": -23.033134278685
            },
            "sp": {
                "energy": -310.357458667776
            },
            "gtot": -310.36143487023696,
            "bmw": 0.5115324574965694
        },
        "CONF3": {
            "xtb_gsolv": {
                "gsolv": -0.003989972243999773,
                "energy_xtb_gas": -23.028393016633,
                "energy_xtb_solv": -23.032382988877
            },
            "sp": {
                "energy": -310.356425121086
            },
            "gtot": -310.36041509332995,
            "bmw": 0.17370338726843312
        },
        "CONF8": {
            "xtb_gsolv": {
                "gsolv": -0.003766529428997245,
                "energy_xtb_gas": -23.027496767984,
                "energy_xtb_solv": -23.031263297413
            },
            "sp": {
                "energy": -310.354911443031
            },
            "gtot": -310.35867797246004,
            "bmw": 0.02759230589734249
        },
        "CONF11": {
            "xtb_gsolv": {
                "gsolv": -0.003871170909999222,
                "energy_xtb_gas": -23.025411602822,
                "energy_xtb_solv": -23.029282773732
            },
            "sp": {
                "energy": -310.35124198606
            },
            "gtot": -310.35511315697,
            "bmw": 0.0006325376376031621
        },
        "CONF2": {
            "xtb_gsolv": {
                "gsolv": -0.003815729220001174,
                "energy_xtb_gas": -23.028620767747,
                "energy_xtb_solv": -23.032436496967
            },
            "sp": {
                "energy": -310.35562719023
            },
            "gtot": -310.35944291945,
            "bmw": 0.06203535274304742
        }
    },
    "settings": {
        "threshold": 4.0,
        "func": "pbe-d4",
        "basis": "def2-sv(p)",
        "prog": "orca",
        "gfnv": "gfn2",
        "run": true,
        "template": false
    },
    "nconf_in": 11,
    "nconf_out": 11
}