{
    "partname": "screening",
    "runtime": 62.015250149182975,
    "results": {
        "CONF8": {
            "gsolv": {
                "gsolv": -0.00510306424700957,
                "energy_gas": -311.00253208372,
                "energy_solv": -311.007635147967
            },
            "gtot": -311.007635147967,
            "bmw": 0.0035947760434535355
        },
        "CONF2": {
            "gsolv": {
                "gsolv": -0.006282483758980106,
                "energy_gas": -311.00436601304,
                "energy_solv": -311.010648496799
            },
            "gtot": -311.010648496799,
            "bmw": 0.08744125018823218
        },
        "CONF11": {
            "gsolv": {
                "gsolv": -0.006755052592041011,
                "energy_gas": -310.999841792804,
                "energy_solv": -311.006596845396
            },
            "gtot": -311.006596845396,
            "bmw": 0.0011969767507339696
        },
        "CONF6": {
            "gsolv": {
                "gsolv": -0.006678820885952064,
                "energy_gas": -311.003949267749,
                "energy_solv": -311.010628088635
            },
            "gtot": -311.010628088635,
            "bmw": 0.0855715212298749
        },
        "CONF3": {
            "gsolv": {
                "gsolv": -0.005636913077978534,
                "energy_gas": -311.005180859452,
                "energy_solv": -311.01081777253
            },
            "gtot": -311.01081777253,
            "bmw": 0.10461110870678003
        },
        "CONF5": {
            "gsolv": {
                "gsolv": -0.006707130070992662,
                "energy_gas": -311.004557740145,
                "energy_solv": -311.011264870216
            },
            "gtot": -311.011264870216,
            "bmw": 0.1679687557637093
        },
        "CONF1": {
            "gsolv": {
                "gsolv": -0.005810506109014568,
                "energy_gas": -311.006013994639,
                "energy_solv": -311.011824500748
            },
            "gtot": -311.011824500748,
            "bmw": 0.3038370505670731
        },
        "CONF9": {
            "gsolv": {
                "gsolv": -0.00464866275501663,
                "energy_gas": -311.003304439741,
                "energy_solv": -311.007953102496
            },
            "gtot": -311.007953102496,
            "bmw": 0.005034087948259684
        },
        "CONF4": {
            "gsolv": {
                "gsolv": -0.006802575997028271,
                "energy_gas": -311.004749644239,
                "energy_solv": -311.011552220236
            },
            "gtot": -311.011552220236,
            "bmw": 0.22771957538020746
        },
        "CONF10": {
            "gsolv": {
                "gsolv": -0.004841685737005719,
                "energy_gas": -311.002473486126,
                "energy_solv": -311.007315171863
            },
            "gtot": -311.007315171863,
            "bmw": 0.0025614920881887803
        },
        "CONF7": {
            "gsolv": {
                "gsolv": -0.005613498076968426,
                "energy_gas": -311.003030417997,
                "energy_solv": -311.008643916074
            },
            "gtot": -311.008643916074,
            "bmw": 0.010463405333487125
        }
    },
    "settings": {
        "threshold": 3.5,
        "func": "r2scan-3c",
        "basis": "def2-tzvp",
        "prog": "orca",
        "sm": "smd",
        "gfnv": "gfn2",
        "run": true,
        "implicit": false,
        "template": false
    },
    "nconf_in": 11,
    "nconf_out": 11
}