{
   "temperature":     298.150000000000,
   "unit": "hartree",
   "energy":     -24.060707095887,
   "free energy":     -23.903721674793,
   "G(T)":       0.156985421094,
   "ZPVE":       0.190234369698,
   "number of imags":0,
   "point group": "c1",
   "gradient norm":       0.000039732526
}
