{
   "temperature":     298.150000000000,
   "unit": "hartree",
   "energy":     -23.958397713634,
   "free energy":     -23.849881486229,
   "G(T)":       0.108516227405,
   "ZPVE":       0.143239713272,
   "number of imags":0,
   "point group": "c1",
   "gradient norm":       0.000020594505
}
