{
   "temperature":     298.150000000000,
   "unit": "hartree",
   "energy":     -19.992013811414,
   "free energy":     -19.837103599956,
   "G(T)":       0.154910211458,
   "ZPVE":       0.187009960279,
   "number of imags":0,
   "point group": "c1",
   "gradient norm":       0.000036293168
}
