{
   "temperature":     298.150000000000,
   "unit": "hartree",
   "energy":     -52.662847385782,
   "free energy":     -52.429441826060,
   "G(T)":       0.233405559721,
   "ZPVE":       0.283452973281,
   "number of imags":0,
   "point group": "c1",
   "gradient norm":       0.000019019357
}
