{
   "temperature":     298.150000000000,
   "unit": "hartree",
   "energy":     -16.688424422000,
   "free energy":     -16.607245402915,
   "G(T)":       0.081179019085,
   "ZPVE":       0.110710274544,
   "number of imags":0,
   "point group": "c1",
   "gradient norm":       0.000046845601
}
