{
   "temperature":     298.150000000000,
   "unit": "hartree",
   "energy":     -53.614633374729,
   "free energy":     -53.482063291296,
   "G(T)":       0.132570083433,
   "ZPVE":       0.175845694530,
   "number of imags":0,
   "point group": "c1",
   "gradient norm":       0.000052390122
}
