{
   "temperature":     298.150000000000,
   "unit": "hartree",
   "energy":     -23.957729451893,
   "free energy":     -23.849123897345,
   "G(T)":       0.108605554549,
   "ZPVE":       0.143446459832,
   "number of imags":0,
   "point group": "c1",
   "gradient norm":       0.000038602387
}
