{
   "temperature":     298.150000000000,
   "unit": "hartree",
   "energy":     -20.892959852638,
   "free energy":     -20.762583118533,
   "G(T)":       0.130376734105,
   "ZPVE":       0.162117760952,
   "number of imags":0,
   "point group": "c1",
   "gradient norm":       0.000051712979
}
