{
   "temperature":     298.150000000000,
   "unit": "hartree",
   "energy":     -25.310566946322,
   "free energy":     -25.122241078250,
   "G(T)":       0.188325868072,
   "ZPVE":       0.223272274925,
   "number of imags":0,
   "point group": "c1",
   "gradient norm":       0.000069612351
}
