{
   "temperature":     298.150000000000,
   "unit": "hartree",
   "energy":     -39.649129984018,
   "free energy":     -39.538137624341,
   "G(T)":       0.110992359677,
   "ZPVE":       0.150538020133,
   "number of imags":0,
   "point group": "c1",
   "gradient norm":       0.000090793736
}
