{
   "temperature":     298.150000000000,
   "unit": "hartree",
   "energy":     -15.768862467446,
   "free energy":     -15.663531231809,
   "G(T)":       0.105331235637,
   "ZPVE":       0.134901770568,
   "number of imags":0,
   "point group": "c1",
   "gradient norm":       0.000039704012
}
