{
   "temperature":     298.150000000000,
   "unit": "hartree",
   "energy":     -23.032714494169,
   "free energy":     -22.899640139100,
   "G(T)":       0.133074355069,
   "ZPVE":       0.166786368801,
   "number of imags":0,
   "point group": "c1",
   "gradient norm":       0.000040298111
}
