{
   "temperature":     298.150000000000,
   "unit": "hartree",
   "energy":     -23.958723134531,
   "free energy":     -23.851089879036,
   "G(T)":       0.107633255494,
   "ZPVE":       0.142915675769,
   "number of imags":0,
   "point group": "c1",
   "gradient norm":       0.000049437456
}
