{
   "temperature":     298.150000000000,
   "unit": "hartree",
   "energy":     -25.309577932387,
   "free energy":     -25.120841186136,
   "G(T)":       0.188736746251,
   "ZPVE":       0.223518295179,
   "number of imags":0,
   "point group": "c1",
   "gradient norm":       0.000044857910
}
