{
   "temperature":     298.150000000000,
   "unit": "hartree",
   "energy":     -16.904807427571,
   "free energy":     -16.806300490690,
   "G(T)":       0.098506936881,
   "ZPVE":       0.129647984097,
   "number of imags":0,
   "point group": "c1",
   "gradient norm":       0.000051411685
}
