{
   "temperature":     298.150000000000,
   "unit": "hartree",
   "energy":     -23.957731111206,
   "free energy":     -23.849159383076,
   "G(T)":       0.108571728130,
   "ZPVE":       0.143443470126,
   "number of imags":0,
   "point group": "c1",
   "gradient norm":       0.000037398452
}
