{
   "temperature":     298.150000000000,
   "unit": "hartree",
   "energy":     -17.720188956567,
   "free energy":     -17.617319276979,
   "G(T)":       0.102869679588,
   "ZPVE":       0.133540041425,
   "number of imags":0,
   "point group": "c1",
   "gradient norm":       0.000052829206
}
