{
   "temperature":     298.150000000000,
   "unit": "hartree",
   "energy":     -20.893553883403,
   "free energy":     -20.763947743730,
   "G(T)":       0.129606139674,
   "ZPVE":       0.162025559039,
   "number of imags":0,
   "point group": "c1",
   "gradient norm":       0.000044964777
}
