{
   "temperature":     298.150000000000,
   "unit": "hartree",
   "energy":     -22.696122568346,
   "free energy":     -22.614218629404,
   "G(T)":       0.081903938942,
   "ZPVE":       0.112896760628,
   "number of imags":0,
   "point group": "c1",
   "gradient norm":       0.000073333080
}
