{
   "temperature":     298.150000000000,
   "unit": "hartree",
   "energy":     -22.695557606968,
   "free energy":     -22.614333367849,
   "G(T)":       0.081224239119,
   "ZPVE":       0.112813433542,
   "number of imags":0,
   "point group": "c1",
   "gradient norm":       0.000158893475
}
