{
   "temperature":     298.150000000000,
   "unit": "hartree",
   "energy":     -44.046098228352,
   "free energy":     -43.879032973047,
   "G(T)":       0.167065255305,
   "ZPVE":       0.211399712124,
   "number of imags":0,
   "point group": "c1",
   "gradient norm":       0.000044200078
}
