{
   "temperature":     298.150000000000,
   "unit": "hartree",
   "energy":     -18.620236766650,
   "free energy":     -18.541371697473,
   "G(T)":       0.078865069178,
   "ZPVE":       0.109006502422,
   "number of imags":0,
   "point group": "c1",
   "gradient norm":       0.000091176237
}
