{
   "temperature":     298.150000000000,
   "unit": "hartree",
   "energy":     -20.893311692608,
   "free energy":     -20.763276126626,
   "G(T)":       0.130035565983,
   "ZPVE":       0.162003019248,
   "number of imags":0,
   "point group": "c1",
   "gradient norm":       0.000043516206
}
