{
   "temperature":     298.150000000000,
   "unit": "hartree",
   "energy":     -25.307148748969,
   "free energy":     -25.117680825608,
   "G(T)":       0.189467923361,
   "ZPVE":       0.223680912926,
   "number of imags":0,
   "point group": "c1",
   "gradient norm":       0.000041431068
}
