{
   "temperature":     298.150000000000,
   "unit": "hartree",
   "energy":     -18.617934115649,
   "free energy":     -18.539510742507,
   "G(T)":       0.078423373142,
   "ZPVE":       0.108622345668,
   "number of imags":0,
   "point group": "c1",
   "gradient norm":       0.000028274866
}
