{
    "partname": "prescreening",
    "runtime": 7.349615027196705,
    "results": {
        "CONF3": {
            "xtb_gsolv": {
                "gsolv": -0.0007403632110012381,
                "energy_xtb_gas": -17.718587423694,
                "energy_xtb_solv": -17.719327786905
            },
            "sp": {
                "energy": -233.085967139522
            },
            "gtot": -233.08670750273302,
            "bmw": 0.5834184675366304
        },
        "CONF6": {
            "xtb_gsolv": {
                "gsolv": -0.0006542554689978886,
                "energy_xtb_gas": -17.715681097387,
                "energy_xtb_solv": -17.716335352856
            },
            "sp": {
                "energy": -233.081001357303
            },
            "gtot": -233.08165561277198,
            "bmw": 0.00276867283223717
        },
        "CONF5": {
            "xtb_gsolv": {
                "gsolv": -0.0005837377849999825,
                "energy_xtb_gas": -17.716380626082,
                "energy_xtb_solv": -17.716964363867
            },
            "sp": {
                "energy": -233.079542610907
            },
            "gtot": -233.080126348692,
            "bmw": 0.0005480988025238957
        },
        "CONF4": {
            "xtb_gsolv": {
                "gsolv": -0.0005898571739990643,
                "energy_xtb_gas": -17.718660498432,
                "energy_xtb_solv": -17.719250355606
            },
            "sp": {
                "energy": -233.084195526776
            },
            "gtot": -233.08478538395,
            "bmw": 0.07618451920029065
        },
        "CONF2": {
            "xtb_gsolv": {
                "gsolv": -0.0007025601969985473,
                "energy_xtb_gas": -17.718764148058,
                "energy_xtb_solv": -17.719466708255
            },
            "sp": {
                "energy": -233.085387217059
            },
            "gtot": -233.086089777256,
            "bmw": 0.30328164060405627
        },
        "CONF1": {
            "xtb_gsolv": {
                "gsolv": -0.0006099480990009454,
                "energy_xtb_gas": -17.718873864928,
                "energy_xtb_solv": -17.719483813027
            },
            "sp": {
                "energy": -233.083408060983
            },
            "gtot": -233.084018009082,
            "bmw": 0.03379860102426167
        }
    },
    "settings": {
        "threshold": 4.0,
        "func": "pbe-d4",
        "basis": "def2-sv(p)",
        "prog": "orca",
        "gfnv": "gfn2",
        "run": true,
        "template": false
    },
    "nconf_in": 6,
    "nconf_out": 5
}