{
    "partname": "screening",
    "runtime": 36.0172303263098,
    "results": {
        "CONF2": {
            "gsolv": {
                "gsolv": -0.0018575884169820256,
                "energy_gas": -233.582830702475,
                "energy_solv": -233.584688290892
            },
            "gtot": -233.584688290892,
            "bmw": 0.489871726077173
        },
        "CONF3": {
            "gsolv": {
                "gsolv": -0.0012384143289807525,
                "energy_gas": -233.583057712149,
                "energy_solv": -233.584296126478
            },
            "gtot": -233.584296126478,
            "bmw": 0.32336963009130887
        },
        "CONF1": {
            "gsolv": {
                "gsolv": -0.002162409401989862,
                "energy_gas": -233.580853022478,
                "energy_solv": -233.58301543188
            },
            "gtot": -233.58301543188,
            "bmw": 0.08329529896422014
        },
        "CONF6": {
            "gsolv": {
                "gsolv": -0.00202012133701146,
                "energy_gas": -233.577495126277,
                "energy_solv": -233.579515247614
            },
            "gtot": -233.579515247614,
            "bmw": 0.0020447827497365348
        },
        "CONF4": {
            "gsolv": {
                "gsolv": -0.0017474207400027808,
                "energy_gas": -233.581453886957,
                "energy_solv": -233.583201307697
            },
            "gtot": -233.583201307697,
            "bmw": 0.10141856211756162
        }
    },
    "settings": {
        "threshold": 3.5,
        "func": "r2scan-3c",
        "basis": "def2-tzvp",
        "prog": "orca",
        "sm": "smd",
        "gfnv": "gfn2",
        "run": true,
        "implicit": false,
        "template": false
    },
    "nconf_in": 5,
    "nconf_out": 5
}