{
   "temperature":     298.150000000000,
   "unit": "hartree",
   "energy":     -20.897992630573,
   "free energy":     -20.768234455867,
   "G(T)":       0.129758174706,
   "ZPVE":       0.162005536547,
   "number of imags":0,
   "point group": "c1",
   "gradient norm":       0.000025786565
}
