{
   "temperature":     298.150000000000,
   "unit": "hartree",
   "energy":     -22.694017837525,
   "free energy":     -22.613423499213,
   "G(T)":       0.080594338311,
   "ZPVE":       0.112495485870,
   "number of imags":0,
   "point group": "c1",
   "gradient norm":       0.000034473690
}
