{
   "temperature":     298.150000000000,
   "unit": "hartree",
   "energy":     -23.958589374305,
   "free energy":     -23.851557428935,
   "G(T)":       0.107031945370,
   "ZPVE":       0.142835671340,
   "number of imags":0,
   "point group": "c1",
   "gradient norm":       0.000084887135
}
