{
   "temperature":     298.150000000000,
   "unit": "hartree",
   "energy":     -24.056167466837,
   "free energy":     -23.900127312435,
   "G(T)":       0.156040154402,
   "ZPVE":       0.189990747119,
   "number of imags":0,
   "point group": "c1",
   "gradient norm":       0.000040991297
}
