{
   "temperature":     298.150000000000,
   "unit": "hartree",
   "energy":     -18.940002184182,
   "free energy":     -18.809585250800,
   "G(T)":       0.130416933382,
   "ZPVE":       0.162792174483,
   "number of imags":0,
   "point group": "c1",
   "gradient norm":       0.000018577103
}
