{
   "temperature":     298.150000000000,
   "unit": "hartree",
   "energy":     -22.696758722008,
   "free energy":     -22.614559824866,
   "G(T)":       0.082198897142,
   "ZPVE":       0.113080579729,
   "number of imags":0,
   "point group": "c1",
   "gradient norm":       0.000044018126
}
