{
   "temperature":     298.150000000000,
   "unit": "hartree",
   "energy":     -23.958559386864,
   "free energy":     -23.850013359587,
   "G(T)":       0.108546027277,
   "ZPVE":       0.143065851016,
   "number of imags":0,
   "point group": "c1",
   "gradient norm":       0.000073150462
}
