{
   "temperature":     298.150000000000,
   "unit": "hartree",
   "energy":     -20.897213404245,
   "free energy":     -20.767286391644,
   "G(T)":       0.129927012601,
   "ZPVE":       0.162044738292,
   "number of imags":0,
   "point group": "c1",
   "gradient norm":       0.000031848439
}
