{
   "temperature":     298.150000000000,
   "unit": "hartree",
   "energy":     -23.158139537152,
   "free energy":     -22.977394323484,
   "G(T)":       0.180745213668,
   "ZPVE":       0.214816370440,
   "number of imags":0,
   "point group": "c1",
   "gradient norm":       0.000021103099
}
