{
   "temperature":     298.150000000000,
   "unit": "hartree",
   "energy":     -18.616424235173,
   "free energy":     -18.538500045089,
   "G(T)":       0.077924190084,
   "ZPVE":       0.108575800857,
   "number of imags":0,
   "point group": "c1",
   "gradient norm":       0.000026987349
}
