{
   "temperature":     298.150000000000,
   "unit": "hartree",
   "energy":     -25.381009364772,
   "free energy":     -25.233675080509,
   "G(T)":       0.147334284263,
   "ZPVE":       0.181441171880,
   "number of imags":0,
   "point group": "c1",
   "gradient norm":       0.000035080953
}
