{
   "temperature":     298.150000000000,
   "unit": "hartree",
   "energy":     -39.112288992491,
   "free energy":     -38.943926539330,
   "G(T)":       0.168362453161,
   "ZPVE":       0.208956518220,
   "number of imags":0,
   "point group": "c1",
   "gradient norm":       0.000035666188
}
