{
   "temperature":     298.150000000000,
   "unit": "hartree",
   "energy":     -23.159234919799,
   "free energy":     -22.978332479120,
   "G(T)":       0.180902440679,
   "ZPVE":       0.214813867372,
   "number of imags":0,
   "point group": "c1",
   "gradient norm":       0.000032327965
}
