{
   "temperature":     298.150000000000,
   "unit": "hartree",
   "energy":     -25.309264492936,
   "free energy":     -25.120600866778,
   "G(T)":       0.188663626158,
   "ZPVE":       0.223351880369,
   "number of imags":0,
   "point group": "c1",
   "gradient norm":       0.000043583758
}
