{
   "temperature":     298.150000000000,
   "unit": "hartree",
   "energy":     -23.957397060635,
   "free energy":     -23.851418769118,
   "G(T)":       0.105978291517,
   "ZPVE":       0.142727651427,
   "number of imags":0,
   "point group": "c1",
   "gradient norm":       0.000047363293
}
