{
    "partname": "prescreening",
    "runtime": 7.578502276912332,
    "results": {
        "CONF2": {
            "xtb_gsolv": {
                "gsolv": -0.004598497220001718,
                "energy_xtb_gas": -31.094919430462,
                "energy_xtb_solv": -31.099517927682
            },
            "sp": {
                "energy": -1310.585780424405
            },
            "gtot": -1310.590378921625,
            "bmw": 0.48031545528559066
        },
        "CONF1": {
            "xtb_gsolv": {
                "gsolv": -0.003958622559000702,
                "energy_xtb_gas": -31.096482456921,
                "energy_xtb_solv": -31.10044107948
            },
            "sp": {
                "energy": -1310.586069184986
            },
            "gtot": -1310.5900278075449,
            "bmw": 0.3311503845626392
        },
        "CONF5": {
            "xtb_gsolv": {
                "gsolv": -0.005144394651999562,
                "energy_xtb_gas": -31.08654411674,
                "energy_xtb_solv": -31.091688511392
            },
            "sp": {
                "energy": -1310.581037181
            },
            "gtot": -1310.586181575652,
            "bmw": 0.005634833069656587
        },
        "CONF3": {
            "xtb_gsolv": {
                "gsolv": -0.006325232262000213,
                "energy_xtb_gas": -31.087588529578,
                "energy_xtb_solv": -31.09391376184
            },
            "sp": {
                "energy": -1310.583025294973
            },
            "gtot": -1310.589350527235,
            "bmw": 0.16162103565510735
        },
        "CONF4": {
            "xtb_gsolv": {
                "gsolv": -0.0036241711800002463,
                "energy_xtb_gas": -31.089502333442,
                "energy_xtb_solv": -31.093126504622
            },
            "sp": {
                "energy": -1310.583811960216
            },
            "gtot": -1310.587436131396,
            "bmw": 0.021278291427006206
        }
    },
    "settings": {
        "threshold": 4.0,
        "func": "pbe-d4",
        "basis": "def2-sv(p)",
        "prog": "orca",
        "gfnv": "gfn2",
        "run": true,
        "template": false
    },
    "nconf_in": 5,
    "nconf_out": 5
}