{
    "partname": "screening",
    "runtime": 44.934802224859595,
    "results": {
        "CONF2": {
            "gsolv": {
                "gsolv": -0.003293319462045474,
                "energy_gas": -1311.944758068058,
                "energy_solv": -1311.94805138752
            },
            "gtot": -1311.94805138752,
            "bmw": 0.4527681903559257
        },
        "CONF1": {
            "gsolv": {
                "gsolv": -0.002929493597093824,
                "energy_gas": -1311.945185735986,
                "energy_solv": -1311.948115229583
            },
            "gtot": -1311.948115229583,
            "bmw": 0.48444137010334126
        },
        "CONF4": {
            "gsolv": {
                "gsolv": -0.00257795748711942,
                "energy_gas": -1311.940679161214,
                "energy_solv": -1311.943257118701
            },
            "gtot": -1311.943257118701,
            "bmw": 0.0028227011313652467
        },
        "CONF3": {
            "gsolv": {
                "gsolv": -0.00568000635394128,
                "energy_gas": -1311.940454759563,
                "energy_solv": -1311.946134765917
            },
            "gtot": -1311.946134765917,
            "bmw": 0.05946904907723764
        },
        "CONF5": {
            "gsolv": {
                "gsolv": -0.004080097269024918,
                "energy_gas": -1311.937540310712,
                "energy_solv": -1311.941620407981
            },
            "gtot": -1311.941620407981,
            "bmw": 0.0004986893321303873
        }
    },
    "settings": {
        "threshold": 3.5,
        "func": "r2scan-3c",
        "basis": "def2-tzvp",
        "prog": "orca",
        "sm": "smd",
        "gfnv": "gfn2",
        "run": true,
        "implicit": false,
        "template": false
    },
    "nconf_in": 5,
    "nconf_out": 5
}