{
   "temperature":     298.150000000000,
   "unit": "hartree",
   "energy":     -23.958592052127,
   "free energy":     -23.851382900389,
   "G(T)":       0.107209151738,
   "ZPVE":       0.142854923221,
   "number of imags":0,
   "point group": "c1",
   "gradient norm":       0.000043627734
}
