{
   "temperature":     298.150000000000,
   "unit": "hartree",
   "energy":     -20.897511070929,
   "free energy":     -20.767383291029,
   "G(T)":       0.130127779900,
   "ZPVE":       0.162026067940,
   "number of imags":0,
   "point group": "cs",
   "gradient norm":       0.000035892748
}
