{
   "temperature":     298.150000000000,
   "unit": "hartree",
   "energy":     -19.865740478700,
   "free energy":     -19.759457764795,
   "G(T)":       0.106282713905,
   "ZPVE":       0.138498487560,
   "number of imags":0,
   "point group": "c2",
   "gradient norm":       0.000022838913
}
