{
   "temperature":     298.150000000000,
   "unit": "hartree",
   "energy":     -24.064819902358,
   "free energy":     -23.908406370328,
   "G(T)":       0.156413532030,
   "ZPVE":       0.189987621545,
   "number of imags":0,
   "point group": "c1",
   "gradient norm":       0.000044412485
}
