{
   "temperature":     298.150000000000,
   "unit": "hartree",
   "energy":     -20.891358506615,
   "free energy":     -20.761757133749,
   "G(T)":       0.129601372865,
   "ZPVE":       0.161997127185,
   "number of imags":0,
   "point group": "c1",
   "gradient norm":       0.000049880499
}
