{
    "partname": "prescreening",
    "runtime": 12.598758461885154,
    "results": {
        "CONF3": {
            "xtb_gsolv": {
                "gsolv": -0.003264326598998224,
                "energy_xtb_gas": -26.190036276208,
                "energy_xtb_solv": -26.193300602807
            },
            "sp": {
                "energy": -349.569376665714
            },
            "gtot": -349.572640992313,
            "bmw": 0.13935119249433572
        },
        "CONF7": {
            "xtb_gsolv": {
                "gsolv": -0.0031989824249976095,
                "energy_xtb_gas": -26.188834675007,
                "energy_xtb_solv": -26.192033657432
            },
            "sp": {
                "energy": -349.566263563128
            },
            "gtot": -349.569462545553,
            "bmw": 0.0048097929311452054
        },
        "CONF1": {
            "xtb_gsolv": {
                "gsolv": -0.0029239666140021825,
                "energy_xtb_gas": -26.192034506648,
                "energy_xtb_solv": -26.194958473262
            },
            "sp": {
                "energy": -349.571184405261
            },
            "gtot": -349.574108371875,
            "bmw": 0.6592627953629269
        },
        "CONF4": {
            "xtb_gsolv": {
                "gsolv": -0.0031703407229990432,
                "energy_xtb_gas": -26.189999353087,
                "energy_xtb_solv": -26.19316969381
            },
            "sp": {
                "energy": -349.569025376758
            },
            "gtot": -349.572195717481,
            "bmw": 0.08695577779785552
        },
        "CONF2": {
            "xtb_gsolv": {
                "gsolv": -0.0030443905360009182,
                "energy_xtb_gas": -26.191135740806,
                "energy_xtb_solv": -26.194180131342
            },
            "sp": {
                "energy": -349.568803005889
            },
            "gtot": -349.57184739642497,
            "bmw": 0.06012870474601243
        },
        "CONF5": {
            "xtb_gsolv": {
                "gsolv": -0.002661408383996644,
                "energy_xtb_gas": -26.190334547249,
                "energy_xtb_solv": -26.192995955633
            },
            "sp": {
                "energy": -349.568406040072
            },
            "gtot": -349.57106744845595,
            "bmw": 0.026322711020675193
        },
        "CONF6": {
            "xtb_gsolv": {
                "gsolv": -0.0032875211479996835,
                "energy_xtb_gas": -26.189068391043,
                "energy_xtb_solv": -26.192355912191
            },
            "sp": {
                "energy": -349.566967261477
            },
            "gtot": -349.570254782625,
            "bmw": 0.011130898140610782
        },
        "CONF9": {
            "xtb_gsolv": {
                "gsolv": -0.0031333468339980186,
                "energy_xtb_gas": -26.188391616922,
                "energy_xtb_solv": -26.191524963756
            },
            "sp": {
                "energy": -349.566411858771
            },
            "gtot": -349.569545205605,
            "bmw": 0.005249855766038671
        },
        "CONF10": {
            "xtb_gsolv": {
                "gsolv": -0.0035871758339993676,
                "energy_xtb_gas": -26.185090529173,
                "energy_xtb_solv": -26.188677705007
            },
            "sp": {
                "energy": -349.562264804452
            },
            "gtot": -349.565851980286,
            "bmw": 0.00010504643426397695
        },
        "CONF8": {
            "xtb_gsolv": {
                "gsolv": -0.003184470276998752,
                "energy_xtb_gas": -26.188745223197,
                "energy_xtb_solv": -26.191929693474
            },
            "sp": {
                "energy": -349.566588661388
            },
            "gtot": -349.569773131665,
            "bmw": 0.00668322530613551
        }
    },
    "settings": {
        "threshold": 4.0,
        "func": "pbe-d4",
        "basis": "def2-sv(p)",
        "prog": "orca",
        "gfnv": "gfn2",
        "run": true,
        "template": false
    },
    "nconf_in": 10,
    "nconf_out": 9
}