{
    "partname": "screening",
    "runtime": 80.5764302155003,
    "results": {
        "CONF5": {
            "gsolv": {
                "gsolv": -0.004132944705986574,
                "energy_gas": -350.302441333383,
                "energy_solv": -350.306574278089
            },
            "gtot": -350.306574278089,
            "bmw": 0.013295899265842423
        },
        "CONF1": {
            "gsolv": {
                "gsolv": -0.004512868763015376,
                "energy_gas": -350.305636682329,
                "energy_solv": -350.310149551092
            },
            "gtot": -350.310149551092,
            "bmw": 0.5864479371469068
        },
        "CONF4": {
            "gsolv": {
                "gsolv": -0.004839524774979509,
                "energy_gas": -350.303677458713,
                "energy_solv": -350.308516983488
            },
            "gtot": -350.308516983488,
            "bmw": 0.10406395922756936
        },
        "CONF3": {
            "gsolv": {
                "gsolv": -0.004940897761969154,
                "energy_gas": -350.303981962892,
                "energy_solv": -350.308922860654
            },
            "gtot": -350.308922860654,
            "bmw": 0.15995245809125397
        },
        "CONF8": {
            "gsolv": {
                "gsolv": -0.004831362910010739,
                "energy_gas": -350.301081242927,
                "energy_solv": -350.305912605837
            },
            "gtot": -350.305912605837,
            "bmw": 0.006597350345135161
        },
        "CONF9": {
            "gsolv": {
                "gsolv": -0.004619746358002885,
                "energy_gas": -350.300587587797,
                "energy_solv": -350.305207334155
            },
            "gtot": -350.305207334155,
            "bmw": 0.0031258420496399677
        },
        "CONF7": {
            "gsolv": {
                "gsolv": -0.004972473280986378,
                "energy_gas": -350.30065640491,
                "energy_solv": -350.305628878191
            },
            "gtot": -350.305628878191,
            "bmw": 0.004884992080363166
        },
        "CONF6": {
            "gsolv": {
                "gsolv": -0.0051937452140009555,
                "energy_gas": -350.301595762052,
                "energy_solv": -350.306789507266
            },
            "gtot": -350.306789507266,
            "bmw": 0.016699992832342483
        },
        "CONF2": {
            "gsolv": {
                "gsolv": -0.00505576234502314,
                "energy_gas": -350.303469060428,
                "energy_solv": -350.308524822773
            },
            "gtot": -350.308524822773,
            "bmw": 0.10493156896094674
        }
    },
    "settings": {
        "threshold": 3.5,
        "func": "r2scan-3c",
        "basis": "def2-tzvp",
        "prog": "orca",
        "sm": "smd",
        "gfnv": "gfn2",
        "run": true,
        "implicit": false,
        "template": false
    },
    "nconf_in": 9,
    "nconf_out": 9
}