{
   "temperature":     298.150000000000,
   "unit": "hartree",
   "energy":     -22.691350925168,
   "free energy":     -22.611621294125,
   "G(T)":       0.079729631043,
   "ZPVE":       0.112156078636,
   "number of imags":0,
   "point group": "c1",
   "gradient norm":       0.000110280616
}
