{
   "temperature":     298.150000000000,
   "unit": "hartree",
   "energy":     -25.308338658372,
   "free energy":     -25.119013153271,
   "G(T)":       0.189325505101,
   "ZPVE":       0.223589191501,
   "number of imags":0,
   "point group": "c1",
   "gradient norm":       0.000053904767
}
