{
   "temperature":     298.150000000000,
   "unit": "hartree",
   "energy":     -24.062446393774,
   "free energy":     -23.906085082712,
   "G(T)":       0.156361311063,
   "ZPVE":       0.189981774798,
   "number of imags":0,
   "point group": "c1",
   "gradient norm":       0.000034727954
}
