{
   "temperature":     298.150000000000,
   "unit": "hartree",
   "energy":     -22.692265333561,
   "free energy":     -22.611608503715,
   "G(T)":       0.080656829846,
   "ZPVE":       0.112487747577,
   "number of imags":0,
   "point group": "c1",
   "gradient norm":       0.000074166401
}
