{
   "temperature":     298.150000000000,
   "unit": "hartree",
   "energy":     -23.958452804637,
   "free energy":     -23.849437834488,
   "G(T)":       0.109014970149,
   "ZPVE":       0.143460127583,
   "number of imags":0,
   "point group": "c1",
   "gradient norm":       0.000038569979
}
