{
   "temperature":     298.150000000000,
   "unit": "hartree",
   "energy":     -19.865738898310,
   "free energy":     -19.759525421662,
   "G(T)":       0.106213476649,
   "ZPVE":       0.138486910878,
   "number of imags":0,
   "point group": "c2",
   "gradient norm":       0.000038957585
}
