{
   "temperature":     298.150000000000,
   "unit": "hartree",
   "energy":     -20.889668287548,
   "free energy":     -20.759011100935,
   "G(T)":       0.130657186613,
   "ZPVE":       0.162351188273,
   "number of imags":0,
   "point group": "c1",
   "gradient norm":       0.000027873757
}
