{
   "temperature":     298.150000000000,
   "unit": "hartree",
   "energy":     -25.310510892919,
   "free energy":     -25.122177105997,
   "G(T)":       0.188333786923,
   "ZPVE":       0.223329165869,
   "number of imags":0,
   "point group": "c1",
   "gradient norm":       0.000048692250
}
