{
   "temperature":     298.150000000000,
   "unit": "hartree",
   "energy":     -24.061754639722,
   "free energy":     -23.905609550856,
   "G(T)":       0.156145088866,
   "ZPVE":       0.189549898079,
   "number of imags":0,
   "point group": "c1",
   "gradient norm":       0.000046785075
}
