{
   "temperature":     298.150000000000,
   "unit": "hartree",
   "energy":     -39.986289411106,
   "free energy":     -39.869011177221,
   "G(T)":       0.117278233885,
   "ZPVE":       0.159165688214,
   "number of imags":0,
   "point group": "cs",
   "gradient norm":       0.000032473019
}
