{
    "partname": "prescreening",
    "runtime": 11.93815121985972,
    "results": {
        "CONF3": {
            "xtb_gsolv": {
                "gsolv": -0.003807774311997747,
                "energy_xtb_gas": -30.33517760958,
                "energy_xtb_solv": -30.338985383892
            },
            "sp": {
                "energy": -460.290795659109
            },
            "gtot": -460.294603433421,
            "bmw": 0.008100609268179603
        },
        "CONF2": {
            "xtb_gsolv": {
                "gsolv": -0.002852068448998324,
                "energy_xtb_gas": -30.338953284849,
                "energy_xtb_solv": -30.341805353298
            },
            "sp": {
                "energy": -460.289979248828
            },
            "gtot": -460.292831317277,
            "bmw": 0.001239940031354714
        },
        "CONF4": {
            "xtb_gsolv": {
                "gsolv": -0.0029397664439976268,
                "energy_xtb_gas": -30.333113001324,
                "energy_xtb_solv": -30.336052767768
            },
            "sp": {
                "energy": -460.288449593535
            },
            "gtot": -460.291389359979,
            "bmw": 0.00026924412484169067
        },
        "CONF1": {
            "xtb_gsolv": {
                "gsolv": -0.003455655730999041,
                "energy_xtb_gas": -30.340326031119,
                "energy_xtb_solv": -30.34378168685
            },
            "sp": {
                "energy": -460.295685675813
            },
            "gtot": -460.299141331544,
            "bmw": 0.9903902065756242
        }
    },
    "settings": {
        "threshold": 4.0,
        "func": "pbe-d4",
        "basis": "def2-sv(p)",
        "prog": "orca",
        "gfnv": "gfn2",
        "run": true,
        "template": false
    },
    "nconf_in": 4,
    "nconf_out": 3
}