{
    "partname": "screening",
    "runtime": 77.57999365031719,
    "results": {
        "CONF1": {
            "gsolv": {
                "gsolv": -0.006811880127997938,
                "energy_gas": -461.178726884851,
                "energy_solv": -461.185538764979
            },
            "gtot": -461.185538764979,
            "bmw": 0.9934438654069045
        },
        "CONF2": {
            "gsolv": {
                "gsolv": -0.0033297445950211113,
                "energy_gas": -461.172660909784,
                "energy_solv": -461.175990654379
            },
            "gtot": -461.175990654379,
            "bmw": 4.03010593696708e-05
        },
        "CONF3": {
            "gsolv": {
                "gsolv": -0.006465216629010229,
                "energy_gas": -461.1743271908,
                "energy_solv": -461.180792407429
            },
            "gtot": -461.180792407429,
            "bmw": 0.006515833533725815
        }
    },
    "settings": {
        "threshold": 3.5,
        "func": "r2scan-3c",
        "basis": "def2-tzvp",
        "prog": "orca",
        "sm": "smd",
        "gfnv": "gfn2",
        "run": true,
        "implicit": false,
        "template": false
    },
    "nconf_in": 3,
    "nconf_out": 3
}