{
   "temperature":     298.150000000000,
   "unit": "hartree",
   "energy":     -24.062867811070,
   "free energy":     -23.906489518635,
   "G(T)":       0.156378292435,
   "ZPVE":       0.189628962663,
   "number of imags":0,
   "point group": "c1",
   "gradient norm":       0.000057669879
}
