{
   "temperature":     298.150000000000,
   "unit": "hartree",
   "energy":     -24.058009444690,
   "free energy":     -23.904049696055,
   "G(T)":       0.153959748634,
   "ZPVE":       0.188695154268,
   "number of imags":0,
   "point group": "c1",
   "gradient norm":       0.000036760451
}
