{
   "temperature":     298.150000000000,
   "unit": "hartree",
   "energy":     -39.649128584464,
   "free energy":     -39.538269949389,
   "G(T)":       0.110858635075,
   "ZPVE":       0.150494636035,
   "number of imags":0,
   "point group": "c1",
   "gradient norm":       0.000173882367
}
