{
   "temperature":     298.150000000000,
   "unit": "hartree",
   "energy":     -44.044460523349,
   "free energy":     -43.877671229843,
   "G(T)":       0.166789293506,
   "ZPVE":       0.211422242338,
   "number of imags":0,
   "point group": "c1",
   "gradient norm":       0.000140752216
}
