{
   "temperature":     298.150000000000,
   "unit": "hartree",
   "energy":     -18.940008480176,
   "free energy":     -18.809666805051,
   "G(T)":       0.130341675125,
   "ZPVE":       0.162778989092,
   "number of imags":0,
   "point group": "c1",
   "gradient norm":       0.000031478566
}
