{
    "partname": "prescreening",
    "runtime": 23.849656840786338,
    "results": {
        "CONF7": {
            "xtb_gsolv": {
                "gsolv": -0.004964453254999057,
                "energy_xtb_gas": -20.889659598727,
                "energy_xtb_solv": -20.894624051982
            },
            "sp": {
                "energy": -272.305315400949
            },
            "gtot": -272.310279854204,
            "bmw": 0.07597690658404659
        },
        "CONF6": {
            "xtb_gsolv": {
                "gsolv": -0.005023654832001512,
                "energy_xtb_gas": -20.890050932668,
                "energy_xtb_solv": -20.8950745875
            },
            "sp": {
                "energy": -272.306260855653
            },
            "gtot": -272.31128451048505,
            "bmw": 0.22018691608941499
        },
        "CONF5": {
            "xtb_gsolv": {
                "gsolv": -0.004181060206001064,
                "energy_xtb_gas": -20.890963326644,
                "energy_xtb_solv": -20.89514438685
            },
            "sp": {
                "energy": -272.304299313746
            },
            "gtot": -272.308480373952,
            "bmw": 0.01129738646820526
        },
        "CONF16": {
            "xtb_gsolv": {
                "gsolv": -0.004956344991999373,
                "energy_xtb_gas": -20.888678720193,
                "energy_xtb_solv": -20.893635065185
            },
            "sp": {
                "energy": -272.304247499679
            },
            "gtot": -272.309203844671,
            "bmw": 0.024308126149506504
        },
        "CONF15": {
            "xtb_gsolv": {
                "gsolv": -0.004955559134998566,
                "energy_xtb_gas": -20.888722965907,
                "energy_xtb_solv": -20.893678525042
            },
            "sp": {
                "energy": -272.304439978128
            },
            "gtot": -272.309395537263,
            "bmw": 0.029779950425310592
        },
        "CONF12": {
            "xtb_gsolv": {
                "gsolv": -0.004527221901000189,
                "energy_xtb_gas": -20.889219565993,
                "energy_xtb_solv": -20.893746787894
            },
            "sp": {
                "energy": -272.301299359579
            },
            "gtot": -272.30582658148,
            "bmw": 0.0006797010544137748
        },
        "CONF9": {
            "xtb_gsolv": {
                "gsolv": -0.004857879224999806,
                "energy_xtb_gas": -20.889373496585,
                "energy_xtb_solv": -20.89423137581
            },
            "sp": {
                "energy": -272.305385032868
            },
            "gtot": -272.31024291209303,
            "bmw": 0.07306163930171974
        },
        "CONF8": {
            "xtb_gsolv": {
                "gsolv": -0.003699344817000849,
                "energy_xtb_gas": -20.890537678112,
                "energy_xtb_solv": -20.894237022929
            },
            "sp": {
                "energy": -272.304885358429
            },
            "gtot": -272.30858470324597,
            "bmw": 0.012617291566607135
        },
        "CONF21": {
            "xtb_gsolv": {
                "gsolv": -0.004899864799000397,
                "energy_xtb_gas": -20.887698772813,
                "energy_xtb_solv": -20.892598637612
            },
            "sp": {
                "energy": -272.301526505934
            },
            "gtot": -272.306426370733,
            "bmw": 0.00128292687551583
        },
        "CONF4": {
            "xtb_gsolv": {
                "gsolv": -0.004456793361001132,
                "energy_xtb_gas": -20.890860835548,
                "energy_xtb_solv": -20.895317628909
            },
            "sp": {
                "energy": -272.304714203006
            },
            "gtot": -272.30917099636696,
            "bmw": 0.023476984190762242
        },
        "CONF19": {
            "xtb_gsolv": {
                "gsolv": -0.00494664313599813,
                "energy_xtb_gas": -20.888307340672,
                "energy_xtb_solv": -20.893253983808
            },
            "sp": {
                "energy": -272.303918149892
            },
            "gtot": -272.308864793028,
            "bmw": 0.01697455981371396
        },
        "CONF11": {
            "xtb_gsolv": {
                "gsolv": -0.004988500178999544,
                "energy_xtb_gas": -20.888933725979,
                "energy_xtb_solv": -20.893922226158
            },
            "sp": {
                "energy": -272.304832644182
            },
            "gtot": -272.309821144361,
            "bmw": 0.04674010508347262
        },
        "CONF3": {
            "xtb_gsolv": {
                "gsolv": -0.004321646110000188,
                "energy_xtb_gas": -20.891543778493,
                "energy_xtb_solv": -20.895865424603
            },
            "sp": {
                "energy": -272.305763884735
            },
            "gtot": -272.31008553084496,
            "bmw": 0.06184421042223169
        },
        "CONF17": {
            "xtb_gsolv": {
                "gsolv": -0.004554278139000445,
                "energy_xtb_gas": -20.888876882016,
                "energy_xtb_solv": -20.893431160155
            },
            "sp": {
                "energy": -272.302063206581
            },
            "gtot": -272.30661748472,
            "bmw": 0.0015707542814441902
        },
        "CONF14": {
            "xtb_gsolv": {
                "gsolv": -0.004011309835998844,
                "energy_xtb_gas": -20.889675853875,
                "energy_xtb_solv": -20.893687163711
            },
            "sp": {
                "energy": -272.305861824015
            },
            "gtot": -272.309873133851,
            "bmw": 0.04938592522792993
        },
        "CONF1": {
            "xtb_gsolv": {
                "gsolv": -0.004392649530000625,
                "energy_xtb_gas": -20.892386385818,
                "energy_xtb_solv": -20.896779035348
            },
            "sp": {
                "energy": -272.306528655736
            },
            "gtot": -272.310921305266,
            "bmw": 0.14987481923190926
        },
        "CONF10": {
            "xtb_gsolv": {
                "gsolv": -0.004985123590998342,
                "energy_xtb_gas": -20.888972413979,
                "energy_xtb_solv": -20.89395753757
            },
            "sp": {
                "energy": -272.305406643707
            },
            "gtot": -272.310391767298,
            "bmw": 0.08553779822653
        },
        "CONF20": {
            "xtb_gsolv": {
                "gsolv": -0.003985493533001261,
                "energy_xtb_gas": -20.888653223496,
                "energy_xtb_solv": -20.892638717029
            },
            "sp": {
                "energy": -272.304655067109
            },
            "gtot": -272.308640560642,
            "bmw": 0.013386244797160418
        },
        "CONF2": {
            "xtb_gsolv": {
                "gsolv": -0.004562199418998603,
                "energy_xtb_gas": -20.89161690926,
                "energy_xtb_solv": -20.896179108679
            },
            "sp": {
                "energy": -272.305273934768
            },
            "gtot": -272.30983613418704,
            "bmw": 0.0474880708443954
        },
        "CONF13": {
            "xtb_gsolv": {
                "gsolv": -0.004523832553001483,
                "energy_xtb_gas": -20.889222758869,
                "energy_xtb_solv": -20.893746591422
            },
            "sp": {
                "energy": -272.301254706469
            },
            "gtot": -272.305778539022,
            "bmw": 0.0006459812947581363
        },
        "CONF24": {
            "xtb_gsolv": {
                "gsolv": -0.004930185648998275,
                "energy_xtb_gas": -20.886833837644,
                "energy_xtb_solv": -20.891764023293
            },