{
    "partname": "screening",
    "runtime": 144.87028240039945,
    "results": {
        "CONF7": {
            "gsolv": {
                "gsolv": -0.006443549625998912,
                "energy_gas": -272.902736980138,
                "energy_solv": -272.909180529764
            },
            "gtot": -272.909180529764,
            "bmw": 0.0760367114706901
        },
        "CONF19": {
            "gsolv": {
                "gsolv": -0.005067356330982875,
                "energy_gas": -272.900608687091,
                "energy_solv": -272.905676043422
            },
            "gtot": -272.905676043422,
            "bmw": 0.0018581090093238832
        },
        "CONF1": {
            "gsolv": {
                "gsolv": -0.006086975942992012,
                "energy_gas": -272.903537734273,
                "energy_solv": -272.909624710216
            },
            "gtot": -272.909624710216,
            "bmw": 0.12171166153268975
        },
        "CONF6": {
            "gsolv": {
                "gsolv": -0.005815414960977705,
                "energy_gas": -272.903610246679,
                "energy_solv": -272.90942566164
            },
            "gtot": -272.90942566164,
            "bmw": 0.09857713317007669
        },
        "CONF9": {
            "gsolv": {
                "gsolv": -0.0064989245170181675,
                "energy_gas": -272.903013459057,
                "energy_solv": -272.909512383574
            },
            "gtot": -272.909512383574,
            "bmw": 0.10806013661799449
        },
        "CONF4": {
            "gsolv": {
                "gsolv": -0.006610640596989015,
                "energy_gas": -272.902046459112,
                "energy_solv": -272.908657099709
            },
            "gtot": -272.908657099709,
            "bmw": 0.0436779418816073
        },
        "CONF22": {
            "gsolv": {
                "gsolv": -0.005275709580018884,
                "energy_gas": -272.899990690209,
                "energy_solv": -272.905266399789
            },
            "gtot": -272.905266399789,
            "bmw": 0.0012040600880301048
        },
        "CONF32": {
            "gsolv": {
                "gsolv": -0.006202798331003123,
                "energy_gas": -272.90027125326,
                "energy_solv": -272.906474051591
            },
            "gtot": -272.906474051591,
            "bmw": 0.004326428578767029
        },
        "CONF2": {
            "gsolv": {
                "gsolv": -0.00646651110497487,
                "energy_gas": -272.902683545592,
                "energy_solv": -272.909150056697
            },
            "gtot": -272.909150056697,
            "bmw": 0.07362184300623367
        },
        "CONF11": {
            "gsolv": {
                "gsolv": -0.005807166116028384,
                "energy_gas": -272.902389563468,
                "energy_solv": -272.908196729584
            },
            "gtot": -272.908196729584,
            "bmw": 0.02682295163389792
        },
        "CONF14": {
            "gsolv": {
                "gsolv": -0.0062527403269996285,
                "energy_gas": -272.903382036346,
                "energy_solv": -272.909634776673
            },
            "gtot": -272.909634776673,
            "bmw": 0.12301623780110277
        },
        "CONF15": {
            "gsolv": {
                "gsolv": -0.006627149670009658,
                "energy_gas": -272.901995902359,
                "energy_solv": -272.908623052029
            },
            "gtot": -272.908623052029,
            "bmw": 0.04213095633567506
        },
        "CONF16": {
            "gsolv": {
                "gsolv": -0.00656758588803541,
                "energy_gas": -272.901619846109,
                "energy_solv": -272.908187431997
            },
            "gtot": -272.908187431997,
            "bmw": 0.026560116309109705
        },
        "CONF5": {
            "gsolv": {
                "gsolv": -0.00517574577401092,
                "energy_gas": -272.900685252968,
                "energy_solv": -272.905860998742
            },
            "gtot": -272.905860998742,
            "bmw": 0.0022601889504667468
        },
        "CONF8": {
            "gsolv": {
                "gsolv": -0.00658780604101139,
                "energy_gas": -272.902350643275,
                "energy_solv": -272.908938449316
            },
            "gtot": -272.908938449316,
            "bmw": 0.05884018469951482
        },
        "CONF3": {
            "gsolv": {
                "gsolv": -0.005946300430991869,
                "energy_gas": -272.90268259624,
                "energy_solv": -272.908628896671
            },
            "gtot": -272.908628896671,
            "bmw": 0.042392562252033764
        },
        "CONF10": {
            "gsolv": {
                "gsolv": -0.005786532483000428,
                "energy_gas": -272.902660686476,
                "energy_solv": -272.908447218959
            },
            "gtot": -272.908447218959,
            "bmw": 0.03497226040986696
        },
        "CONF18": {
            "gsolv": {
                "gsolv": -0.006571621201999278,
                "energy_gas": -272.902127447347,
                "energy_solv": -272.908699068549
            },
            "gtot": -272.908699068549,
            "bmw": 0.04566321612853167
        },
        "CONF20": {
            "gsolv": {
                "gsolv": -0.006488778543030094,
                "energy_gas": -272.902134363288,
                "energy_solv": -272.908623141831
            },
            "gtot": -272.908623141831,
            "bmw": 0.04213496363311222
        },
        "CONF26": {
            "gsolv": {
                "gsolv": -0.0065258069290052845,
                "energy_gas": -272.899760129989,
                "energy_solv": -272.906285936918
            },
            "gtot": -272.906285936918,
            "bmw": 0.003544890124748459
        },
        "CONF31": {
            "gsolv": {
                "gsolv": -0.0059008661010011565,
                "energy_gas": -272.899234946265,
                "energy_solv": -272.905135812366
            },
            "gtot": -272.905135812366,
            "bmw": 0.0010485330013966896
        },
        "CONF21": {
            "gsolv": {
                "gsolv": -0.006216084150025836,
                "energy_gas": -272.899017093672,
                "energy_solv": -272.905233177822
            },
            "gtot": -272.905233177822,
            "bmw": 0.001162430813579086
        },
        "CONF23": {
            "gsolv": {
                "gsolv": -0.0065949520370054415,
                "energy_gas": -272.899435337275,
                "energy_solv": -272.906030289312
            },
            "gtot": -272.906030289312,
            "bmw": 0.0027040394260795637
        },
        "CONF27": {
            "gsolv": {
                "gsolv": -0.005858431002991438,
                "energy_gas": -272.899478042059,
                "energy_solv": -272.905336473062
            },
            "gtot": -272.905336473062,
            "bmw": 0.001296819807302512
        },
        "CONF17": {
            "gsolv": {
                "gsolv": -0.006550372521019199,
                "energy_gas": -272.89942585769,
                "energy_solv": -272.905976230211
            },
            "gtot": -272.905976230211,
            "bmw": 0.0025535687462858022
        },
        "CONF12": {
            "gsolv": {
                "gsolv": -0.006459700273978797,
                "energy_gas": -272.898580284509,
                "energy_solv": -272.905039984783
            },
            "gtot": -272.905039984783,
            "bmw": 0.0009473369281379027
        },
        "CONF30": {
            "gsolv": {
                "gsolv": -0.0062142589089830835,
                "energy_gas": -272.900123388478,
                "energy_solv": -272.906337647387
            },
            "gtot": -272.906337647387,
            "bmw": 0.003744449242334718
        },