{
   "temperature":     298.150000000000,
   "unit": "hartree",
   "energy":     -23.957973401213,
   "free energy":     -23.850149698173,
   "G(T)":       0.107823703040,
   "ZPVE":       0.143221227911,
   "number of imags":0,
   "point group": "c1",
   "gradient norm":       0.000094152996
}
