{
   "temperature":     298.150000000000,
   "unit": "hartree",
   "energy":     -24.060013747249,
   "free energy":     -23.903953010094,
   "G(T)":       0.156060737155,
   "ZPVE":       0.189836148802,
   "number of imags":0,
   "point group": "c1",
   "gradient norm":       0.000143705023
}
