{
   "temperature":     298.150000000000,
   "unit": "hartree",
   "energy":     -34.258403762472,
   "free energy":     -34.144398773397,
   "G(T)":       0.114004989075,
   "ZPVE":       0.154430187255,
   "number of imags":0,
   "point group": "c1",
   "gradient norm":       0.000073782086
}
