{
   "temperature":     298.150000000000,
   "unit": "hartree",
   "energy":     -20.783766831903,
   "free energy":     -20.698957256943,
   "G(T)":       0.084809574960,
   "ZPVE":       0.115392901731,
   "number of imags":0,
   "point group": "cs",
   "gradient norm":       0.000059493078
}
