{
   "temperature":     298.150000000000,
   "unit": "hartree",
   "energy":     -24.058431000322,
   "free energy":     -23.903700549432,
   "G(T)":       0.154730450890,
   "ZPVE":       0.188665968473,
   "number of imags":0,
   "point group": "c2",
   "gradient norm":       0.000030534623
}
