{
    "partname": "prescreening",
    "runtime": 17.117863253690302,
    "results": {
        "CONF15": {
            "xtb_gsolv": {
                "gsolv": -0.004135948213001228,
                "energy_xtb_gas": -20.886957675527,
                "energy_xtb_solv": -20.89109362374
            },
            "sp": {
                "energy": -272.299055829904
            },
            "gtot": -272.30319177811697,
            "bmw": 0.003293878414540756
        },
        "CONF3": {
            "xtb_gsolv": {
                "gsolv": -0.0048802215269994065,
                "energy_xtb_gas": -20.888125977546,
                "energy_xtb_solv": -20.893006199073
            },
            "sp": {
                "energy": -272.300748357016
            },
            "gtot": -272.305628578543,
            "bmw": 0.04350690344286454
        },
        "CONF8": {
            "xtb_gsolv": {
                "gsolv": -0.004027756148001771,
                "energy_xtb_gas": -20.887712361572,
                "energy_xtb_solv": -20.89174011772
            },
            "sp": {
                "energy": -272.300388364517
            },
            "gtot": -272.304416120665,
            "bmw": 0.012046646153490232
        },
        "CONF13": {
            "xtb_gsolv": {
                "gsolv": -0.005813021226000359,
                "energy_xtb_gas": -20.885779886303,
                "energy_xtb_solv": -20.891592907529
            },
            "sp": {
                "energy": -272.30014722688
            },
            "gtot": -272.305960248106,
            "bmw": 0.06181809430798821
        },
        "CONF6": {
            "xtb_gsolv": {
                "gsolv": -0.004791054298998176,
                "energy_xtb_gas": -20.887256132011,
                "energy_xtb_solv": -20.89204718631
            },
            "sp": {
                "energy": -272.30015967096
            },
            "gtot": -272.304950725259,
            "bmw": 0.021221068427067374
        },
        "CONF14": {
            "xtb_gsolv": {
                "gsolv": -0.003896382336002091,
                "energy_xtb_gas": -20.887577166843,
                "energy_xtb_solv": -20.891473549179
            },
            "sp": {
                "energy": -272.301111272594
            },
            "gtot": -272.30500765493,
            "bmw": 0.022539956927782833
        },
        "CONF4": {
            "xtb_gsolv": {
                "gsolv": -0.004724277958001011,
                "energy_xtb_gas": -20.88781655084,
                "energy_xtb_solv": -20.892540828798
            },
            "sp": {
                "energy": -272.299678071132
            },
            "gtot": -272.30440234909,
            "bmw": 0.011872212679370428
        },
        "CONF11": {
            "xtb_gsolv": {
                "gsolv": -0.004048377405997172,
                "energy_xtb_gas": -20.887627223607,
                "energy_xtb_solv": -20.891675601013
            },
            "sp": {
                "energy": -272.30077012602
            },
            "gtot": -272.30481850342596,
            "bmw": 0.018448005201709004
        },
        "CONF5": {
            "xtb_gsolv": {
                "gsolv": -0.005839761196998694,
                "energy_xtb_gas": -20.886273518642,
                "energy_xtb_solv": -20.892113279839
            },
            "sp": {
                "energy": -272.300802316607
            },
            "gtot": -272.30664207780404,
            "bmw": 0.12727279007654474
        },
        "CONF9": {
            "xtb_gsolv": {
                "gsolv": -0.005809700522998895,
                "energy_xtb_gas": -20.885872254344,
                "energy_xtb_solv": -20.891681954867
            },
            "sp": {
                "energy": -272.300696516683
            },
            "gtot": -272.306506217206,
            "bmw": 0.11021584012858
        },
        "CONF7": {
            "xtb_gsolv": {
                "gsolv": -0.004783103733998928,
                "energy_xtb_gas": -20.887130300389,
                "energy_xtb_solv": -20.891913404123
            },
            "sp": {
                "energy": -272.300762542781
            },
            "gtot": -272.305545646515,
            "bmw": 0.03984850949528081
        },
        "CONF1": {
            "xtb_gsolv": {
                "gsolv": -0.004879383991998054,
                "energy_xtb_gas": -20.888726294973,
                "energy_xtb_solv": -20.893605678965
            },
            "sp": {
                "energy": -272.301716116975
            },
            "gtot": -272.306595500967,
            "bmw": 0.121146731848437
        },
        "CONF12": {
            "xtb_gsolv": {
                "gsolv": -0.003971891507998038,
                "energy_xtb_gas": -20.887701074529,
                "energy_xtb_solv": -20.891672966037
            },
            "sp": {
                "energy": -272.301002347727
            },
            "gtot": -272.304974239235,
            "bmw": 0.02175619416314427
        },
        "CONF2": {
            "xtb_gsolv": {
                "gsolv": -0.004845506828999646,
                "energy_xtb_gas": -20.8882851932,
                "energy_xtb_solv": -20.893130700029
            },
            "sp": {
                "energy": -272.301500865563
            },
            "gtot": -272.306346372392,
            "bmw": 0.09305088121577244
        },
        "CONF10": {
            "xtb_gsolv": {
                "gsolv": -0.003931634523997474,
                "energy_xtb_gas": -20.88774716405,
                "energy_xtb_solv": -20.891678798574
            },
            "sp": {
                "energy": -272.301290980712
            },
            "gtot": -272.305222615236,
            "bmw": 0.0283027071913479
        },
        "CONF16": {
            "xtb_gsolv": {
                "gsolv": -0.0036695312080006204,
                "energy_xtb_gas": -20.887365001781,
                "energy_xtb_solv": -20.891034532989
            },
            "sp": {
                "energy": -272.301304660338
            },
            "gtot": -272.304974191546,
            "bmw": 0.021755095326232408
        },
        "CONF17": {
            "xtb_gsolv": {
                "gsolv": -0.005736167329001063,
                "energy_xtb_gas": -20.885195733426,
                "energy_xtb_solv": -20.890931900755
            },
            "sp": {
                "energy": -272.300113476803
            },
            "gtot": -272.305849644132,
            "bmw": 0.054984629916099814
        },
        "CONF24": {
            "xtb_gsolv": {
                "gsolv": -0.0038832469770007094,
                "energy_xtb_gas": -20.886179077665,
                "energy_xtb_solv": -20.890062324642
            },
            "sp": {
                "energy": -272.299677645829
            },
            "gtot": -272.303560892806,
            "bmw": 0.004869547076831035
        },
        "CONF19": {
            "xtb_gsolv": {
                "gsolv": -0.005715332929000283,
                "energy_xtb_gas": -20.885118563721,
                "energy_xtb_solv": -20.89083389665
            },
            "sp": {
                "energy": -272.300380407976
            },
            "gtot": -272.306095740905,
            "bmw": 0.07135723055546042
        },
        "CONF21": {
            "xtb_gsolv": {
                "gsolv": -0.0038756332299989538,
                "energy_xtb_gas": -20.886696983427,
                "energy_xtb_solv": -20.890572616657
            },
            "sp": {
                "energy": -272.300109332456
            },
            "gtot": -272.30398496568597,
            "bmw": 0.007630422599060582
        },
        "CONF23": {
            "xtb_gsolv": {
                "gsolv": -0.0032700938970009474,
                "energy_xtb_gas": -20.887036721639,
                "energy_xtb_solv": -20.890306815536
            },