{
    "partname": "screening",
    "runtime": 103.44748626835644,
    "results": {
        "CONF9": {
            "gsolv": {
                "gsolv": -0.005416975407001701,
                "energy_gas": -272.898228703418,
                "energy_solv": -272.903645678825
            },
            "gtot": -272.903645678825,
            "bmw": 0.03816592548211695
        },
        "CONF3": {
            "gsolv": {
                "gsolv": -0.005914330465998319,
                "energy_gas": -272.897927337551,
                "energy_solv": -272.903841668017
            },
            "gtot": -272.903841668017,
            "bmw": 0.046970435419808464
        },
        "CONF1": {
            "gsolv": {
                "gsolv": -0.005757788097014327,
                "energy_gas": -272.898648481381,
                "energy_solv": -272.904406269478
            },
            "gtot": -272.904406269478,
            "bmw": 0.0854128634291781
        },
        "CONF10": {
            "gsolv": {
                "gsolv": -0.00567498985299153,
                "energy_gas": -272.89831786343,
                "energy_solv": -272.903992853283
            },
            "gtot": -272.903992853283,
            "bmw": 0.0551270807259119
        },
        "CONF20": {
            "gsolv": {
                "gsolv": -0.005719087997988481,
                "energy_gas": -272.897078870678,
                "energy_solv": -272.902797958676
            },
            "gtot": -272.902797958676,
            "bmw": 0.015550756474769162
        },
        "CONF7": {
            "gsolv": {
                "gsolv": -0.006003275701004895,
                "energy_gas": -272.897769978304,
                "energy_solv": -272.903773254005
            },
            "gtot": -272.903773254005,
            "bmw": 0.04368741206086727
        },
        "CONF2": {
            "gsolv": {
                "gsolv": -0.00578067763404988,
                "energy_gas": -272.898664278712,
                "energy_solv": -272.904444956346
            },
            "gtot": -272.904444956346,
            "bmw": 0.0889852467763236
        },
        "CONF16": {
            "gsolv": {
                "gsolv": -0.0060333959120271174,
                "energy_gas": -272.89831857402,
                "energy_solv": -272.904351969932
            },
            "gtot": -272.904351969932,
            "bmw": 0.08063938730454244
        },
        "CONF22": {
            "gsolv": {
                "gsolv": -0.00560246154395827,
                "energy_gas": -272.897469164137,
                "energy_solv": -272.903071625681
            },
            "gtot": -272.903071625681,
            "bmw": 0.020779238567509954
        },
        "CONF19": {
            "gsolv": {
                "gsolv": -0.004946867987030146,
                "energy_gas": -272.897847087308,
                "energy_solv": -272.902793955295
            },
            "gtot": -272.902793955295,
            "bmw": 0.015484960168658066
        },
        "CONF14": {
            "gsolv": {
                "gsolv": -0.0056653700530091555,
                "energy_gas": -272.898070971287,
                "energy_solv": -272.90373634134
            },
            "gtot": -272.90373634134,
            "bmw": 0.04201241707615277
        },
        "CONF17": {
            "gsolv": {
                "gsolv": -0.005216160201996445,
                "energy_gas": -272.897716691009,
                "energy_solv": -272.902932851211
            },
            "gtot": -272.902932851211,
            "bmw": 0.01793898189573252
        },
        "CONF6": {
            "gsolv": {
                "gsolv": -0.006150785001977965,
                "energy_gas": -272.897374745445,
                "energy_solv": -272.903525530447
            },
            "gtot": -272.903525530447,
            "bmw": 0.03360557800904325
        },
        "CONF13": {
            "gsolv": {
                "gsolv": -0.005532132231962805,
                "energy_gas": -272.897658393767,
                "energy_solv": -272.903190525999
            },
            "gtot": -272.903190525999,
            "bmw": 0.023567851326117027
        },
        "CONF5": {
            "gsolv": {
                "gsolv": -0.005412648174967671,
                "energy_gas": -272.898282382869,
                "energy_solv": -272.903695031044
            },
            "gtot": -272.903695031044,
            "bmw": 0.040213904978956695
        },
        "CONF12": {
            "gsolv": {
                "gsolv": -0.006027863235999575,
                "energy_gas": -272.898278068042,
                "energy_solv": -272.904305931278
            },
            "gtot": -272.904305931278,
            "bmw": 0.07680171257901534
        },
        "CONF8": {
            "gsolv": {
                "gsolv": -0.006466282093015252,
                "energy_gas": -272.897701034762,
                "energy_solv": -272.904167316855
            },
            "gtot": -272.904167316855,
            "bmw": 0.06631513883513293
        },
        "CONF4": {
            "gsolv": {
                "gsolv": -0.005142969009000353,
                "energy_gas": -272.896355692669,
                "energy_solv": -272.901498661678
            },
            "gtot": -272.901498661678,
            "bmw": 0.003927500690807499
        },
        "CONF11": {
            "gsolv": {
                "gsolv": -0.006403202582987433,
                "energy_gas": -272.898163121991,
                "energy_solv": -272.904566324574
            },
            "gtot": -272.904566324574,
            "bmw": 0.10119138258441322
        },
        "CONF18": {
            "gsolv": {
                "gsolv": -0.004846097104007185,
                "energy_gas": -272.895753487283,
                "energy_solv": -272.900599584387
            },
            "gtot": -272.900599584387,
            "bmw": 0.0015155467665983076
        },
        "CONF15": {
            "gsolv": {
                "gsolv": -0.006562162071986677,
                "energy_gas": -272.896686017947,
                "energy_solv": -272.903248180019
            },
            "gtot": -272.903248180019,
            "bmw": 0.02505180389314949
        },
        "CONF21": {
            "gsolv": {
                "gsolv": -0.00658430477795946,
                "energy_gas": -272.897430831224,
                "energy_solv": -272.904015136002
            },
            "gtot": -272.904015136002,
            "bmw": 0.05644355199818282
        },
        "CONF28": {
            "gsolv": {
                "gsolv": -0.00418928630301707,
                "energy_gas": -272.895119784829,
                "energy_solv": -272.899309071132
            },
            "gtot": -272.899309071132,
            "bmw": 0.00038634414431335684
        },
        "CONF24": {
            "gsolv": {
                "gsolv": -0.004917898272992716,
                "energy_gas": -272.895871978027,
                "energy_solv": -272.9007898763
            },
            "gtot": -272.9007898763,
            "bmw": 0.0018539480629444994
        },
        "CONF26": {
            "gsolv": {
                "gsolv": -0.006169920725994871,
                "energy_gas": -272.895720592217,
                "energy_solv": -272.901890512943
            },
            "gtot": -272.901890512943,
            "bmw": 0.005947786566861725
        },
        "CONF25": {
            "gsolv": {
                "gsolv": -0.005706824683045397,
                "energy_gas": -272.894532966203,
                "energy_solv": -272.900239790886
            },
            "gtot": -272.900239790886,
            "bmw": 0.0010353228221180553
        },
        "CONF27": {
            "gsolv": {
                "gsolv": -0.005909185307018561,
                "energy_gas": -272.89419518789,
                "energy_solv": -272.900104373197
            },
            "gtot": -272.900104373197,
            "bmw": 0.000896990745113372
        },