{
   "temperature":     298.150000000000,
   "unit": "hartree",
   "energy":     -23.958590655444,
   "free energy":     -23.851368743955,
   "G(T)":       0.107221911489,
   "ZPVE":       0.142845991190,
   "number of imags":0,
   "point group": "c1",
   "gradient norm":       0.000050050109
}
