{
   "temperature":     298.150000000000,
   "unit": "hartree",
   "energy":     -29.461085051857,
   "free energy":     -29.311849354681,
   "G(T)":       0.149235697176,
   "ZPVE":       0.184822429047,
   "number of imags":0,
   "point group": "c1",
   "gradient norm":       0.000061099082
}
