{
   "temperature":     298.150000000000,
   "unit": "hartree",
   "energy":     -29.492530638466,
   "free energy":     -29.260420768096,
   "G(T)":       0.232109870370,
   "ZPVE":       0.270372495357,
   "number of imags":0,
   "point group": "c1",
   "gradient norm":       0.000037720145
}
