{
   "temperature":     298.150000000000,
   "unit": "hartree",
   "energy":     -26.895081911756,
   "free energy":     -26.839087834448,
   "G(T)":       0.055994077308,
   "ZPVE":       0.089973243322,
   "number of imags":0,
   "point group": "c1",
   "gradient norm":       0.000078576885
}
