{
   "temperature":     298.150000000000,
   "unit": "hartree",
   "energy":     -24.062064790363,
   "free energy":     -23.906365635496,
   "G(T)":       0.155699154867,
   "ZPVE":       0.189711362989,
   "number of imags":0,
   "point group": "c1",
   "gradient norm":       0.000063420503
}
