{
   "temperature":     298.150000000000,
   "unit": "hartree",
   "energy":     -16.902135223143,
   "free energy":     -16.803044655866,
   "G(T)":       0.099090567276,
   "ZPVE":       0.130726607170,
   "number of imags":0,
   "point group": "c1",
   "gradient norm":       0.000040723596
}
