{
   "temperature":     298.150000000000,
   "unit": "hartree",
   "energy":     -24.060031429848,
   "free energy":     -23.904252239092,
   "G(T)":       0.155779190757,
   "ZPVE":       0.189655043259,
   "number of imags":0,
   "point group": "c1",
   "gradient norm":       0.000069699241
}
