{
   "temperature":     298.150000000000,
   "unit": "hartree",
   "energy":     -23.957773626475,
   "free energy":     -23.849121070256,
   "G(T)":       0.108652556220,
   "ZPVE":       0.143447670721,
   "number of imags":0,
   "point group": "c1",
   "gradient norm":       0.000043974150
}
