{
    "partname": "prescreening",
    "runtime": 17.69194446085021,
    "results": {
        "CONF4": {
            "xtb_gsolv": {
                "gsolv": -0.0053299224059983885,
                "energy_xtb_gas": -23.951579782882,
                "energy_xtb_solv": -23.956909705288
            },
            "sp": {
                "energy": -346.243889707797
            },
            "gtot": -346.249219630203,
            "bmw": 0.027076526078691127
        },
        "CONF2": {
            "xtb_gsolv": {
                "gsolv": -0.00540142053599979,
                "energy_xtb_gas": -23.95198223768,
                "energy_xtb_solv": -23.957383658216
            },
            "sp": {
                "energy": -346.244389186094
            },
            "gtot": -346.24979060663,
            "bmw": 0.04957057087139204
        },
        "CONF5": {
            "xtb_gsolv": {
                "gsolv": -0.005753582549999692,
                "energy_xtb_gas": -23.951024333415,
                "energy_xtb_solv": -23.956777915965
            },
            "sp": {
                "energy": -346.244530182648
            },
            "gtot": -346.250283765198,
            "bmw": 0.08357207009201335
        },
        "CONF1": {
            "xtb_gsolv": {
                "gsolv": -0.005210179717998642,
                "energy_xtb_gas": -23.952179039512,
                "energy_xtb_solv": -23.95738921923
            },
            "sp": {
                "energy": -346.244674360986
            },
            "gtot": -346.249884540704,
            "bmw": 0.05475585990460032
        },
        "CONF3": {
            "xtb_gsolv": {
                "gsolv": -0.005267249951998565,
                "energy_xtb_gas": -23.951925685776,
                "energy_xtb_solv": -23.957192935728
            },
            "sp": {
                "energy": -346.244556285292
            },
            "gtot": -346.249823535244,
            "bmw": 0.05132985464525899
        },
        "CONF9": {
            "xtb_gsolv": {
                "gsolv": -0.005234189858001059,
                "energy_xtb_gas": -23.95151300809,
                "energy_xtb_solv": -23.956747197948
            },
            "sp": {
                "energy": -346.244160664863
            },
            "gtot": -346.249394854721,
            "bmw": 0.0325979765342869
        },
        "CONF11": {
            "xtb_gsolv": {
                "gsolv": -0.005769675980999978,
                "energy_xtb_gas": -23.950968487448,
                "energy_xtb_solv": -23.956738163429
            },
            "sp": {
                "energy": -346.244163543204
            },
            "gtot": -346.24993321918504,
            "bmw": 0.057652899656338324
        },
        "CONF12": {
            "xtb_gsolv": {
                "gsolv": -0.005739409121002126,
                "energy_xtb_gas": -23.951036073397,
                "energy_xtb_solv": -23.956775482518
            },
            "sp": {
                "energy": -346.244437548906
            },
            "gtot": -346.250176958027,
            "bmw": 0.07463340602488804
        },
        "CONF6": {
            "xtb_gsolv": {
                "gsolv": -0.0056426913599985085,
                "energy_xtb_gas": -23.951112148823,
                "energy_xtb_solv": -23.956754840183
            },
            "sp": {
                "energy": -346.244188600839
            },
            "gtot": -346.24983129219896,
            "bmw": 0.05175329277380326
        },
        "CONF16": {
            "xtb_gsolv": {
                "gsolv": -0.0057357876050012635,
                "energy_xtb_gas": -23.950922022146,
                "energy_xtb_solv": -23.956657809751
            },
            "sp": {
                "energy": -346.244336845869
            },
            "gtot": -346.25007263347396,
            "bmw": 0.06682628046811287
        },
        "CONF13": {
            "xtb_gsolv": {
                "gsolv": -0.0057580848699991805,
                "energy_xtb_gas": -23.9509654202,
                "energy_xtb_solv": -23.95672350507
            },
            "sp": {
                "energy": -346.243637291659
            },
            "gtot": -346.24939537652904,
            "bmw": 0.03261599695291757
        },
        "CONF15": {
            "xtb_gsolv": {
                "gsolv": -0.005726369165998335,
                "energy_xtb_gas": -23.95093462659,
                "energy_xtb_solv": -23.956660995756
            },
            "sp": {
                "energy": -346.24424595475
            },
            "gtot": -346.249972323916,
            "bmw": 0.060090813880439624
        },
        "CONF7": {
            "xtb_gsolv": {
                "gsolv": -0.005609293012000194,
                "energy_xtb_gas": -23.951145640366,
                "energy_xtb_solv": -23.956754933378
            },
            "sp": {
                "energy": -346.244073063849
            },
            "gtot": -346.249682356861,
            "bmw": 0.044201038511316
        },
        "CONF14": {
            "xtb_gsolv": {
                "gsolv": -0.0057022516410007995,
                "energy_xtb_gas": -23.950970867802,
                "energy_xtb_solv": -23.956673119443
            },
            "sp": {
                "energy": -346.244669072257
            },
            "gtot": -346.25037132389804,
            "bmw": 0.09169282938255513
        },
        "CONF8": {
            "xtb_gsolv": {
                "gsolv": -0.005230025336999233,
                "energy_xtb_gas": -23.95151785538,
                "energy_xtb_solv": -23.956747880717
            },
            "sp": {
                "energy": -346.244132248885
            },
            "gtot": -346.249362274222,
            "bmw": 0.031492319625811734
        },
        "CONF17": {
            "xtb_gsolv": {
                "gsolv": -0.005534840854000578,
                "energy_xtb_gas": -23.95112812535,
                "energy_xtb_solv": -23.956662966204
            },
            "sp": {
                "energy": -346.244190856313
            },
            "gtot": -346.24972569716704,
            "bmw": 0.04627725967605036
        },
        "CONF18": {
            "xtb_gsolv": {
                "gsolv": -0.005718325596998142,
                "energy_xtb_gas": -23.950934612333,
                "energy_xtb_solv": -23.95665293793
            },
            "sp": {
                "energy": -346.244475742126
            },
            "gtot": -346.250194067723,
            "bmw": 0.07599817742772723
        },
        "CONF20": {
            "xtb_gsolv": {
                "gsolv": -0.005163977882997273,
                "energy_xtb_gas": -23.948427050984,
                "energy_xtb_solv": -23.953591028867
            },
            "sp": {
                "energy": -346.238947919921
            },
            "gtot": -346.244111897804,
            "bmw": 0.00012111520457718926
        },
        "CONF19": {
            "xtb_gsolv": {
                "gsolv": -0.00548592114600055,
                "energy_xtb_gas": -23.951096102701,
                "energy_xtb_solv": -23.956582023847
            },
            "sp": {
                "energy": -346.243946985998
            },
            "gtot": -346.24943290714396,
            "bmw": 0.03393857049944918
        },
        "CONF10": {
            "xtb_gsolv": {
                "gsolv": -0.005236168369002314,
                "energy_xtb_gas": -23.951508504931,
                "energy_xtb_solv": -23.9567446733
            },
            "sp": {
                "energy": -346.24419296356
            },
            "gtot": -346.249429131929,
            "bmw": 0.03380314178977084
        }
    },
    "settings": {
        "threshold": 4.0,
        "func": "pbe-d4",
        "basis": "def2-sv(p)",
        "prog": "orca",
        "gfnv": "gfn2",
        "run": true,
        "template": false
    },
    "nconf_in": 20,
    "nconf_out": 20
}