{
    "partname": "screening",
    "runtime": 94.38999650301412,
    "results": {
        "CONF16": {
            "gsolv": {
                "gsolv": -0.005746777591014052,
                "energy_gas": -346.936853302861,
                "energy_solv": -346.942600080452
            },
            "gtot": -346.942600080452,
            "bmw": 0.06729998919261111
        },
        "CONF14": {
            "gsolv": {
                "gsolv": -0.0058271310920190444,
                "energy_gas": -346.9371942967,
                "energy_solv": -346.943021427792
            },
            "gtot": -346.943021427792,
            "bmw": 0.10515292443133059
        },
        "CONF6": {
            "gsolv": {
                "gsolv": -0.005543600130010873,
                "energy_gas": -346.936272565521,
                "energy_solv": -346.941816165651
            },
            "gtot": -346.941816165651,
            "bmw": 0.029338583744006247
        },
        "CONF11": {
            "gsolv": {
                "gsolv": -0.005815018378996228,
                "energy_gas": -346.936636313722,
                "energy_solv": -346.942451332101
            },
            "gtot": -346.942451332101,
            "bmw": 0.05749042101198427
        },
        "CONF18": {
            "gsolv": {
                "gsolv": -0.005785158472974672,
                "energy_gas": -346.936993388166,
                "energy_solv": -346.942778546639
            },
            "gtot": -346.942778546639,
            "bmw": 0.08130247344699425
        },
        "CONF12": {
            "gsolv": {
                "gsolv": -0.005811757966000641,
                "energy_gas": -346.93689451431,
                "energy_solv": -346.942706272276
            },
            "gtot": -346.942706272276,
            "bmw": 0.07531124938376788
        },
        "CONF19": {
            "gsolv": {
                "gsolv": -0.005716781627995715,
                "energy_gas": -346.936307444984,
                "energy_solv": -346.942024226612
            },
            "gtot": -346.942024226612,
            "bmw": 0.036571313846503146
        },
        "CONF15": {
            "gsolv": {
                "gsolv": -0.005735784921967024,
                "energy_gas": -346.936767958951,
                "energy_solv": -346.942503743873
            },
            "gtot": -346.942503743873,
            "bmw": 0.0607719588967701
        },
        "CONF13": {
            "gsolv": {
                "gsolv": -0.005438976872994772,
                "energy_gas": -346.935696012686,
                "energy_solv": -346.941134989559
            },
            "gtot": -346.941134989559,
            "bmw": 0.014260010040202444
        },
        "CONF3": {
            "gsolv": {
                "gsolv": -0.005306736170950899,
                "energy_gas": -346.937047826402,
                "energy_solv": -346.942354562573
            },
            "gtot": -346.942354562573,
            "bmw": 0.05189010951377041
        },
        "CONF5": {
            "gsolv": {
                "gsolv": -0.005848517696961153,
                "energy_gas": -346.936945553399,
                "energy_solv": -346.942794071096
            },
            "gtot": -346.942794071096,
            "bmw": 0.08265031520275308
        },
        "CONF7": {
            "gsolv": {
                "gsolv": -0.005478267981004592,
                "energy_gas": -346.936140275444,
                "energy_solv": -346.941618543425
            },
            "gtot": -346.941618543425,
            "bmw": 0.023797931691756175
        },
        "CONF10": {
            "gsolv": {
                "gsolv": -0.0055252876240388105,
                "energy_gas": -346.936583068369,
                "energy_solv": -346.942108355993
            },
            "gtot": -346.942108355993,
            "bmw": 0.039979503793334564
        },
        "CONF2": {
            "gsolv": {
                "gsolv": -0.005317184330976943,
                "energy_gas": -346.93671765309,
                "energy_solv": -346.942034837421
            },
            "gtot": -346.942034837421,
            "bmw": 0.03698462309329137
        },
        "CONF17": {
            "gsolv": {
                "gsolv": -0.006053022752951165,
                "energy_gas": -346.936668425884,
                "energy_solv": -346.942721448637
            },
            "gtot": -346.942721448637,
            "bmw": 0.07653154754378437
        },
        "CONF1": {
            "gsolv": {
                "gsolv": -0.005372143090994541,
                "energy_gas": -346.936961111847,
                "energy_solv": -346.942333254938
            },
            "gtot": -346.942333254938,
            "bmw": 0.050732206740951184
        },
        "CONF8": {
            "gsolv": {
                "gsolv": -0.005554721164969578,
                "energy_gas": -346.936589865507,
                "energy_solv": -346.942144586672
            },
            "gtot": -346.942144586672,
            "bmw": 0.041543430714323384
        },
        "CONF20": {
            "gsolv": {
                "gsolv": -0.005507834108982479,
                "energy_gas": -346.931566793495,
                "energy_solv": -346.937074627604
            },
            "gtot": -346.937074627604,
            "bmw": 0.00019341164177055146
        },
        "CONF9": {
            "gsolv": {
                "gsolv": -0.005553688566976689,
                "energy_gas": -346.936580170978,
                "energy_solv": -346.942133859545
            },
            "gtot": -346.942133859545,
            "bmw": 0.04107411563626245
        },
        "CONF4": {
            "gsolv": {
                "gsolv": -0.0055312191869916205,
                "energy_gas": -346.936210838456,
                "energy_solv": -346.941742057643
            },
            "gtot": -346.941742057643,
            "bmw": 0.02712388043383243
        }
    },
    "settings": {
        "threshold": 3.5,
        "func": "r2scan-3c",
        "basis": "def2-tzvp",
        "prog": "orca",
        "sm": "smd",
        "gfnv": "gfn2",
        "run": true,
        "implicit": false,
        "template": false
    },
    "nconf_in": 20,
    "nconf_out": 20
}