{
   "temperature":     298.150000000000,
   "unit": "hartree",
   "energy":     -20.892372307557,
   "free energy":     -20.762347849551,
   "G(T)":       0.130024458006,
   "ZPVE":       0.162079095583,
   "number of imags":0,
   "point group": "c1",
   "gradient norm":       0.000089107606
}
