{
   "temperature":     298.150000000000,
   "unit": "hartree",
   "energy":     -20.894057448416,
   "free energy":     -20.764196581224,
   "G(T)":       0.129860867192,
   "ZPVE":       0.161909815248,
   "number of imags":0,
   "point group": "c1",
   "gradient norm":       0.000046664634
}
