{
   "temperature":     298.150000000000,
   "unit": "hartree",
   "energy":     -20.896888258919,
   "free energy":     -20.767329222970,
   "G(T)":       0.129559035949,
   "ZPVE":       0.161740733731,
   "number of imags":0,
   "point group": "c1",
   "gradient norm":       0.000053733886
}
