{
   "temperature":     298.150000000000,
   "unit": "hartree",
   "energy":     -26.195993757944,
   "free energy":     -26.037171127196,
   "G(T)":       0.158822630747,
   "ZPVE":       0.194997598881,
   "number of imags":0,
   "point group": "cs",
   "gradient norm":       0.000042791108
}
