{
   "temperature":     298.150000000000,
   "unit": "hartree",
   "energy":     -23.958474359520,
   "free energy":     -23.849651193873,
   "G(T)":       0.108823165647,
   "ZPVE":       0.143442817211,
   "number of imags":0,
   "point group": "c1",
   "gradient norm":       0.000016301785
}
