{
    "partname": "prescreening",
    "runtime": 10.872672139666975,
    "results": {
        "CONF1": {
            "xtb_gsolv": {
                "gsolv": -0.0009525634079992074,
                "energy_xtb_gas": -26.279601316228,
                "energy_xtb_solv": -26.280553879636
            },
            "sp": {
                "energy": -385.230878055926
            },
            "gtot": -385.231830619334,
            "bmw": 0.877968384468013
        },
        "CONF3": {
            "xtb_gsolv": {
                "gsolv": -0.0007541775819994712,
                "energy_xtb_gas": -26.276893221881,
                "energy_xtb_solv": -26.277647399463
            },
            "sp": {
                "energy": -385.224114281301
            },
            "gtot": -385.224868458883,
            "bmw": 0.0005509430904169488
        },
        "CONF2": {
            "xtb_gsolv": {
                "gsolv": -0.0007917058189974568,
                "energy_xtb_gas": -26.279758012015,
                "energy_xtb_solv": -26.280549717834
            },
            "sp": {
                "energy": -385.229148697389
            },
            "gtot": -385.229940403208,
            "bmw": 0.1185876990789452
        },
        "CONF5": {
            "xtb_gsolv": {
                "gsolv": -0.0012592552179988559,
                "energy_xtb_gas": -26.272405788113,
                "energy_xtb_solv": -26.273665043331
            },
            "sp": {
                "energy": -385.223011392555
            },
            "gtot": -385.224270647773,
            "bmw": 0.0002925045756324718
        },
        "CONF4": {
            "xtb_gsolv": {
                "gsolv": -0.0009681409469983748,
                "energy_xtb_gas": -26.276320174837,
                "energy_xtb_solv": -26.277288315784
            },
            "sp": {
                "energy": -385.22536551697
            },
            "gtot": -385.226333657917,
            "bmw": 0.0026004687869922464
        }
    },
    "settings": {
        "threshold": 4.0,
        "func": "pbe-d4",
        "basis": "def2-sv(p)",
        "prog": "orca",
        "gfnv": "gfn2",
        "run": true,
        "template": false
    },
    "nconf_in": 5,
    "nconf_out": 3
}