{
    "partname": "screening",
    "runtime": 64.73380102682859,
    "results": {
        "CONF1": {
            "gsolv": {
                "gsolv": -0.003791706957997576,
                "energy_gas": -385.985950692293,
                "energy_solv": -385.989742399251
            },
            "gtot": -385.989742399251,
            "bmw": 0.861142174422415
        },
        "CONF4": {
            "gsolv": {
                "gsolv": -0.0034105867740095164,
                "energy_gas": -385.980708101465,
                "energy_solv": -385.984118688239
            },
            "gtot": -385.984118688239,
            "bmw": 0.002230215600111049
        },
        "CONF2": {
            "gsolv": {
                "gsolv": -0.003959633392014439,
                "energy_gas": -385.984044522962,
                "energy_solv": -385.988004156354
            },
            "gtot": -385.988004156354,
            "bmw": 0.13662760997747392
        }
    },
    "settings": {
        "threshold": 3.5,
        "func": "r2scan-3c",
        "basis": "def2-tzvp",
        "prog": "orca",
        "sm": "smd",
        "gfnv": "gfn2",
        "run": true,
        "implicit": false,
        "template": false
    },
    "nconf_in": 3,
    "nconf_out": 3
}