{
   "temperature":     298.150000000000,
   "unit": "hartree",
   "energy":     -18.942643051223,
   "free energy":     -18.811897604358,
   "G(T)":       0.130745446865,
   "ZPVE":       0.162669215642,
   "number of imags":0,
   "point group": "c1",
   "gradient norm":       0.000025393203
}
