{
    "partname": "prescreening",
    "runtime": 5.535805644467473,
    "results": {
        "CONF3": {
            "xtb_gsolv": {
                "gsolv": -0.002857487258001612,
                "energy_xtb_gas": -18.612276028163,
                "energy_xtb_solv": -18.615133515421
            },
            "sp": {
                "energy": -268.937185385165
            },
            "gtot": -268.94004287242296,
            "bmw": 0.008184747071049422
        },
        "CONF1": {
            "xtb_gsolv": {
                "gsolv": -0.0022062838350009883,
                "energy_xtb_gas": -18.618674173741,
                "energy_xtb_solv": -18.620880457576
            },
            "sp": {
                "energy": -268.942346435459
            },
            "gtot": -268.944552719294,
            "bmw": 0.9713846425937536
        },
        "CONF2": {
            "xtb_gsolv": {
                "gsolv": -0.0028173509260014384,
                "energy_xtb_gas": -18.613277822538,
                "energy_xtb_solv": -18.616095173464
            },
            "sp": {
                "energy": -268.938089224926
            },
            "gtot": -268.940906575852,
            "bmw": 0.020430610335197007
        }
    },
    "settings": {
        "threshold": 4.0,
        "func": "pbe-d4",
        "basis": "def2-sv(p)",
        "prog": "orca",
        "gfnv": "gfn2",
        "run": true,
        "template": false
    },
    "nconf_in": 3,
    "nconf_out": 3
}