{
    "partname": "screening",
    "runtime": 35.079198078252375,
    "results": {
        "CONF2": {
            "gsolv": {
                "gsolv": -0.00470966393800154,
                "energy_gas": -269.481773058204,
                "energy_solv": -269.486482722142
            },
            "gtot": -269.486482722142,
            "bmw": 0.02692620872539126
        },
        "CONF1": {
            "gsolv": {
                "gsolv": -0.0035827517430107036,
                "energy_gas": -269.486264478527,
                "energy_solv": -269.48984723027
            },
            "gtot": -269.48984723027,
            "bmw": 0.950039851301779
        },
        "CONF3": {
            "gsolv": {
                "gsolv": -0.006096810497012939,
                "energy_gas": -269.480238494969,
                "energy_solv": -269.486335305466
            },
            "gtot": -269.486335305466,
            "bmw": 0.023033939972829837
        }
    },
    "settings": {
        "threshold": 3.5,
        "func": "r2scan-3c",
        "basis": "def2-tzvp",
        "prog": "orca",
        "sm": "smd",
        "gfnv": "gfn2",
        "run": true,
        "implicit": false,
        "template": false
    },
    "nconf_in": 3,
    "nconf_out": 3
}