{
   "temperature":     298.150000000000,
   "unit": "hartree",
   "energy":     -25.303866665585,
   "free energy":     -25.114267569663,
   "G(T)":       0.189599095922,
   "ZPVE":       0.223891510262,
   "number of imags":0,
   "point group": "c1",
   "gradient norm":       0.000028158923
}
