{
   "temperature":     298.150000000000,
   "unit": "hartree",
   "energy":     -44.044593833345,
   "free energy":     -43.877388969620,
   "G(T)":       0.167204863725,
   "ZPVE":       0.211516273106,
   "number of imags":0,
   "point group": "c1",
   "gradient norm":       0.000065178969
}
