{
   "temperature":     298.150000000000,
   "unit": "hartree",
   "energy":     -22.694155706924,
   "free energy":     -22.613244583162,
   "G(T)":       0.080911123762,
   "ZPVE":       0.112678460021,
   "number of imags":0,
   "point group": "c1",
   "gradient norm":       0.000026227836
}
