{
   "temperature":     298.150000000000,
   "unit": "hartree",
   "energy":     -29.091747661327,
   "free energy":     -28.942970771404,
   "G(T)":       0.148776889924,
   "ZPVE":       0.185047003176,
   "number of imags":0,
   "point group": "c1",
   "gradient norm":       0.000030300547
}
