{
   "temperature":     298.150000000000,
   "unit": "hartree",
   "energy":     -17.973861173037,
   "free energy":     -17.882767209115,
   "G(T)":       0.091093963922,
   "ZPVE":       0.121530842341,
   "number of imags":0,
   "point group": "c1",
   "gradient norm":       0.000035746871
}
