{
   "temperature":     298.150000000000,
   "unit": "hartree",
   "energy":     -22.695724227728,
   "free energy":     -22.614693763215,
   "G(T)":       0.081030464514,
   "ZPVE":       0.112648827802,
   "number of imags":0,
   "point group": "c1",
   "gradient norm":       0.000050875862
}
