{
   "temperature":     298.150000000000,
   "unit": "hartree",
   "energy":     -24.061151788426,
   "free energy":     -23.905116536123,
   "G(T)":       0.156035252304,
   "ZPVE":       0.189792276700,
   "number of imags":0,
   "point group": "c1",
   "gradient norm":       0.000040941792
}
