{
   "temperature":     298.150000000000,
   "unit": "hartree",
   "energy":     -20.895578197823,
   "free energy":     -20.765437952427,
   "G(T)":       0.130140245397,
   "ZPVE":       0.162135773386,
   "number of imags":0,
   "point group": "c1",
   "gradient norm":       0.000062318961
}
