{
   "temperature":     298.150000000000,
   "unit": "hartree",
   "energy":     -25.308241209786,
   "free energy":     -25.119858277914,
   "G(T)":       0.188382931871,
   "ZPVE":       0.223434493268,
   "number of imags":0,
   "point group": "c1",
   "gradient norm":       0.000043645531
}
