{
   "temperature":     298.150000000000,
   "unit": "hartree",
   "energy":     -22.691350505812,
   "free energy":     -22.611617281196,
   "G(T)":       0.079733224617,
   "ZPVE":       0.112153856136,
   "number of imags":0,
   "point group": "c1",
   "gradient norm":       0.000065365087
}
