{
   "temperature":     298.150000000000,
   "unit": "hartree",
   "energy":     -23.958492540642,
   "free energy":     -23.849507657380,
   "G(T)":       0.108984883262,
   "ZPVE":       0.143453020727,
   "number of imags":0,
   "point group": "c1",
   "gradient norm":       0.000035971525
}
