{
   "temperature":     298.150000000000,
   "unit": "hartree",
   "energy":     -17.083624090690,
   "free energy":     -16.967412309443,
   "G(T)":       0.116211781247,
   "ZPVE":       0.146532530719,
   "number of imags":0,
   "point group": "c1",
   "gradient norm":       0.000045073307
}
