{
   "temperature":     298.150000000000,
   "unit": "hartree",
   "energy":     -23.161171648240,
   "free energy":     -22.979857603245,
   "G(T)":       0.181314044996,
   "ZPVE":       0.214689516332,
   "number of imags":0,
   "point group": "c2",
   "gradient norm":       0.000065227676
}
