{
   "temperature":     298.150000000000,
   "unit": "hartree",
   "energy":     -24.062637375465,
   "free energy":     -23.907421549678,
   "G(T)":       0.155215825786,
   "ZPVE":       0.189552748224,
   "number of imags":0,
   "point group": "c1",
   "gradient norm":       0.000064358122
}
