{
   "temperature":     298.150000000000,
   "unit": "hartree",
   "energy":     -25.308559356483,
   "free energy":     -25.118871606025,
   "G(T)":       0.189687750458,
   "ZPVE":       0.223666113194,
   "number of imags":0,
   "point group": "c1",
   "gradient norm":       0.000069498140
}
