{
   "temperature":     298.150000000000,
   "unit": "hartree",
   "energy":     -23.153613319358,
   "free energy":     -22.971644599825,
   "G(T)":       0.181968719532,
   "ZPVE":       0.215317093797,
   "number of imags":0,
   "point group": "c1",
   "gradient norm":       0.000060939645
}
