{
   "temperature":     298.150000000000,
   "unit": "hartree",
   "energy":     -18.622694199936,
   "free energy":     -18.543162348925,
   "G(T)":       0.079531851011,
   "ZPVE":       0.108846843394,
   "number of imags":0,
   "point group": "c2",
   "gradient norm":       0.000030548973
}
