{
   "temperature":     298.150000000000,
   "unit": "hartree",
   "energy":     -24.055997850809,
   "free energy":     -23.900026501898,
   "G(T)":       0.155971348910,
   "ZPVE":       0.190112478470,
   "number of imags":0,
   "point group": "c1",
   "gradient norm":       0.000134584931
}
