{
   "temperature":     298.150000000000,
   "unit": "hartree",
   "energy":     -24.059623335937,
   "free energy":     -23.902585514178,
   "G(T)":       0.157037821759,
   "ZPVE":       0.190293657937,
   "number of imags":0,
   "point group": "c1",
   "gradient norm":       0.000040491641
}
