{
   "temperature":     298.150000000000,
   "unit": "hartree",
   "energy":     -23.965780272085,
   "free energy":     -23.856305934414,
   "G(T)":       0.109474337671,
   "ZPVE":       0.143645148871,
   "number of imags":0,
   "point group": "c1",
   "gradient norm":       0.000063821085
}
