{
   "temperature":     298.150000000000,
   "unit": "hartree",
   "energy":     -23.954241826001,
   "free energy":     -23.847351277289,
   "G(T)":       0.106890548712,
   "ZPVE":       0.142840174485,
   "number of imags":0,
   "point group": "c1",
   "gradient norm":       0.000112028720
}
