{
   "temperature":     298.150000000000,
   "unit": "hartree",
   "energy":     -24.057530371277,
   "free energy":     -23.902978834499,
   "G(T)":       0.154551536777,
   "ZPVE":       0.189007019884,
   "number of imags":0,
   "point group": "cs",
   "gradient norm":       0.000035089923
}
