{
   "temperature":     298.150000000000,
   "unit": "hartree",
   "energy":     -16.902915203112,
   "free energy":     -16.803854439821,
   "G(T)":       0.099060763292,
   "ZPVE":       0.130558003170,
   "number of imags":0,
   "point group": "c2",
   "gradient norm":       0.000024849207
}
