{
    "partname": "prescreening",
    "runtime": 19.279187703039497,
    "results": {
        "CONF3": {
            "xtb_gsolv": {
                "gsolv": -0.004726215488997099,
                "energy_xtb_gas": -20.888450198901,
                "energy_xtb_solv": -20.89317641439
            },
            "sp": {
                "energy": -272.300273998205
            },
            "gtot": -272.305000213694,
            "bmw": 0.05889671180566491
        },
        "CONF1": {
            "xtb_gsolv": {
                "gsolv": -0.0048442191049993255,
                "energy_xtb_gas": -20.888751428502,
                "energy_xtb_solv": -20.893595647607
            },
            "sp": {
                "energy": -272.301207341803
            },
            "gtot": -272.306051560908,
            "bmw": 0.17934005270560205
        },
        "CONF2": {
            "xtb_gsolv": {
                "gsolv": -0.0050982896540006095,
                "energy_xtb_gas": -20.888462942655,
                "energy_xtb_solv": -20.893561232309
            },
            "sp": {
                "energy": -272.300160673379
            },
            "gtot": -272.305258963033,
            "bmw": 0.0774653533846818
        },
        "CONF7": {
            "xtb_gsolv": {
                "gsolv": -0.005762932300999779,
                "energy_xtb_gas": -20.886032715764,
                "energy_xtb_solv": -20.891795648065
            },
            "sp": {
                "energy": -272.300581601688
            },
            "gtot": -272.30634453398903,
            "bmw": 0.24458824579294686
        },
        "CONF5": {
            "xtb_gsolv": {
                "gsolv": -0.004082833152999399,
                "energy_xtb_gas": -20.88802001727,
                "energy_xtb_solv": -20.892102850423
            },
            "sp": {
                "energy": -272.300376396321
            },
            "gtot": -272.304459229474,
            "bmw": 0.03320897966795659
        },
        "CONF8": {
            "xtb_gsolv": {
                "gsolv": -0.004469569299001108,
                "energy_xtb_gas": -20.887046940407,
                "energy_xtb_solv": -20.891516509706
            },
            "sp": {
                "energy": -272.299322504599
            },
            "gtot": -272.30379207389797,
            "bmw": 0.016382689838098038
        },
        "CONF6": {
            "xtb_gsolv": {
                "gsolv": -0.0057919894470011,
                "energy_xtb_gas": -20.886240330603,
                "energy_xtb_solv": -20.89203232005
            },
            "sp": {
                "energy": -272.299857065777
            },
            "gtot": -272.305649055224,
            "bmw": 0.11709476894615543
        },
        "CONF18": {
            "xtb_gsolv": {
                "gsolv": -0.0056952611829999,
                "energy_xtb_gas": -20.883844015784,
                "energy_xtb_solv": -20.889539276967
            },
            "sp": {
                "energy": -272.298218089755
            },
            "gtot": -272.303913350938,
            "bmw": 0.01862810967251133
        },
        "CONF11": {
            "xtb_gsolv": {
                "gsolv": -0.005074403702998609,
                "energy_xtb_gas": -20.885866245944,
                "energy_xtb_solv": -20.890940649647
            },
            "sp": {
                "energy": -272.296821068488
            },
            "gtot": -272.301895472191,
            "bmw": 0.002197904461478737
        },
        "CONF13": {
            "xtb_gsolv": {
                "gsolv": -0.004472052855000186,
                "energy_xtb_gas": -20.886039698254,
                "energy_xtb_solv": -20.890511751109
            },
            "sp": {
                "energy": -272.297671164038
            },
            "gtot": -272.302143216893,
            "bmw": 0.002857350293448539
        },
        "CONF12": {
            "xtb_gsolv": {
                "gsolv": -0.003332287563999614,
                "energy_xtb_gas": -20.887451833548,
                "energy_xtb_solv": -20.890784121112
            },
            "sp": {
                "energy": -272.298561197822
            },
            "gtot": -272.30189348538596,
            "bmw": 0.0021932843689799067
        },
        "CONF15": {
            "xtb_gsolv": {
                "gsolv": -0.0033382038580000994,
                "energy_xtb_gas": -20.886343471667,
                "energy_xtb_solv": -20.889681675525
            },
            "sp": {
                "energy": -272.297864839017
            },
            "gtot": -272.301203042875,
            "bmw": 0.0010556340052375018
        },
        "CONF9": {
            "xtb_gsolv": {
                "gsolv": -0.005772495691999779,
                "energy_xtb_gas": -20.885568897222,
                "energy_xtb_solv": -20.891341392914
            },
            "sp": {
                "energy": -272.299489714292
            },
            "gtot": -272.305262209984,
            "bmw": 0.07773220735012926
        },
        "CONF17": {
            "xtb_gsolv": {
                "gsolv": -0.005714086567998322,
                "energy_xtb_gas": -20.883827954406,
                "energy_xtb_solv": -20.889542040974
            },
            "sp": {
                "energy": -272.298367894365
            },
            "gtot": -272.304081980933,
            "bmw": 0.022270666516672546
        },
        "CONF14": {
            "xtb_gsolv": {
                "gsolv": -0.003549934417002021,
                "energy_xtb_gas": -20.886583307863,
                "energy_xtb_solv": -20.89013324228
            },
            "sp": {
                "energy": -272.299029431872
            },
            "gtot": -272.30257936628897,
            "bmw": 0.004535010750047671
        },
        "CONF20": {
            "xtb_gsolv": {
                "gsolv": -0.005732449969002573,
                "energy_xtb_gas": -20.883771671183,
                "energy_xtb_solv": -20.889504121152
            },
            "sp": {
                "energy": -272.298730175911
            },
            "gtot": -272.30446262588,
            "bmw": 0.03332865370528405
        },
        "CONF4": {
            "xtb_gsolv": {
                "gsolv": -0.004977271248002069,
                "energy_xtb_gas": -20.887483878858,
                "energy_xtb_solv": -20.892461150106
            },
            "sp": {
                "energy": -272.299120321701
            },
            "gtot": -272.304097592949,
            "bmw": 0.02264197179601921
        },
        "CONF16": {
            "xtb_gsolv": {
                "gsolv": -0.005704781514999979,
                "energy_xtb_gas": -20.883840413429,
                "energy_xtb_solv": -20.889545194944
            },
            "sp": {
                "energy": -272.298294252097
            },
            "gtot": -272.303999033612,
            "bmw": 0.020397647773942332
        },
        "CONF10": {
            "xtb_gsolv": {
                "gsolv": -0.00581563746800029,
                "energy_xtb_gas": -20.885132856572,
                "energy_xtb_solv": -20.89094849404
            },
            "sp": {
                "energy": -272.298663021657
            },
            "gtot": -272.304478659125,
            "bmw": 0.03389944227582939
        },
        "CONF19": {
            "xtb_gsolv": {
                "gsolv": -0.005727028081999208,
                "energy_xtb_gas": -20.883798183496,
                "energy_xtb_solv": -20.889525211578
            },
            "sp": {
                "energy": -272.298675860532
            },
            "gtot": -272.304402888614,
            "bmw": 0.03128531488931405
        }
    },
    "settings": {
        "threshold": 4.0,
        "func": "pbe-d4",
        "basis": "def2-sv(p)",
        "prog": "orca",
        "gfnv": "gfn2",
        "run": true,
        "template": false
    },
    "nconf_in": 20,
    "nconf_out": 20
}