{
    "partname": "screening",
    "runtime": 107.56111261399928,
    "results": {
        "CONF7": {
            "gsolv": {
                "gsolv": -0.005604647669997576,
                "energy_gas": -272.898388147449,
                "energy_solv": -272.903992795119
            },
            "gtot": -272.903992795119,
            "bmw": 0.10797851105403629
        },
        "CONF6": {
            "gsolv": {
                "gsolv": -0.006308378033963891,
                "energy_gas": -272.897902968448,
                "energy_solv": -272.904211346482
            },
            "gtot": -272.904211346482,
            "bmw": 0.13610184200771422
        },
        "CONF10": {
            "gsolv": {
                "gsolv": -0.0064576666750326694,
                "energy_gas": -272.896653382867,
                "energy_solv": -272.903111049542
            },
            "gtot": -272.903111049542,
            "bmw": 0.04243873629843603
        },
        "CONF2": {
            "gsolv": {
                "gsolv": -0.006506211165969944,
                "energy_gas": -272.897966040379,
                "energy_solv": -272.904472251545
            },
            "gtot": -272.904472251545,
            "bmw": 0.1794204844275835
        },
        "CONF4": {
            "gsolv": {
                "gsolv": -0.006662577712972961,
                "energy_gas": -272.896780546918,
                "energy_solv": -272.903443124631
            },
            "gtot": -272.903443124631,
            "bmw": 0.060326261351104415
        },
        "CONF1": {
            "gsolv": {
                "gsolv": -0.00599285618096701,
                "energy_gas": -272.898502911029,
                "energy_solv": -272.90449576721
            },
            "gtot": -272.90449576721,
            "bmw": 0.18394520956550447
        },
        "CONF9": {
            "gsolv": {
                "gsolv": -0.004783313089035346,
                "energy_gas": -272.896429094463,
                "energy_solv": -272.901212407552
            },
            "gtot": -272.901212407552,
            "bmw": 0.005681298127719717
        },
        "CONF14": {
            "gsolv": {
                "gsolv": -0.006252198225013217,
                "energy_gas": -272.89581764184,
                "energy_solv": -272.902069840065
            },
            "gtot": -272.902069840065,
            "bmw": 0.014087672128019585
        },
        "CONF19": {
            "gsolv": {
                "gsolv": -0.0052401851929744225,
                "energy_gas": -272.895786781539,
                "energy_solv": -272.901026966732
            },
            "gtot": -272.901026966732,
            "bmw": 0.004668213462358751
        },
        "CONF18": {
            "gsolv": {
                "gsolv": -0.005564752726002098,
                "energy_gas": -272.895729558934,
                "energy_solv": -272.90129431166
            },
            "gtot": -272.90129431166,
            "bmw": 0.00619613485746326
        },
        "CONF20": {
            "gsolv": {
                "gsolv": -0.005117304376028642,
                "energy_gas": -272.895786848428,
                "energy_solv": -272.900904152804
            },
            "gtot": -272.900904152804,
            "bmw": 0.004098832868588864
        },
        "CONF5": {
            "gsolv": {
                "gsolv": -0.0065260961039825816,
                "energy_gas": -272.89793144624,
                "energy_solv": -272.904457542344
            },
            "gtot": -272.904457542344,
            "bmw": 0.1766469978051022
        },
        "CONF17": {
            "gsolv": {
                "gsolv": -0.005378132345981612,
                "energy_gas": -272.895756808705,
                "energy_solv": -272.901134941051
            },
            "gtot": -272.901134941051,
            "bmw": 0.0052337799077040925
        },
        "CONF3": {
            "gsolv": {
                "gsolv": -0.005114971244040589,
                "energy_gas": -272.89691124634,
                "energy_solv": -272.902026217584
            },
            "gtot": -272.902026217584,
            "bmw": 0.013451610486422724
        },
        "CONF16": {
            "gsolv": {
                "gsolv": -0.005459569766969707,
                "energy_gas": -272.895758460693,
                "energy_solv": -272.90121803046
            },
            "gtot": -272.90121803046,
            "bmw": 0.005715232969982943
        },
        "CONF8": {
            "gsolv": {
                "gsolv": -0.005308621021981708,
                "energy_gas": -272.895991025356,
                "energy_solv": -272.901299646378
            },
            "gtot": -272.901299646378,
            "bmw": 0.006231242628959986
        },
        "CONF13": {
            "gsolv": {
                "gsolv": -0.006047001430999899,
                "energy_gas": -272.894990135583,
                "energy_solv": -272.901037137014
            },
            "gtot": -272.901037137014,
            "bmw": 0.0047187689452933895
        },
        "CONF11": {
            "gsolv": {
                "gsolv": -0.006400285926986271,
                "energy_gas": -272.894599024121,
                "energy_solv": -272.900999310048
            },
            "gtot": -272.900999310048,
            "bmw": 0.004533457123879976
        },
        "CONF15": {
            "gsolv": {
                "gsolv": -0.006383702874984465,
                "energy_gas": -272.895521454869,
                "energy_solv": -272.901905157744
            },
            "gtot": -272.901905157744,
            "bmw": 0.01183288411202718
        },
        "CONF12": {
            "gsolv": {
                "gsolv": -0.006262516627998593,
                "energy_gas": -272.896410746471,
                "energy_solv": -272.902673263099
            },
            "gtot": -272.902673263099,
            "bmw": 0.02669282987209799
        }
    },
    "settings": {
        "threshold": 3.5,
        "func": "r2scan-3c",
        "basis": "def2-tzvp",
        "prog": "orca",
        "sm": "smd",
        "gfnv": "gfn2",
        "run": true,
        "implicit": false,
        "template": false
    },
    "nconf_in": 20,
    "nconf_out": 20
}