{
   "temperature":     298.150000000000,
   "unit": "hartree",
   "energy":     -23.958010023502,
   "free energy":     -23.850148486680,
   "G(T)":       0.107861536822,
   "ZPVE":       0.143214468378,
   "number of imags":0,
   "point group": "c1",
   "gradient norm":       0.000041196879
}
