{
   "temperature":     298.150000000000,
   "unit": "hartree",
   "energy":     -16.905721978682,
   "free energy":     -16.808472835918,
   "G(T)":       0.097249142763,
   "ZPVE":       0.129262267631,
   "number of imags":0,
   "point group": "c1",
   "gradient norm":       0.000031485240
}
