{
   "temperature":     298.150000000000,
   "unit": "hartree",
   "energy":     -24.062453143559,
   "free energy":     -23.906163042143,
   "G(T)":       0.156290101416,
   "ZPVE":       0.189583623509,
   "number of imags":0,
   "point group": "c1",
   "gradient norm":       0.000022505163
}
