{
   "temperature":     298.150000000000,
   "unit": "hartree",
   "energy":     -23.957855150027,
   "free energy":     -23.850105212280,
   "G(T)":       0.107749937747,
   "ZPVE":       0.143000365738,
   "number of imags":0,
   "point group": "c1",
   "gradient norm":       0.000031533240
}
