{
   "temperature":     298.150000000000,
   "unit": "hartree",
   "energy":     -24.055994373416,
   "free energy":     -23.899920048189,
   "G(T)":       0.156074325228,
   "ZPVE":       0.190112664779,
   "number of imags":0,
   "point group": "c1",
   "gradient norm":       0.000053393456
}
