{
   "temperature":     298.150000000000,
   "unit": "hartree",
   "energy":     -24.060236023672,
   "free energy":     -23.903628032374,
   "G(T)":       0.156607991298,
   "ZPVE":       0.190131495764,
   "number of imags":0,
   "point group": "c1",
   "gradient norm":       0.000026331603
}
