{
   "temperature":     298.150000000000,
   "unit": "hartree",
   "energy":     -24.063226752920,
   "free energy":     -23.907883142396,
   "G(T)":       0.155343610523,
   "ZPVE":       0.189656779287,
   "number of imags":0,
   "point group": "c1",
   "gradient norm":       0.000030364551
}
