{
   "temperature":     298.150000000000,
   "unit": "hartree",
   "energy":     -16.900424592622,
   "free energy":     -16.802047171741,
   "G(T)":       0.098377420881,
   "ZPVE":       0.130346801639,
   "number of imags":0,
   "point group": "c2v",
   "gradient norm":       0.000027475275
}
