{
   "temperature":     298.150000000000,
   "unit": "hartree",
   "energy":     -24.059730129574,
   "free energy":     -23.903238188575,
   "G(T)":       0.156491940999,
   "ZPVE":       0.189978942154,
   "number of imags":0,
   "point group": "c1",
   "gradient norm":       0.000071810176
}
