{
   "temperature":     298.150000000000,
   "unit": "hartree",
   "energy":     -20.895770256842,
   "free energy":     -20.766350462717,
   "G(T)":       0.129419794125,
   "ZPVE":       0.161782602678,
   "number of imags":0,
   "point group": "c1",
   "gradient norm":       0.000023718710
}
