{
   "temperature":     298.150000000000,
   "unit": "hartree",
   "energy":     -20.897213101719,
   "free energy":     -20.767270606702,
   "G(T)":       0.129942495016,
   "ZPVE":       0.162048445524,
   "number of imags":0,
   "point group": "c1",
   "gradient norm":       0.000108159865
}
