{
   "temperature":     298.150000000000,
   "unit": "hartree",
   "energy":     -24.061425975127,
   "free energy":     -23.905209043939,
   "G(T)":       0.156216931188,
   "ZPVE":       0.189860000615,
   "number of imags":0,
   "point group": "c1",
   "gradient norm":       0.000042074070
}
