{
   "temperature":     298.150000000000,
   "unit": "hartree",
   "energy":     -23.957398407216,
   "free energy":     -23.850824362320,
   "G(T)":       0.106574044896,
   "ZPVE":       0.142748793680,
   "number of imags":0,
   "point group": "cs",
   "gradient norm":       0.000033745951
}
