{
   "temperature":     298.150000000000,
   "unit": "hartree",
   "energy":     -24.060028970567,
   "free energy":     -23.903629106170,
   "G(T)":       0.156399864397,
   "ZPVE":       0.190203616956,
   "number of imags":0,
   "point group": "c1",
   "gradient norm":       0.000037597551
}
