{
   "temperature":     298.150000000000,
   "unit": "hartree",
   "energy":     -24.060237551764,
   "free energy":     -23.904692606815,
   "G(T)":       0.155544944949,
   "ZPVE":       0.189759564463,
   "number of imags":0,
   "point group": "c1",
   "gradient norm":       0.000042757364
}
