{
   "temperature":     298.150000000000,
   "unit": "hartree",
   "energy":     -23.958453629326,
   "free energy":     -23.849875726725,
   "G(T)":       0.108577902601,
   "ZPVE":       0.143162857300,
   "number of imags":0,
   "point group": "c1",
   "gradient norm":       0.000039579163
}
