{
   "temperature":     298.150000000000,
   "unit": "hartree",
   "energy":     -17.877107008769,
   "free energy":     -17.769227843937,
   "G(T)":       0.107879164832,
   "ZPVE":       0.139560067003,
   "number of imags":0,
   "point group": "c1",
   "gradient norm":       0.000068203005
}
