{
   "temperature":     298.150000000000,
   "unit": "hartree",
   "energy":     -22.692911924034,
   "free energy":     -22.612229576460,
   "G(T)":       0.080682347573,
   "ZPVE":       0.112341515756,
   "number of imags":0,
   "point group": "c1",
   "gradient norm":       0.000041062361
}
