{
   "temperature":     298.150000000000,
   "unit": "hartree",
   "energy":     -44.042680322399,
   "free energy":     -43.876177340697,
   "G(T)":       0.166502981701,
   "ZPVE":       0.211437671215,
   "number of imags":0,
   "point group": "c1",
   "gradient norm":       0.000196263578
}
