{
   "temperature":     298.150000000000,
   "unit": "hartree",
   "energy":     -20.895834973091,
   "free energy":     -20.766156387415,
   "G(T)":       0.129678585676,
   "ZPVE":       0.161885581603,
   "number of imags":0,
   "point group": "c1",
   "gradient norm":       0.000048824753
}
