{
   "temperature":     298.150000000000,
   "unit": "hartree",
   "energy":     -23.954699589165,
   "free energy":     -23.848632718603,
   "G(T)":       0.106066870562,
   "ZPVE":       0.142942445028,
   "number of imags":0,
   "point group": "c1",
   "gradient norm":       0.000055714690
}
