{
    "partname": "prescreening",
    "runtime": 7.547305881977081,
    "results": {
        "CONF2": {
            "xtb_gsolv": {
                "gsolv": -0.0030339881719996242,
                "energy_xtb_gas": -17.610355860852,
                "energy_xtb_solv": -17.613389849024
            },
            "sp": {
                "energy": -267.807479092211
            },
            "gtot": -267.810513080383,
            "bmw": 0.5545417465954784
        },
        "CONF1": {
            "xtb_gsolv": {
                "gsolv": -0.0027584340610005142,
                "energy_xtb_gas": -17.611182369389,
                "energy_xtb_solv": -17.61394080345
            },
            "sp": {
                "energy": -267.807547833668
            },
            "gtot": -267.810306267729,
            "bmw": 0.44545825340452155
        }
    },
    "settings": {
        "threshold": 4.0,
        "func": "pbe-d4",
        "basis": "def2-sv(p)",
        "prog": "orca",
        "gfnv": "gfn2",
        "run": true,
        "template": false
    },
    "nconf_in": 2,
    "nconf_out": 2
}