{
    "partname": "screening",
    "runtime": 33.08302818890661,
    "results": {
        "CONF2": {
            "gsolv": {
                "gsolv": -0.004692581926008188,
                "energy_gas": -268.32615220298,
                "energy_solv": -268.330844784906
            },
            "gtot": -268.330844784906,
            "bmw": 0.6921003208029509
        },
        "CONF1": {
            "gsolv": {
                "gsolv": -0.004087421032011207,
                "energy_gas": -268.325992615693,
                "energy_solv": -268.330080036725
            },
            "gtot": -268.330080036725,
            "bmw": 0.30789967919704914
        }
    },
    "settings": {
        "threshold": 3.5,
        "func": "r2scan-3c",
        "basis": "def2-tzvp",
        "prog": "orca",
        "sm": "smd",
        "gfnv": "gfn2",
        "run": true,
        "implicit": false,
        "template": false
    },
    "nconf_in": 2,
    "nconf_out": 2
}