{
   "temperature":     298.150000000000,
   "unit": "hartree",
   "energy":     -24.064582144122,
   "free energy":     -23.908746943906,
   "G(T)":       0.155835200216,
   "ZPVE":       0.189840810993,
   "number of imags":0,
   "point group": "c1",
   "gradient norm":       0.000054524092
}
