{
   "temperature":     298.150000000000,
   "unit": "hartree",
   "energy":     -22.692120555739,
   "free energy":     -22.612159946343,
   "G(T)":       0.079960609396,
   "ZPVE":       0.112282153823,
   "number of imags":0,
   "point group": "c1",
   "gradient norm":       0.000055564210
}
