{
   "temperature":     298.150000000000,
   "unit": "hartree",
   "energy":     -26.322099211496,
   "free energy":     -26.114305349088,
   "G(T)":       0.207793862408,
   "ZPVE":       0.243050437203,
   "number of imags":0,
   "point group": "c1",
   "gradient norm":       0.000019359178
}
