{
    "partname": "prescreening",
    "runtime": 21.186908231000416,
    "results": {
        "CONF3": {
            "xtb_gsolv": {
                "gsolv": 0.0013615690849988482,
                "energy_xtb_gas": -23.157688319541,
                "energy_xtb_solv": -23.156326750456
            },
            "sp": {
                "energy": -275.660349224597
            },
            "gtot": -275.65898765551196,
            "bmw": 0.11063414371377484
        },
        "CONF2": {
            "xtb_gsolv": {
                "gsolv": 0.0013540860419993805,
                "energy_xtb_gas": -23.157962878936,
                "energy_xtb_solv": -23.156608792894
            },
            "sp": {
                "energy": -275.660691413015
            },
            "gtot": -275.659337326973,
            "bmw": 0.16022375941484615
        },
        "CONF5": {
            "xtb_gsolv": {
                "gsolv": 0.0013700502519995439,
                "energy_xtb_gas": -23.15754684086,
                "energy_xtb_solv": -23.156176790608
            },
            "sp": {
                "energy": -275.660949508482
            },
            "gtot": -275.65957945823004,
            "bmw": 0.20706160999922976
        },
        "CONF6": {
            "xtb_gsolv": {
                "gsolv": 0.0013840128940003638,
                "energy_xtb_gas": -23.157125927047,
                "energy_xtb_solv": -23.155741914153
            },
            "sp": {
                "energy": -275.65962363276
            },
            "gtot": -275.658239619866,
            "bmw": 0.050097562839182784
        },
        "CONF4": {
            "xtb_gsolv": {
                "gsolv": 0.0013675220439992586,
                "energy_xtb_gas": -23.157579416715,
                "energy_xtb_solv": -23.156211894671
            },
            "sp": {
                "energy": -275.6608747794
            },
            "gtot": -275.659507257356,
            "bmw": 0.19181805512438632
        },
        "CONF1": {
            "xtb_gsolv": {
                "gsolv": 0.001364263302001234,
                "energy_xtb_gas": -23.157994197777,
                "energy_xtb_solv": -23.156629934475
            },
            "sp": {
                "energy": -275.66064347177
            },
            "gtot": -275.65927920846804,
            "bmw": 0.1506587139077002
        },
        "CONF7": {
            "xtb_gsolv": {
                "gsolv": 0.001346868903997489,
                "energy_xtb_gas": -23.157076467087,
                "energy_xtb_solv": -23.155729598183
            },
            "sp": {
                "energy": -275.659285485569
            },
            "gtot": -275.657938616665,
            "bmw": 0.03642207715229146
        },
        "CONF8": {
            "xtb_gsolv": {
                "gsolv": 0.0013442017859972566,
                "energy_xtb_gas": -23.156616091241,
                "energy_xtb_solv": -23.155271889455
            },
            "sp": {
                "energy": -275.659309541398
            },
            "gtot": -275.657965339612,
            "bmw": 0.03746764656019928
        },
        "CONF12": {
            "xtb_gsolv": {
                "gsolv": 0.0013749500170021633,
                "energy_xtb_gas": -23.155539099851,
                "energy_xtb_solv": -23.154164149834
            },
            "sp": {
                "energy": -275.657462307545
            },
            "gtot": -275.656087357528,
            "bmw": 0.0051267772674499015
        },
        "CONF11": {
            "xtb_gsolv": {
                "gsolv": 0.0013428202569976122,
                "energy_xtb_gas": -23.155659154162,
                "energy_xtb_solv": -23.154316333905
            },
            "sp": {
                "energy": -275.65711477654
            },
            "gtot": -275.65577195628305,
            "bmw": 0.0036708777319924574
        },
        "CONF10": {
            "xtb_gsolv": {
                "gsolv": 0.0013581542159997184,
                "energy_xtb_gas": -23.155767762508,
                "energy_xtb_solv": -23.154409608292
            },
            "sp": {
                "energy": -275.657102484928
            },
            "gtot": -275.65574433071197,
            "bmw": 0.0035650287482652636
        },
        "CONF9": {
            "xtb_gsolv": {
                "gsolv": 0.0013610825760004275,
                "energy_xtb_gas": -23.155788942118,
                "energy_xtb_solv": -23.154427859542
            },
            "sp": {
                "energy": -275.657112009914
            },
            "gtot": -275.655750927338,
            "bmw": 0.0035900233580232897
        },
        "CONF14": {
            "xtb_gsolv": {
                "gsolv": 0.0013988379699974018,
                "energy_xtb_gas": -23.155312497799,
                "energy_xtb_solv": -23.153913659829
            },
            "sp": {
                "energy": -275.658354075392
            },
            "gtot": -275.65695523742204,
            "bmw": 0.012854096868716457
        },
        "CONF18": {
            "xtb_gsolv": {
                "gsolv": 0.0013631214069995679,
                "energy_xtb_gas": -23.153977944369,
                "energy_xtb_solv": -23.152614822962
            },
            "sp": {
                "energy": -275.655436277258
            },
            "gtot": -275.654073155851,
            "bmw": 0.0006072615859690287
        },
        "CONF15": {
            "xtb_gsolv": {
                "gsolv": 0.0013904828729991436,
                "energy_xtb_gas": -23.154993639095,
                "energy_xtb_solv": -23.153603156222
            },
            "sp": {
                "energy": -275.657714259651
            },
            "gtot": -275.65632377677804,
            "bmw": 0.006585515518992537
        },
        "CONF19": {
            "xtb_gsolv": {
                "gsolv": 0.0013859551410000392,
                "energy_xtb_gas": -23.153650578548,
                "energy_xtb_solv": -23.152264623407
            },
            "sp": {
                "energy": -275.656948064452
            },
            "gtot": -275.655562109311,
            "bmw": 0.00293932083912211
        },
        "CONF20": {
            "xtb_gsolv": {
                "gsolv": 0.0014088198519992545,
                "energy_xtb_gas": -23.153208477971,
                "energy_xtb_solv": -23.151799658119
            },
            "sp": {
                "energy": -275.65762428142
            },
            "gtot": -275.656215461568,
            "bmw": 0.0058717591010944824
        },
        "CONF21": {
            "xtb_gsolv": {
                "gsolv": 0.0013607016900003543,
                "energy_xtb_gas": -23.152839058598,
                "energy_xtb_solv": -23.151478356908
            },
            "sp": {
                "energy": -275.654414118608
            },
            "gtot": -275.653053416918,
            "bmw": 0.00020621885357347127
        },
        "CONF22": {
            "xtb_gsolv": {
                "gsolv": 0.0013678785999999832,
                "energy_xtb_gas": -23.151529151378,
                "energy_xtb_solv": -23.150161272778
            },
            "sp": {
                "energy": -275.65382833958
            },
            "gtot": -275.65246046098,
            "bmw": 0.0001100493586894729
        },
        "CONF17": {
            "xtb_gsolv": {
                "gsolv": 0.0013960699240023189,
                "energy_xtb_gas": -23.154049035416,
                "energy_xtb_solv": -23.152652965492
            },
            "sp": {
                "energy": -275.657266044036
            },
            "gtot": -275.655869974112,
            "bmw": 0.004072442864386578
        },
        "CONF13": {
            "xtb_gsolv": {
                "gsolv": 0.0013764030929976911,
                "energy_xtb_gas": -23.155534143601,
                "energy_xtb_solv": -23.154157740508
            },