{
    "partname": "screening",
    "runtime": 93.81890581804328,
    "results": {
        "CONF14": {
            "gsolv": {
                "gsolv": 0.003700187749984707,
                "energy_gas": -276.283578355263,
                "energy_solv": -276.279878167513
            },
            "gtot": -276.279878167513,
            "bmw": 0.007036047456720434
        },
        "CONF2": {
            "gsolv": {
                "gsolv": 0.003846661093007242,
                "energy_gas": -276.286647603209,
                "energy_solv": -276.282800942116
            },
            "gtot": -276.282800942116,
            "bmw": 0.15549342082017972
        },
        "CONF13": {
            "gsolv": {
                "gsolv": 0.0038425557750088046,
                "energy_gas": -276.283342291938,
                "energy_solv": -276.279499736163
            },
            "gtot": -276.279499736163,
            "bmw": 0.004712619631309967
        },
        "CONF4": {
            "gsolv": {
                "gsolv": 0.0038172092000081648,
                "energy_gas": -276.286653979738,
                "energy_solv": -276.282836770538
            },
            "gtot": -276.282836770538,
            "bmw": 0.1615072235870151
        },
        "CONF8": {
            "gsolv": {
                "gsolv": 0.003874321719024465,
                "energy_gas": -276.285609891333,
                "energy_solv": -276.281735569614
            },
            "gtot": -276.281735569614,
            "bmw": 0.05031234826362761
        },
        "CONF7": {
            "gsolv": {
                "gsolv": 0.0038920095699950252,
                "energy_gas": -276.285530442402,
                "energy_solv": -276.281638432832
            },
            "gtot": -276.281638432832,
            "bmw": 0.045393614065291535
        },
        "CONF3": {
            "gsolv": {
                "gsolv": 0.003793647807015077,
                "energy_gas": -276.286166543367,
                "energy_solv": -276.28237289556
            },
            "gtot": -276.28237289556,
            "bmw": 0.09881530854061306
        },
        "CONF6": {
            "gsolv": {
                "gsolv": 0.0037930561289840625,
                "energy_gas": -276.286457281085,
                "energy_solv": -276.282664224956
            },
            "gtot": -276.282664224956,
            "bmw": 0.1345322722347595
        },
        "CONF12": {
            "gsolv": {
                "gsolv": 0.003846716526993532,
                "energy_gas": -276.283291810587,
                "energy_solv": -276.27944509406
            },
            "gtot": -276.27944509406,
            "bmw": 0.004447631121231871
        },
        "CONF1": {
            "gsolv": {
                "gsolv": 0.003866723700980401,
                "energy_gas": -276.286434976153,
                "energy_solv": -276.282568252452
            },
            "gtot": -276.282568252452,
            "bmw": 0.12152963156968194
        },
        "CONF17": {
            "gsolv": {
                "gsolv": 0.0037072929319492687,
                "energy_gas": -276.282768423676,
                "energy_solv": -276.279061130744
            },
            "gtot": -276.279061130744,
            "bmw": 0.0029615417555181314
        },
        "CONF20": {
            "gsolv": {
                "gsolv": 0.0036591727919699224,
                "energy_gas": -276.28267304147,
                "energy_solv": -276.279013868678
            },
            "gtot": -276.279013868678,
            "bmw": 0.002816947899875608
        },
        "CONF9": {
            "gsolv": {
                "gsolv": 0.0039039000700427096,
                "energy_gas": -276.283584958793,
                "energy_solv": -276.279681058723
            },
            "gtot": -276.279681058723,
            "bmw": 0.0057103797750949386
        },
        "CONF11": {
            "gsolv": {
                "gsolv": 0.003964241290020709,
                "energy_gas": -276.283111966463,
                "energy_solv": -276.279147725173
            },
            "gtot": -276.279147725173,
            "bmw": 0.0032460001866509744
        },
        "CONF5": {
            "gsolv": {
                "gsolv": 0.0038218006350234646,
                "energy_gas": -276.286802606067,
                "energy_solv": -276.282980805432
            },
            "gtot": -276.282980805432,
            "bmw": 0.18812365877385478
        },
        "CONF15": {
            "gsolv": {
                "gsolv": 0.00374089740199679,
                "energy_gas": -276.28326065889,
                "energy_solv": -276.279519761488
            },
            "gtot": -276.279519761488,
            "bmw": 0.004813637701168243
        },
        "CONF10": {
            "gsolv": {
                "gsolv": 0.0039236346640336706,
                "energy_gas": -276.283502968361,
                "energy_solv": -276.279579333697
            },
            "gtot": -276.279579333697,
            "bmw": 0.005127134605175705
        },
        "CONF16": {
            "gsolv": {
                "gsolv": 0.003778461106037412,
                "energy_gas": -276.28171507409,
                "energy_solv": -276.277936612984
            },
            "gtot": -276.277936612984,
            "bmw": 0.0009000683585907047
        },
        "CONF19": {
            "gsolv": {
                "gsolv": 0.0036862518240354802,
                "energy_gas": -276.282425005129,
                "energy_solv": -276.278738753305
            },
            "gtot": -276.278738753305,
            "bmw": 0.0021049147072889998
        },
        "CONF18": {
            "gsolv": {
                "gsolv": 0.0037816015059775054,
                "energy_gas": -276.280988596474,
                "energy_solv": -276.277206994968
            },
            "gtot": -276.277206994968,
            "bmw": 0.0004155989463513861
        }
    },
    "settings": {
        "threshold": 3.5,
        "func": "r2scan-3c",
        "basis": "def2-tzvp",
        "prog": "orca",
        "sm": "smd",
        "gfnv": "gfn2",
        "run": true,
        "implicit": false,
        "template": false
    },
    "nconf_in": 20,
    "nconf_out": 20
}