{
   "temperature":     298.150000000000,
   "unit": "hartree",
   "energy":     -19.991221872955,
   "free energy":     -19.836042196376,
   "G(T)":       0.155179676579,
   "ZPVE":       0.187112197615,
   "number of imags":0,
   "point group": "c1",
   "gradient norm":       0.000036298384
}
