{
   "temperature":     298.150000000000,
   "unit": "hartree",
   "energy":     -23.967054116418,
   "free energy":     -23.857144148752,
   "G(T)":       0.109909967665,
   "ZPVE":       0.143653996495,
   "number of imags":0,
   "point group": "c1",
   "gradient norm":       0.000048497037
}
