{
    "partname": "prescreening",
    "runtime": 39.545301518402994,
    "results": {
        "CONF7": {
            "xtb_gsolv": {
                "gsolv": -0.004447017120000396,
                "energy_xtb_gas": -32.568344530818,
                "energy_xtb_solv": -32.572791547938
            },
            "sp": {
                "energy": -463.625312992392
            },
            "gtot": -463.62976000951204,
            "bmw": 0.002528541506668565
        },
        "CONF3": {
            "xtb_gsolv": {
                "gsolv": -0.0045192871770041165,
                "energy_xtb_gas": -32.568705587374,
                "energy_xtb_solv": -32.573224874551
            },
            "sp": {
                "energy": -463.629268488003
            },
            "gtot": -463.63378777518,
            "bmw": 0.18010014096340493
        },
        "CONF8": {
            "xtb_gsolv": {
                "gsolv": -0.0045114826349959,
                "energy_xtb_gas": -32.568114063201,
                "energy_xtb_solv": -32.572625545836
            },
            "sp": {
                "energy": -463.624800653943
            },
            "gtot": -463.629312136578,
            "bmw": 0.0015734856893848534
        },
        "CONF2": {
            "xtb_gsolv": {
                "gsolv": -0.004406588698003588,
                "energy_xtb_gas": -32.568953989765,
                "energy_xtb_solv": -32.573360578463
            },
            "sp": {
                "energy": -463.630077749125
            },
            "gtot": -463.634484337823,
            "bmw": 0.3766263404520201
        },
        "CONF4": {
            "xtb_gsolv": {
                "gsolv": -0.00435737422200333,
                "energy_xtb_gas": -32.568697587097,
                "energy_xtb_solv": -32.573054961319
            },
            "sp": {
                "energy": -463.628736280053
            },
            "gtot": -463.633093654275,
            "bmw": 0.08634566464449521
        },
        "CONF13": {
            "xtb_gsolv": {
                "gsolv": -0.004405785682997987,
                "energy_xtb_gas": -32.565024071231,
                "energy_xtb_solv": -32.569429856914
            },
            "sp": {
                "energy": -463.620922912501
            },
            "gtot": -463.625328698184,
            "bmw": 2.3153037033472504e-05
        },
        "CONF1": {
            "xtb_gsolv": {
                "gsolv": -0.004566033915999412,
                "energy_xtb_gas": -32.568818398502,
                "energy_xtb_solv": -32.573384432418
            },
            "sp": {
                "energy": -463.629510704979
            },
            "gtot": -463.634076738895,
            "bmw": 0.24458406639847485
        },
        "CONF14": {
            "xtb_gsolv": {
                "gsolv": -0.004555571743999565,
                "energy_xtb_gas": -32.564561791301,
                "energy_xtb_solv": -32.569117363045
            },
            "sp": {
                "energy": -463.62052029282
            },
            "gtot": -463.625075864564,
            "bmw": 1.771383321718724e-05
        },
        "CONF9": {
            "xtb_gsolv": {
                "gsolv": -0.004386228950998827,
                "energy_xtb_gas": -32.568081927247,
                "energy_xtb_solv": -32.572468156198
            },
            "sp": {
                "energy": -463.624034984565
            },
            "gtot": -463.628421213516,
            "bmw": 0.0006124442412206462
        },
        "CONF16": {
            "xtb_gsolv": {
                "gsolv": -0.004455560906002631,
                "energy_xtb_gas": -32.564249094438,
                "energy_xtb_solv": -32.568704655344
            },
            "sp": {
                "energy": -463.622044221299
            },
            "gtot": -463.62649978220503,
            "bmw": 8.003304293492235e-05
        },
        "CONF12": {
            "xtb_gsolv": {
                "gsolv": -0.0044259623659996805,
                "energy_xtb_gas": -32.566412718667,
                "energy_xtb_solv": -32.570838681033
            },
            "sp": {
                "energy": -463.621332200969
            },
            "gtot": -463.625758163335,
            "bmw": 3.648784900100176e-05
        },
        "CONF6": {
            "xtb_gsolv": {
                "gsolv": -0.004327385014001095,
                "energy_xtb_gas": -32.568599188861,
                "energy_xtb_solv": -32.572926573875
            },
            "sp": {
                "energy": -463.628882202285
            },
            "gtot": -463.633209587299,
            "bmw": 0.09762612165141367
        },
        "CONF11": {
            "xtb_gsolv": {
                "gsolv": -0.004537271917996577,
                "energy_xtb_gas": -32.566751467122,
                "energy_xtb_solv": -32.57128873904
            },
            "sp": {
                "energy": -463.625760731531
            },
            "gtot": -463.63029800344896,
            "bmw": 0.004470233086497117
        },
        "CONF10": {
            "xtb_gsolv": {
                "gsolv": -0.004342934329002901,
                "energy_xtb_gas": -32.567971660575,
                "energy_xtb_solv": -32.572314594904
            },
            "sp": {
                "energy": -463.624661068527
            },
            "gtot": -463.62900400285605,
            "bmw": 0.0011353534817209372
        },
        "CONF5": {
            "xtb_gsolv": {
                "gsolv": -0.004621102830000723,
                "energy_xtb_gas": -32.568352315125,
                "energy_xtb_solv": -32.572973417955
            },
            "sp": {
                "energy": -463.625169157131
            },
            "gtot": -463.629790259961,
            "bmw": 0.002610864483658312
        },
        "CONF15": {
            "xtb_gsolv": {
                "gsolv": -0.004608077952994449,
                "energy_xtb_gas": -32.564142632345,
                "energy_xtb_solv": -32.568750710298
            },
            "sp": {
                "energy": -463.620333587291
            },
            "gtot": -463.62494166524397,
            "bmw": 1.5366860080377824e-05
        },
        "CONF18": {
            "xtb_gsolv": {
                "gsolv": -0.004494795812000518,
                "energy_xtb_gas": -32.563780321105,
                "energy_xtb_solv": -32.568275116917
            },
            "sp": {
                "energy": -463.621985572291
            },
            "gtot": -463.626480368103,
            "bmw": 7.840422398692822e-05
        },
        "CONF25": {
            "xtb_gsolv": {
                "gsolv": -0.0046876199630006,
                "energy_xtb_gas": -32.562647607126,
                "energy_xtb_solv": -32.567335227089
            },
            "sp": {
                "energy": -463.617412963524
            },
            "gtot": -463.622100583487,
            "bmw": 7.581898864126803e-07
        },
        "CONF22": {
            "xtb_gsolv": {
                "gsolv": -0.0044577779840011544,
                "energy_xtb_gas": -32.563467997326,
                "energy_xtb_solv": -32.56792577531
            },
            "sp": {
                "energy": -463.617999039102
            },
            "gtot": -463.622456817086,
            "bmw": 1.105691829284195e-06
        },
        "CONF17": {
            "xtb_gsolv": {
                "gsolv": -0.004440263646998233,
                "energy_xtb_gas": -32.563993696047,
                "energy_xtb_solv": -32.568433959694
            },
            "sp": {
                "energy": -463.621062578338
            },
            "gtot": -463.625502841985,
            "bmw": 2.784252192113425e-05
        },
        "CONF20": {
            "xtb_gsolv": {
                "gsolv": -0.004478595370997596,
                "energy_xtb_gas": -32.563629819562,
                "energy_xtb_solv": -32.568108414933
            },