{
    "partname": "screening",
    "runtime": 131.317138181068,
    "results": {
        "CONF6": {
            "gsolv": {
                "gsolv": -0.006977367388969924,
                "energy_gas": -464.555972574623,
                "energy_solv": -464.562949942012
            },
            "gtot": -464.562949942012,
            "bmw": 0.09031258307217077
        },
        "CONF2": {
            "gsolv": {
                "gsolv": -0.007031102028008718,
                "energy_gas": -464.557423995872,
                "energy_solv": -464.5644550979
            },
            "gtot": -464.5644550979,
            "bmw": 0.4447050376130889
        },
        "CONF3": {
            "gsolv": {
                "gsolv": -0.0070502617010106405,
                "energy_gas": -464.556913332348,
                "energy_solv": -464.563963594049
            },
            "gtot": -464.563963594049,
            "bmw": 0.2642383975133248
        },
        "CONF10": {
            "gsolv": {
                "gsolv": -0.006675289823988351,
                "energy_gas": -464.550710807738,
                "energy_solv": -464.557386097562
            },
            "gtot": -464.557386097562,
            "bmw": 0.0002492051231826466
        },
        "CONF11": {
            "gsolv": {
                "gsolv": -0.007089226562982276,
                "energy_gas": -464.552870512995,
                "energy_solv": -464.559959739558
            },
            "gtot": -464.559959739558,
            "bmw": 0.003804962152944987
        },
        "CONF4": {
            "gsolv": {
                "gsolv": -0.007018655595970813,
                "energy_gas": -464.555608419699,
                "energy_solv": -464.562627075295
            },
            "gtot": -464.562627075295,
            "bmw": 0.06415638043011343
        },
        "CONF9": {
            "gsolv": {
                "gsolv": -0.00674226740903805,
                "energy_gas": -464.549926729625,
                "energy_solv": -464.556668997034
            },
            "gtot": -464.556668997034,
            "bmw": 0.00011660402865758615
        },
        "CONF8": {
            "gsolv": {
                "gsolv": -0.006743195142973946,
                "energy_gas": -464.551275622048,
                "energy_solv": -464.558018817191
            },
            "gtot": -464.558018817191,
            "bmw": 0.00048706604024643366
        },
        "CONF7": {
            "gsolv": {
                "gsolv": -0.0068090221039938115,
                "energy_gas": -464.55178115746,
                "energy_solv": -464.558590179564
            },
            "gtot": -464.558590179564,
            "bmw": 0.0008920646914574485
        },
        "CONF1": {
            "gsolv": {
                "gsolv": -0.00693882914202959,
                "energy_gas": -464.556355466281,
                "energy_solv": -464.563294295423
            },
            "gtot": -464.563294295423,
            "bmw": 0.1300588378404576
        },
        "CONF5": {
            "gsolv": {
                "gsolv": -0.006450793261990384,
                "energy_gas": -464.550977259121,
                "energy_solv": -464.557428052383
            },
            "gtot": -464.557428052383,
            "bmw": 0.0002605282655377828
        },
        "CONF26": {
            "gsolv": {
                "gsolv": -0.007706959458971596,
                "energy_gas": -464.550678705094,
                "energy_solv": -464.558385664553
            },
            "gtot": -464.558385664553,
            "bmw": 0.0007183332288178379
        }
    },
    "settings": {
        "threshold": 3.5,
        "func": "r2scan-3c",
        "basis": "def2-tzvp",
        "prog": "orca",
        "sm": "smd",
        "gfnv": "gfn2",
        "run": true,
        "implicit": false,
        "template": false
    },
    "nconf_in": 12,
    "nconf_out": 12
}