{
   "temperature":     298.150000000000,
   "unit": "hartree",
   "energy":     -24.063789437371,
   "free energy":     -23.908510949300,
   "G(T)":       0.155278488071,
   "ZPVE":       0.189553679500,
   "number of imags":0,
   "point group": "c1",
   "gradient norm":       0.000021287936
}
