{
    "partname": "prescreening",
    "runtime": 7.109024116769433,
    "results": {
        "CONF1": {
            "xtb_gsolv": {
                "gsolv": 0.0013259015769992999,
                "energy_xtb_gas": -15.770814485124,
                "energy_xtb_solv": -15.769488583547
            },
            "sp": {
                "energy": -196.026752069869
            },
            "gtot": -196.025426168292,
            "bmw": 0.3051794255745293
        },
        "CONF3": {
            "xtb_gsolv": {
                "gsolv": 0.0012781130999997004,
                "energy_xtb_gas": -15.769640256578,
                "energy_xtb_solv": -15.768362143478
            },
            "sp": {
                "energy": -196.02569761179
            },
            "gtot": -196.02441949869,
            "bmw": 0.10507981174657556
        },
        "CONF5": {
            "xtb_gsolv": {
                "gsolv": 0.0012998462650006815,
                "energy_xtb_gas": -15.768348532916,
                "energy_xtb_solv": -15.767048686651
            },
            "sp": {
                "energy": -196.025075727148
            },
            "gtot": -196.023775880883,
            "bmw": 0.05314661236454139
        },
        "CONF6": {
            "xtb_gsolv": {
                "gsolv": 0.001236491085998992,
                "energy_xtb_gas": -15.76824112756,
                "energy_xtb_solv": -15.767004636474
            },
            "sp": {
                "energy": -196.022716377165
            },
            "gtot": -196.02147988607902,
            "bmw": 0.004670797945253246
        },
        "CONF4": {
            "xtb_gsolv": {
                "gsolv": 0.0012176785480004781,
                "energy_xtb_gas": -15.769403810946,
                "energy_xtb_solv": -15.768186132398
            },
            "sp": {
                "energy": -196.026298374131
            },
            "gtot": -196.025080695583,
            "bmw": 0.21166488001605907
        },
        "CONF2": {
            "xtb_gsolv": {
                "gsolv": 0.0012488931670002756,
                "energy_xtb_gas": -15.770642510974,
                "energy_xtb_solv": -15.769393617807
            },
            "sp": {
                "energy": -196.026720598038
            },
            "gtot": -196.025471704871,
            "bmw": 0.3202584723530412
        }
    },
    "settings": {
        "threshold": 4.0,
        "func": "pbe-d4",
        "basis": "def2-sv(p)",
        "prog": "orca",
        "gfnv": "gfn2",
        "run": true,
        "template": false
    },
    "nconf_in": 6,
    "nconf_out": 6
}