{
    "partname": "screening",
    "runtime": 29.042993815615773,
    "results": {
        "CONF4": {
            "gsolv": {
                "gsolv": 0.0016356326709967561,
                "energy_gas": -196.457962498884,
                "energy_solv": -196.456326866213
            },
            "gtot": -196.456326866213,
            "bmw": 0.2155997737581302
        },
        "CONF2": {
            "gsolv": {
                "gsolv": 0.00169821240402257,
                "energy_gas": -196.458412104137,
                "energy_solv": -196.456713891733
            },
            "gtot": -196.456713891733,
            "bmw": 0.3248386652482149
        },
        "CONF6": {
            "gsolv": {
                "gsolv": 0.001690953861015032,
                "energy_gas": -196.454530599581,
                "energy_solv": -196.45283964572
            },
            "gtot": -196.45283964572,
            "bmw": 0.005365842302393408
        },
        "CONF5": {
            "gsolv": {
                "gsolv": 0.0015960809699890888,
                "energy_gas": -196.456487428344,
                "energy_solv": -196.454891347374
            },
            "gtot": -196.454891347374,
            "bmw": 0.04713628389763745
        },
        "CONF1": {
            "gsolv": {
                "gsolv": 0.0017865749879888426,
                "energy_gas": -196.458470266778,
                "energy_solv": -196.45668369179
            },
            "gtot": -196.45668369179,
            "bmw": 0.31461302979215705
        },
        "CONF3": {
            "gsolv": {
                "gsolv": 0.0017541752519889542,
                "energy_gas": -196.457281511617,
                "energy_solv": -196.455527336365
            },
            "gtot": -196.455527336365,
            "bmw": 0.0924464050014671
        }
    },
    "settings": {
        "threshold": 3.5,
        "func": "r2scan-3c",
        "basis": "def2-tzvp",
        "prog": "orca",
        "sm": "smd",
        "gfnv": "gfn2",
        "run": true,
        "implicit": false,
        "template": false
    },
    "nconf_in": 6,
    "nconf_out": 6
}