{
   "temperature":     298.150000000000,
   "unit": "hartree",
   "energy":     -24.060389790484,
   "free energy":     -23.904727778535,
   "G(T)":       0.155662011949,
   "ZPVE":       0.189571217885,
   "number of imags":0,
   "point group": "c1",
   "gradient norm":       0.000060489236
}
