{
    "partname": "prescreening",
    "runtime": 11.68243997078389,
    "results": {
        "CONF9": {
            "xtb_gsolv": {
                "gsolv": 0.0013789423229972897,
                "energy_xtb_gas": -23.157661687338,
                "energy_xtb_solv": -23.156282745015
            },
            "sp": {
                "energy": -275.659310575281
            },
            "gtot": -275.65793163295797,
            "bmw": 0.001942246286065991
        },
        "CONF1": {
            "xtb_gsolv": {
                "gsolv": 0.0013480078960022013,
                "energy_xtb_gas": -23.160715685153,
                "energy_xtb_solv": -23.159367677257
            },
            "sp": {
                "energy": -275.663770726351
            },
            "gtot": -275.662422718455,
            "bmw": 0.22597512477918924
        },
        "CONF5": {
            "xtb_gsolv": {
                "gsolv": 0.0013368890989973181,
                "energy_xtb_gas": -23.160579858882,
                "energy_xtb_solv": -23.159242969783
            },
            "sp": {
                "energy": -275.663220897425
            },
            "gtot": -275.661884008326,
            "bmw": 0.1277235931597855
        },
        "CONF3": {
            "xtb_gsolv": {
                "gsolv": 0.001342444409001331,
                "energy_xtb_gas": -23.160666615122,
                "energy_xtb_solv": -23.159324170713
            },
            "sp": {
                "energy": -275.663546310695
            },
            "gtot": -275.662203866286,
            "bmw": 0.17922376864848477
        },
        "CONF4": {
            "xtb_gsolv": {
                "gsolv": 0.001340034959000036,
                "energy_xtb_gas": -23.160629469787,
                "energy_xtb_solv": -23.159289434828
            },
            "sp": {
                "energy": -275.66343699602
            },
            "gtot": -275.66209696106097,
            "bmw": 0.16003781213519686
        },
        "CONF2": {
            "xtb_gsolv": {
                "gsolv": 0.001345142928002474,
                "energy_xtb_gas": -23.160698202721,
                "energy_xtb_solv": -23.159353059793
            },
            "sp": {
                "energy": -275.663683622418
            },
            "gtot": -275.66233847948996,
            "bmw": 0.20668711013985122
        },
        "CONF6": {
            "xtb_gsolv": {
                "gsolv": 0.001334816746002332,
                "energy_xtb_gas": -23.160542342365,
                "energy_xtb_solv": -23.159207525619
            },
            "sp": {
                "energy": -275.662785221828
            },
            "gtot": -275.661450405082,
            "bmw": 0.08069143541389358
        },
        "CONF11": {
            "xtb_gsolv": {
                "gsolv": 0.0013885917219980115,
                "energy_xtb_gas": -23.156390518408,
                "energy_xtb_solv": -23.155001926686
            },
            "sp": {
                "energy": -275.659543745156
            },
            "gtot": -275.658155153434,
            "bmw": 0.0024610282665110893
        },
        "CONF7": {
            "xtb_gsolv": {
                "gsolv": 0.0013465765530007445,
                "energy_xtb_gas": -23.158768070384,
                "energy_xtb_solv": -23.157421493831
            },
            "sp": {
                "energy": -275.66008827654
            },
            "gtot": -275.65874169998705,
            "bmw": 0.0045804625955422704
        },
        "CONF8": {
            "xtb_gsolv": {
                "gsolv": 0.0013374742670002604,
                "energy_xtb_gas": -23.158602846321,
                "energy_xtb_solv": -23.157265372054
            },
            "sp": {
                "energy": -275.659728502829
            },
            "gtot": -275.658391028562,
            "bmw": 0.0031594511918847383
        },
        "CONF14": {
            "xtb_gsolv": {
                "gsolv": 0.0013831191240001317,
                "energy_xtb_gas": -23.156324876118,
                "energy_xtb_solv": -23.154941756994
            },
            "sp": {
                "energy": -275.659332721094
            },
            "gtot": -275.65794960197,
            "bmw": 0.0019795636621583825
        },
        "CONF10": {
            "xtb_gsolv": {
                "gsolv": 0.0013787085459995296,
                "energy_xtb_gas": -23.15754036959,
                "energy_xtb_solv": -23.156161661044
            },
            "sp": {
                "energy": -275.658906051745
            },
            "gtot": -275.65752734319904,
            "bmw": 0.001265738187135531
        },
        "CONF15": {
            "xtb_gsolv": {
                "gsolv": 0.0014227181350001672,
                "energy_xtb_gas": -23.152063590858,
                "energy_xtb_solv": -23.150640872723
            },
            "sp": {
                "energy": -275.656358165389
            },
            "gtot": -275.654935447254,
            "bmw": 8.131193057532896e-05
        },
        "CONF13": {
            "xtb_gsolv": {
                "gsolv": 0.0013785343399987937,
                "energy_xtb_gas": -23.156326816563,
                "energy_xtb_solv": -23.154948282223
            },
            "sp": {
                "energy": -275.65937526984
            },
            "gtot": -275.6579967355,
            "bmw": 0.0020808913081739678
        },
        "CONF16": {
            "xtb_gsolv": {
                "gsolv": 0.0014216023099997699,
                "energy_xtb_gas": -23.151587385712,
                "energy_xtb_solv": -23.150165783402
            },
            "sp": {
                "energy": -275.656156467261
            },
            "gtot": -275.65473486495097,
            "bmw": 6.574955224072408e-05
        },
        "CONF12": {
            "xtb_gsolv": {
                "gsolv": 0.0013856899009994095,
                "energy_xtb_gas": -23.156364523162,
                "energy_xtb_solv": -23.154978833261
            },
            "sp": {
                "energy": -275.659365865358
            },
            "gtot": -275.657980175457,
            "bmw": 0.002044712743311084
        }
    },
    "settings": {
        "threshold": 4.0,
        "func": "pbe-d4",
        "basis": "def2-sv(p)",
        "prog": "orca",
        "gfnv": "gfn2",
        "run": true,
        "template": false
    },
    "nconf_in": 16,
    "nconf_out": 14
}