{
    "partname": "screening",
    "runtime": 56.28684783913195,
    "results": {
        "CONF5": {
            "gsolv": {
                "gsolv": 0.0038603996330266455,
                "energy_gas": -276.288761401894,
                "energy_solv": -276.284901002261
            },
            "gtot": -276.284901002261,
            "bmw": 0.10663228457571317
        },
        "CONF3": {
            "gsolv": {
                "gsolv": 0.0038639058329863474,
                "energy_gas": -276.289210350891,
                "energy_solv": -276.285346445058
            },
            "gtot": -276.285346445058,
            "bmw": 0.17091422811086285
        },
        "CONF4": {
            "gsolv": {
                "gsolv": 0.0038586592639830997,
                "energy_gas": -276.289007948198,
                "energy_solv": -276.285149288934
            },
            "gtot": -276.285149288934,
            "bmw": 0.13870517935948684
        },
        "CONF7": {
            "gsolv": {
                "gsolv": 0.003908814466967669,
                "energy_gas": -276.28609555323,
                "energy_solv": -276.282186738763
            },
            "gtot": -276.282186738763,
            "bmw": 0.0060174698839210025
        },
        "CONF8": {
            "gsolv": {
                "gsolv": 0.003963828413986903,
                "energy_gas": -276.285688657108,
                "energy_solv": -276.281724828694
            },
            "gtot": -276.281724828694,
            "bmw": 0.00368935121402639
        },
        "CONF6": {
            "gsolv": {
                "gsolv": 0.0038505400179928984,
                "energy_gas": -276.288605868837,
                "energy_solv": -276.284755328819
            },
            "gtot": -276.284755328819,
            "bmw": 0.09138682072409364
        },
        "CONF1": {
            "gsolv": {
                "gsolv": 0.003857528294020085,
                "energy_gas": -276.289598367971,
                "energy_solv": -276.285740839677
            },
            "gtot": -276.285740839677,
            "bmw": 0.2595297721290841
        },
        "CONF2": {
            "gsolv": {
                "gsolv": 0.0038619860320068256,
                "energy_gas": -276.289417424701,
                "energy_solv": -276.285555438669
            },
            "gtot": -276.285555438669,
            "bmw": 0.21325961695189746
        },
        "CONF13": {
            "gsolv": {
                "gsolv": 0.003616508102993521,
                "energy_gas": -276.284272641627,
                "energy_solv": -276.280656133524
            },
            "gtot": -276.280656133524,
            "bmw": 0.0011895542391617056
        },
        "CONF9": {
            "gsolv": {
                "gsolv": 0.0038465126360165414,
                "energy_gas": -276.285111300526,
                "energy_solv": -276.28126478789
            },
            "gtot": -276.28126478789,
            "bmw": 0.002266448620238712
        },
        "CONF14": {
            "gsolv": {
                "gsolv": 0.003615154439955859,
                "energy_gas": -276.284409577486,
                "energy_solv": -276.280794423046
            },
            "gtot": -276.280794423046,
            "bmw": 0.0013771873537537162
        },
        "CONF11": {
            "gsolv": {
                "gsolv": 0.0036283771540297494,
                "energy_gas": -276.284652102938,
                "energy_solv": -276.281023725784
            },
            "gtot": -276.281023725784,
            "bmw": 0.0017557593290799416
        },
        "CONF12": {
            "gsolv": {
                "gsolv": 0.003625504579019889,
                "energy_gas": -276.284533983581,
                "energy_solv": -276.280908479002
            },
            "gtot": -276.280908479002,
            "bmw": 0.0015540147419071595
        },
        "CONF10": {
            "gsolv": {
                "gsolv": 0.0038048067530098706,
                "energy_gas": -276.284810372663,
                "energy_solv": -276.28100556591
            },
            "gtot": -276.28100556591,
            "bmw": 0.001722312766773246
        }
    },
    "settings": {
        "threshold": 3.5,
        "func": "r2scan-3c",
        "basis": "def2-tzvp",
        "prog": "orca",
        "sm": "smd",
        "gfnv": "gfn2",
        "run": true,
        "implicit": false,
        "template": false
    },
    "nconf_in": 14,
    "nconf_out": 14
}