{
   "temperature":     298.150000000000,
   "unit": "hartree",
   "energy":     -23.156815631996,
   "free energy":     -22.975674458903,
   "G(T)":       0.181141173093,
   "ZPVE":       0.214965441352,
   "number of imags":0,
   "point group": "c1",
   "gradient norm":       0.000050217714
}
