{
   "temperature":     298.150000000000,
   "unit": "hartree",
   "energy":     -32.508791327842,
   "free energy":     -32.380834484498,
   "G(T)":       0.127956843344,
   "ZPVE":       0.166001943536,
   "number of imags":0,
   "point group": "cs",
   "gradient norm":       0.000044884360
}
