{
   "temperature":     298.150000000000,
   "unit": "hartree",
   "energy":     -16.825267551303,
   "free energy":     -16.696227355668,
   "G(T)":       0.129040195636,
   "ZPVE":       0.159268603456,
   "number of imags":0,
   "point group": "c1",
   "gradient norm":       0.000034899764
}
