{
    "partname": "prescreening",
    "runtime": 29.559047765098512,
    "results": {
        "CONF2": {
            "xtb_gsolv": {
                "gsolv": -0.01995166608799792,
                "energy_xtb_gas": -52.641082496422,
                "energy_xtb_solv": -52.66103416251
            },
            "sp": {
                "energy": -797.789227730936
            },
            "gtot": -797.809179397024,
            "bmw": 0.12344319227772199
        },
        "CONF3": {
            "xtb_gsolv": {
                "gsolv": -0.020019099673994845,
                "energy_xtb_gas": -52.641006803182,
                "energy_xtb_solv": -52.661025902856
            },
            "sp": {
                "energy": -797.789237131855
            },
            "gtot": -797.8092562315289,
            "bmw": 0.13390863100086703
        },
        "CONF4": {
            "xtb_gsolv": {
                "gsolv": -0.020073321292002788,
                "energy_xtb_gas": -52.640931364389,
                "energy_xtb_solv": -52.661004685681
            },
            "sp": {
                "energy": -797.789195770614
            },
            "gtot": -797.809269091906,
            "bmw": 0.13574502883035963
        },
        "CONF1": {
            "xtb_gsolv": {
                "gsolv": -0.019686000541000226,
                "energy_xtb_gas": -52.642401280643,
                "energy_xtb_solv": -52.662087281184
            },
            "sp": {
                "energy": -797.788897953914
            },
            "gtot": -797.808583954455,
            "bmw": 0.06570259471680229
        },
        "CONF8": {
            "xtb_gsolv": {
                "gsolv": -0.020230811122999626,
                "energy_xtb_gas": -52.640734523659,
                "energy_xtb_solv": -52.660965334782
            },
            "sp": {
                "energy": -797.788880216342
            },
            "gtot": -797.8091110274651,
            "bmw": 0.11482047097331367
        },
        "CONF6": {
            "xtb_gsolv": {
                "gsolv": -0.020251332788994603,
                "energy_xtb_gas": -52.640720447329,
                "energy_xtb_solv": -52.660971780118
            },
            "sp": {
                "energy": -797.78885529995
            },
            "gtot": -797.809106632739,
            "bmw": 0.11428727818767881
        },
        "CONF7": {
            "xtb_gsolv": {
                "gsolv": -0.020228831981000894,
                "energy_xtb_gas": -52.640736272699,
                "energy_xtb_solv": -52.66096510468
            },
            "sp": {
                "energy": -797.788873178465
            },
            "gtot": -797.8091020104459,
            "bmw": 0.1137291471058035
        },
        "CONF9": {
            "xtb_gsolv": {
                "gsolv": -0.019936562570997296,
                "energy_xtb_gas": -52.640849503269,
                "energy_xtb_solv": -52.66078606584
            },
            "sp": {
                "energy": -797.788338255393
            },
            "gtot": -797.808274817964,
            "bmw": 0.04735758831876795
        },
        "CONF10": {
            "xtb_gsolv": {
                "gsolv": -0.018600352768999073,
                "energy_xtb_gas": -52.641227657882,
                "energy_xtb_solv": -52.659828010651
            },
            "sp": {
                "energy": -797.783233089642
            },
            "gtot": -797.801833442411,
            "bmw": 5.1589570579778355e-05
        },
        "CONF11": {
            "xtb_gsolv": {
                "gsolv": -0.01871353390799868,
                "energy_xtb_gas": -52.640104510207,
                "energy_xtb_solv": -52.658818044115
            },
            "sp": {
                "energy": -797.78813509292
            },
            "gtot": -797.806848626828,
            "bmw": 0.010456517397002154
        },
        "CONF12": {
            "xtb_gsolv": {
                "gsolv": -0.018606128423996893,
                "energy_xtb_gas": -52.640171662153,
                "energy_xtb_solv": -52.658777790577
            },
            "sp": {
                "energy": -797.787961550509
            },
            "gtot": -797.806567678933,
            "bmw": 0.0077653310971431124
        },
        "CONF5": {
            "xtb_gsolv": {
                "gsolv": -0.020135889451999844,
                "energy_xtb_gas": -52.640848915056,
                "energy_xtb_solv": -52.660984804508
            },
            "sp": {
                "energy": -797.789112013525
            },
            "gtot": -797.8092479029771,
            "bmw": 0.13273263052395995
        }
    },
    "settings": {
        "threshold": 4.0,
        "func": "pbe-d4",
        "basis": "def2-sv(p)",
        "prog": "orca",
        "gfnv": "gfn2",
        "run": true,
        "template": false
    },
    "nconf_in": 12,
    "nconf_out": 11
}