{
    "partname": "screening",
    "runtime": 210.43937514349818,
    "results": {
        "CONF3": {
            "gsolv": {
                "gsolv": -0.014141243208996457,
                "energy_gas": -799.295895887848,
                "energy_solv": -799.310037131057
            },
            "gtot": -799.310037131057,
            "bmw": 0.14552389032270083
        },
        "CONF2": {
            "gsolv": {
                "gsolv": -0.014030212136958653,
                "energy_gas": -799.295971409996,
                "energy_solv": -799.310001622133
            },
            "gtot": -799.310001622133,
            "bmw": 0.14015265259152368
        },
        "CONF4": {
            "gsolv": {
                "gsolv": -0.014232861033065092,
                "energy_gas": -799.295795653856,
                "energy_solv": -799.310028514889
            },
            "gtot": -799.310028514889,
            "bmw": 0.1442019500363014
        },
        "CONF9": {
            "gsolv": {
                "gsolv": -0.01406400059806856,
                "energy_gas": -799.294654077199,
                "energy_solv": -799.308718077797
            },
            "gtot": -799.308718077797,
            "bmw": 0.03599248187016764
        },
        "CONF5": {
            "gsolv": {
                "gsolv": -0.014358383804960795,
                "energy_gas": -799.295672623468,
                "energy_solv": -799.310031007273
            },
            "gtot": -799.310031007273,
            "bmw": 0.1445831061338246
        },
        "CONF1": {
            "gsolv": {
                "gsolv": -0.012874834063950402,
                "energy_gas": -799.294376043706,
                "energy_solv": -799.30725087777
            },
            "gtot": -799.30725087777,
            "bmw": 0.007609331366161003
        },
        "CONF7": {
            "gsolv": {
                "gsolv": -0.014478517176939931,
                "energy_gas": -799.295393064104,
                "energy_solv": -799.309871581281
            },
            "gtot": -799.309871581281,
            "bmw": 0.12211996476483802
        },
        "CONF8": {
            "gsolv": {
                "gsolv": -0.014475924447083344,
                "energy_gas": -799.295388694639,
                "energy_solv": -799.309864619086
            },
            "gtot": -799.309864619086,
            "bmw": 0.12122279196910044
        },
        "CONF11": {
            "gsolv": {
                "gsolv": -0.012882841088071473,
                "energy_gas": -799.295111924434,
                "energy_solv": -799.307994765522
            },
            "gtot": -799.307994765522,
            "bmw": 0.016730586970907596
        },
        "CONF6": {
            "gsolv": {
                "gsolv": -0.014468091285948503,
                "energy_gas": -799.295308151468,
                "energy_solv": -799.309776242754
            },
            "gtot": -799.309776242754,
            "bmw": 0.11039108030127742
        },
        "CONF12": {
            "gsolv": {
                "gsolv": -0.01257462302805834,
                "energy_gas": -799.295063887741,
                "energy_solv": -799.307638510769
            },
            "gtot": -799.307638510769,
            "bmw": 0.011472163673197297
        }
    },
    "settings": {
        "threshold": 3.5,
        "func": "r2scan-3c",
        "basis": "def2-tzvp",
        "prog": "orca",
        "sm": "smd",
        "gfnv": "gfn2",
        "run": true,
        "implicit": false,
        "template": false
    },
    "nconf_in": 11,
    "nconf_out": 11
}