{
   "temperature":     298.150000000000,
   "unit": "hartree",
   "energy":     -19.993895802701,
   "free energy":     -19.839939036916,
   "G(T)":       0.153956765784,
   "ZPVE":       0.186723243492,
   "number of imags":0,
   "point group": "cs",
   "gradient norm":       0.000048744932
}
