{
   "temperature":     298.150000000000,
   "unit": "hartree",
   "energy":     -24.059715130350,
   "free energy":     -23.903403139388,
   "G(T)":       0.156311990962,
   "ZPVE":       0.189867736729,
   "number of imags":0,
   "point group": "c1",
   "gradient norm":       0.000035445580
}
