{
   "temperature":     298.150000000000,
   "unit": "hartree",
   "energy":     -22.692439199887,
   "free energy":     -22.611929928060,
   "G(T)":       0.080509271827,
   "ZPVE":       0.112358593043,
   "number of imags":0,
   "point group": "c1",
   "gradient norm":       0.000098106803
}
