{
   "temperature":     298.150000000000,
   "unit": "hartree",
   "energy":     -23.967343166858,
   "free energy":     -23.857753893726,
   "G(T)":       0.109589273132,
   "ZPVE":       0.143400953468,
   "number of imags":0,
   "point group": "c1",
   "gradient norm":       0.000038658520
}
