{
   "temperature":     298.150000000000,
   "unit": "hartree",
   "energy":     -23.155973927729,
   "free energy":     -22.976178026190,
   "G(T)":       0.179795901539,
   "ZPVE":       0.214907964480,
   "number of imags":0,
   "point group": "c1",
   "gradient norm":       0.000025425735
}
