{
   "temperature":     298.150000000000,
   "unit": "hartree",
   "energy":     -20.895736002956,
   "free energy":     -20.765869841522,
   "G(T)":       0.129866161435,
   "ZPVE":       0.161916175560,
   "number of imags":0,
   "point group": "c1",
   "gradient norm":       0.000061008022
}
