{
   "temperature":     298.150000000000,
   "unit": "hartree",
   "energy":     -17.979532781554,
   "free energy":     -17.887660354989,
   "G(T)":       0.091872426565,
   "ZPVE":       0.122015474998,
   "number of imags":0,
   "point group": "c1",
   "gradient norm":       0.000087869253
}
