{
   "temperature":     298.150000000000,
   "unit": "hartree",
   "energy":     -53.614978112229,
   "free energy":     -53.482375601422,
   "G(T)":       0.132602510807,
   "ZPVE":       0.175853768187,
   "number of imags":0,
   "point group": "c1",
   "gradient norm":       0.000064009650
}
