{
   "temperature":     298.150000000000,
   "unit": "hartree",
   "energy":     -23.155727167173,
   "free energy":     -22.973914515297,
   "G(T)":       0.181812651876,
   "ZPVE":       0.215116016573,
   "number of imags":0,
   "point group": "c1",
   "gradient norm":       0.000035454960
}
