{
   "temperature":     298.150000000000,
   "unit": "hartree",
   "energy":     -52.663966928919,
   "free energy":     -52.430106191681,
   "G(T)":       0.233860737238,
   "ZPVE":       0.283557766324,
   "number of imags":0,
   "point group": "c1",
   "gradient norm":       0.000064109297
}
