{
   "temperature":     298.150000000000,
   "unit": "hartree",
   "energy":     -32.358883535380,
   "free energy":     -32.221428397499,
   "G(T)":       0.137455137881,
   "ZPVE":       0.175223367585,
   "number of imags":0,
   "point group": "c1",
   "gradient norm":       0.000028329458
}
