{
   "temperature":     298.150000000000,
   "unit": "hartree",
   "energy":     -23.958387849502,
   "free energy":     -23.849822474980,
   "G(T)":       0.108565374522,
   "ZPVE":       0.143366732360,
   "number of imags":0,
   "point group": "c1",
   "gradient norm":       0.000041467395
}
