{
   "temperature":     298.150000000000,
   "unit": "hartree",
   "energy":     -20.792497980009,
   "free energy":     -20.708897391265,
   "G(T)":       0.083600588745,
   "ZPVE":       0.115234776015,
   "number of imags":0,
   "point group": "cs",
   "gradient norm":       0.000081662386
}
