{
   "temperature":     298.150000000000,
   "unit": "hartree",
   "energy":     -23.158096353328,
   "free energy":     -22.977016605045,
   "G(T)":       0.181079748283,
   "ZPVE":       0.214923553230,
   "number of imags":0,
   "point group": "c1",
   "gradient norm":       0.000059014744
}
