{
   "temperature":     298.150000000000,
   "unit": "hartree",
   "energy":     -32.509707685428,
   "free energy":     -32.381642125330,
   "G(T)":       0.128065560097,
   "ZPVE":       0.166123604292,
   "number of imags":0,
   "point group": "c1",
   "gradient norm":       0.000047507943
}
