{
   "temperature":     298.150000000000,
   "unit": "hartree",
   "energy":     -24.062867918726,
   "free energy":     -23.907237310226,
   "G(T)":       0.155630608500,
   "ZPVE":       0.189654274890,
   "number of imags":0,
   "point group": "c1",
   "gradient norm":       0.000025897755
}
