{
    "partname": "prescreening",
    "runtime": 8.143985223956406,
    "results": {
        "CONF5": {
            "xtb_gsolv": {
                "gsolv": 0.001239177967001126,
                "energy_xtb_gas": -16.901227807487,
                "energy_xtb_solv": -16.89998862952
            },
            "sp": {
                "energy": -555.916227489694
            },
            "gtot": -555.914988311727,
            "bmw": 0.056218091569586764
        },
        "CONF1": {
            "xtb_gsolv": {
                "gsolv": 0.0012477193169999623,
                "energy_xtb_gas": -16.902352352489,
                "energy_xtb_solv": -16.901104633172
            },
            "sp": {
                "energy": -555.917387845054
            },
            "gtot": -555.916140125737,
            "bmw": 0.19040303648869913
        },
        "CONF4": {
            "xtb_gsolv": {
                "gsolv": 0.0012375324500020213,
                "energy_xtb_gas": -16.901558609599,
                "energy_xtb_solv": -16.900321077149
            },
            "sp": {
                "energy": -555.916251871957
            },
            "gtot": -555.915014339507,
            "bmw": 0.05778938180204738
        },
        "CONF2": {
            "xtb_gsolv": {
                "gsolv": 0.001246938634000827,
                "energy_xtb_gas": -16.902350362459,
                "energy_xtb_solv": -16.901103423825
            },
            "sp": {
                "energy": -555.917360084749
            },
            "gtot": -555.916113146115,
            "bmw": 0.18503935374624075
        },
        "CONF7": {
            "xtb_gsolv": {
                "gsolv": 0.0010871915430001877,
                "energy_xtb_gas": -16.900684906669,
                "energy_xtb_solv": -16.899597715126
            },
            "sp": {
                "energy": -555.915612943172
            },
            "gtot": -555.9145257516291,
            "bmw": 0.03444396832180448
        },
        "CONF8": {
            "xtb_gsolv": {
                "gsolv": 0.0010247810660004575,
                "energy_xtb_gas": -16.899635038853,
                "energy_xtb_solv": -16.898610257787
            },
            "sp": {
                "energy": -555.916747580734
            },
            "gtot": -555.915722799668,
            "bmw": 0.12238189276655473
        },
        "CONF3": {
            "xtb_gsolv": {
                "gsolv": 0.0012477038080014324,
                "energy_xtb_gas": -16.90234586105,
                "energy_xtb_solv": -16.901098157242
            },
            "sp": {
                "energy": -555.917442969446
            },
            "gtot": -555.9161952656381,
            "bmw": 0.20185358588722763
        },
        "CONF6": {
            "xtb_gsolv": {
                "gsolv": 0.0011360950869985231,
                "energy_xtb_gas": -16.901050634841,
                "energy_xtb_solv": -16.899914539754
            },
            "sp": {
                "energy": -555.917062727991
            },
            "gtot": -555.9159266329041,
            "bmw": 0.15187068941783918
        }
    },
    "settings": {
        "threshold": 4.0,
        "func": "pbe-d4",
        "basis": "def2-sv(p)",
        "prog": "orca",
        "gfnv": "gfn2",
        "run": true,
        "template": false
    },
    "nconf_in": 8,
    "nconf_out": 8
}