{
    "partname": "screening",
    "runtime": 31.850304743740708,
    "results": {
        "CONF8": {
            "gsolv": {
                "gsolv": -0.0014630863749971468,
                "energy_gas": -556.554570206003,
                "energy_solv": -556.556033292378
            },
            "gtot": -556.556033292378,
            "bmw": 0.12353568961651583
        },
        "CONF7": {
            "gsolv": {
                "gsolv": -0.001736228672029938,
                "energy_gas": -556.552927192691,
                "energy_solv": -556.554663421363
            },
            "gtot": -556.554663421363,
            "bmw": 0.028953121505927836
        },
        "CONF2": {
            "gsolv": {
                "gsolv": -0.001971243955040336,
                "energy_gas": -556.554487321327,
                "energy_solv": -556.556458565282
            },
            "gtot": -556.556458565282,
            "bmw": 0.19382261086514452
        },
        "CONF6": {
            "gsolv": {
                "gsolv": -0.0016746323659617701,
                "energy_gas": -556.554570585326,
                "energy_solv": -556.556245217692
            },
            "gtot": -556.556245217692,
            "bmw": 0.15462201935349432
        },
        "CONF1": {
            "gsolv": {
                "gsolv": -0.001967389614037529,
                "energy_gas": -556.554517554834,
                "energy_solv": -556.556484944448
            },
            "gtot": -556.556484944448,
            "bmw": 0.1993140967592066
        },
        "CONF3": {
            "gsolv": {
                "gsolv": -0.00197014136801954,
                "energy_gas": -556.554565161536,
                "energy_solv": -556.556535302904
            },
            "gtot": -556.556535302904,
            "bmw": 0.21023320066295562
        },
        "CONF4": {
            "gsolv": {
                "gsolv": -0.0019344543719626017,
                "energy_gas": -556.553446384029,
                "energy_solv": -556.555380838401
            },
            "gtot": -556.555380838401,
            "bmw": 0.061899107663704725
        },
        "CONF5": {
            "gsolv": {
                "gsolv": -0.001893343320944041,
                "energy_gas": -556.552725576475,
                "energy_solv": -556.554618919796
            },
            "gtot": -556.554618919796,
            "bmw": 0.02762015357305067
        }
    },
    "settings": {
        "threshold": 3.5,
        "func": "r2scan-3c",
        "basis": "def2-tzvp",
        "prog": "orca",
        "sm": "smd",
        "gfnv": "gfn2",
        "run": true,
        "implicit": false,
        "template": false
    },
    "nconf_in": 8,
    "nconf_out": 8
}