{
   "temperature":     298.150000000000,
   "unit": "hartree",
   "energy":     -39.112461807607,
   "free energy":     -38.943978832419,
   "G(T)":       0.168482975187,
   "ZPVE":       0.208989582677,
   "number of imags":0,
   "point group": "c1",
   "gradient norm":       0.000107627367
}
