{
   "temperature":     298.150000000000,
   "unit": "hartree",
   "energy":     -20.893908389921,
   "free energy":     -20.763768683351,
   "G(T)":       0.130139706570,
   "ZPVE":       0.161983901603,
   "number of imags":0,
   "point group": "c1",
   "gradient norm":       0.000039114756
}
