{
   "temperature":     298.150000000000,
   "unit": "hartree",
   "energy":     -24.063752998218,
   "free energy":     -23.907760220915,
   "G(T)":       0.155992777302,
   "ZPVE":       0.189945528905,
   "number of imags":0,
   "point group": "c1",
   "gradient norm":       0.000026928332
}
