{
   "temperature":     298.150000000000,
   "unit": "hartree",
   "energy":     -20.892907102569,
   "free energy":     -20.762551942471,
   "G(T)":       0.130355160097,
   "ZPVE":       0.162314006023,
   "number of imags":0,
   "point group": "c1",
   "gradient norm":       0.000034598824
}
