{
   "temperature":     298.150000000000,
   "unit": "hartree",
   "energy":     -24.061514936047,
   "free energy":     -23.904832119893,
   "G(T)":       0.156682816153,
   "ZPVE":       0.190014437854,
   "number of imags":0,
   "point group": "c1",
   "gradient norm":       0.000094964864
}
