{
   "temperature":     298.150000000000,
   "unit": "hartree",
   "energy":     -23.957396723904,
   "free energy":     -23.850974905423,
   "G(T)":       0.106421818480,
   "ZPVE":       0.142740065211,
   "number of imags":0,
   "point group": "c1",
   "gradient norm":       0.000048965666
}
