{
   "temperature":     298.150000000000,
   "unit": "hartree",
   "energy":     -26.897026339559,
   "free energy":     -26.840127172103,
   "G(T)":       0.056899167456,
   "ZPVE":       0.090134353562,
   "number of imags":0,
   "point group": "c2",
   "gradient norm":       0.000100488896
}
