{
   "temperature":     298.150000000000,
   "unit": "hartree",
   "energy":     -41.510325887620,
   "free energy":     -41.428681909852,
   "G(T)":       0.081643977768,
   "ZPVE":       0.122421351629,
   "number of imags":0,
   "point group": "c1",
   "gradient norm":       0.000028413135
}
