{
   "temperature":     298.150000000000,
   "unit": "hartree",
   "energy":     -23.959751958982,
   "free energy":     -23.852004953797,
   "G(T)":       0.107747005185,
   "ZPVE":       0.142973713425,
   "number of imags":0,
   "point group": "c1",
   "gradient norm":       0.000055587604
}
