{
    "partname": "prescreening",
    "runtime": 14.549328342080116,
    "results": {
        "CONF1": {
            "xtb_gsolv": {
                "gsolv": -0.013273378585999751,
                "energy_xtb_gas": -34.243359060083,
                "energy_xtb_solv": -34.256632438669
            },
            "sp": {
                "energy": -534.472670842924
            },
            "gtot": -534.48594422151,
            "bmw": 0.2981137724405426
        },
        "CONF6": {
            "xtb_gsolv": {
                "gsolv": -0.013918050477997213,
                "energy_xtb_gas": -34.240865578204,
                "energy_xtb_solv": -34.254783628682
            },
            "sp": {
                "energy": -534.469790565389
            },
            "gtot": -534.4837086158669,
            "bmw": 0.027930237253105516
        },
        "CONF2": {
            "xtb_gsolv": {
                "gsolv": -0.013300161261994958,
                "energy_xtb_gas": -34.243247378874,
                "energy_xtb_solv": -34.256547540136
            },
            "sp": {
                "energy": -534.472314927962
            },
            "gtot": -534.485615089224,
            "bmw": 0.21037380794577884
        },
        "CONF4": {
            "xtb_gsolv": {
                "gsolv": -0.013420316013998956,
                "energy_xtb_gas": -34.242781307289,
                "energy_xtb_solv": -34.256201623303
            },
            "sp": {
                "energy": -534.472023463
            },
            "gtot": -534.4854437790141,
            "bmw": 0.17546658589765735
        },
        "CONF3": {
            "xtb_gsolv": {
                "gsolv": -0.013336350088998472,
                "energy_xtb_gas": -34.242947824808,
                "energy_xtb_solv": -34.256284174897
            },
            "sp": {
                "energy": -534.472574146244
            },
            "gtot": -534.4859104963331,
            "bmw": 0.2876534139516436
        },
        "CONF5": {
            "xtb_gsolv": {
                "gsolv": -0.012408218513002112,
                "energy_xtb_gas": -34.242666494384,
                "energy_xtb_solv": -34.255074712897
            },
            "sp": {
                "energy": -534.466084136373
            },
            "gtot": -534.4784923548859,
            "bmw": 0.00011136806043520973
        },
        "CONF12": {
            "xtb_gsolv": {
                "gsolv": -0.012930738321998092,
                "energy_xtb_gas": -34.234381426225,
                "energy_xtb_solv": -34.247312164547
            },
            "sp": {
                "energy": -534.465391500525
            },
            "gtot": -534.478322238847,
            "bmw": 9.300637005312014e-05
        },
        "CONF9": {
            "xtb_gsolv": {
                "gsolv": -0.01215907561699936,
                "energy_xtb_gas": -34.236546894628,
                "energy_xtb_solv": -34.248705970245
            },
            "sp": {
                "energy": -534.46113890661
            },
            "gtot": -534.473297982227,
            "bmw": 4.544798350944925e-07
        },
        "CONF8": {
            "xtb_gsolv": {
                "gsolv": -0.012402555606996657,
                "energy_xtb_gas": -34.242235703726,
                "energy_xtb_solv": -34.254638259333
            },
            "sp": {
                "energy": -534.465722283727
            },
            "gtot": -534.478124839334,
            "bmw": 7.545972249073636e-05
        },
        "CONF10": {
            "xtb_gsolv": {
                "gsolv": -0.012273793775996467,
                "energy_xtb_gas": -34.235838507372,
                "energy_xtb_solv": -34.248112301148
            },
            "sp": {
                "energy": -534.460676765632
            },
            "gtot": -534.472950559408,
            "bmw": 3.145655681323825e-07
        },
        "CONF11": {
            "xtb_gsolv": {
                "gsolv": -0.012834339503001502,
                "energy_xtb_gas": -34.234585003029,
                "energy_xtb_solv": -34.247419342532
            },
            "sp": {
                "energy": -534.465546229849
            },
            "gtot": -534.478380569352,
            "bmw": 9.893338523235574e-05
        },
        "CONF7": {
            "xtb_gsolv": {
                "gsolv": -0.012491555636998442,
                "energy_xtb_gas": -34.242283399361,
                "energy_xtb_solv": -34.254774954998
            },
            "sp": {
                "energy": -534.465719172805
            },
            "gtot": -534.478210728442,
            "bmw": 8.264592765742171e-05
        }
    },
    "settings": {
        "threshold": 4.0,
        "func": "pbe-d4",
        "basis": "def2-sv(p)",
        "prog": "orca",
        "gfnv": "gfn2",
        "run": true,
        "template": false
    },
    "nconf_in": 12,
    "nconf_out": 5
}