{
    "partname": "screening",
    "runtime": 77.87708542589098,
    "results": {
        "CONF4": {
            "gsolv": {
                "gsolv": -0.011799233343936066,
                "energy_gas": -535.491411129685,
                "energy_solv": -535.503210363029
            },
            "gtot": -535.503210363029,
            "bmw": 0.20074334919357084
        },
        "CONF6": {
            "gsolv": {
                "gsolv": -0.013175883563917523,
                "energy_gas": -535.488450351522,
                "energy_solv": -535.501626235086
            },
            "gtot": -535.501626235086,
            "bmw": 0.037496674216192946
        },
        "CONF1": {
            "gsolv": {
                "gsolv": -0.011443300695987091,
                "energy_gas": -535.492031462799,
                "energy_solv": -535.503474763495
            },
            "gtot": -535.503474763495,
            "bmw": 0.26561766931963104
        },
        "CONF3": {
            "gsolv": {
                "gsolv": -0.011738095868963683,
                "energy_gas": -535.491970272453,
                "energy_solv": -535.503708368322
            },
            "gtot": -535.503708368322,
            "bmw": 0.34017919118865836
        },
        "CONF2": {
            "gsolv": {
                "gsolv": -0.011422609283044949,
                "energy_gas": -535.491549434507,
                "energy_solv": -535.50297204379
            },
            "gtot": -535.50297204379,
            "bmw": 0.1559631160819467
        }
    },
    "settings": {
        "threshold": 3.5,
        "func": "r2scan-3c",
        "basis": "def2-tzvp",
        "prog": "orca",
        "sm": "smd",
        "gfnv": "gfn2",
        "run": true,
        "implicit": false,
        "template": false
    },
    "nconf_in": 5,
    "nconf_out": 5
}