{
   "temperature":     298.150000000000,
   "unit": "hartree",
   "energy":     -31.101331864609,
   "free energy":     -31.067668806415,
   "G(T)":       0.033663058194,
   "ZPVE":       0.069371783023,
   "number of imags":0,
   "point group": "c1",
   "gradient norm":       0.000034224859
}
