{
   "temperature":     298.150000000000,
   "unit": "hartree",
   "energy":     -17.721280614113,
   "free energy":     -17.618320769423,
   "G(T)":       0.102959844690,
   "ZPVE":       0.133373440024,
   "number of imags":0,
   "point group": "cs",
   "gradient norm":       0.000032718855
}
