{
   "temperature":     298.150000000000,
   "unit": "hartree",
   "energy":     -20.895148825114,
   "free energy":     -20.765195734323,
   "G(T)":       0.129953090791,
   "ZPVE":       0.162215527683,
   "number of imags":0,
   "point group": "c1",
   "gradient norm":       0.000031818527
}
