{
   "temperature":     298.150000000000,
   "unit": "hartree",
   "energy":     -20.800126566250,
   "free energy":     -20.716301566087,
   "G(T)":       0.083825000163,
   "ZPVE":       0.115655018619,
   "number of imags":0,
   "point group": "c1",
   "gradient norm":       0.000033168866
}
