{
   "temperature":     298.150000000000,
   "unit": "hartree",
   "energy":     -20.893251783116,
   "free energy":     -20.762266459440,
   "G(T)":       0.130985323676,
   "ZPVE":       0.162393258909,
   "number of imags":0,
   "point group": "c1",
   "gradient norm":       0.000059816780
}
