{
   "temperature":     298.150000000000,
   "unit": "hartree",
   "energy":     -23.957296491922,
   "free energy":     -23.849992227213,
   "G(T)":       0.107304264709,
   "ZPVE":       0.143237059010,
   "number of imags":0,
   "point group": "c1",
   "gradient norm":       0.000080879960
}
