{
   "temperature":     298.150000000000,
   "unit": "hartree",
   "energy":     -23.958385055656,
   "free energy":     -23.849667281664,
   "G(T)":       0.108717773992,
   "ZPVE":       0.143433991120,
   "number of imags":0,
   "point group": "c1",
   "gradient norm":       0.000030310322
}
