{
   "temperature":     298.150000000000,
   "unit": "hartree",
   "energy":     -24.064057770572,
   "free energy":     -23.908709701490,
   "G(T)":       0.155348069083,
   "ZPVE":       0.189836195484,
   "number of imags":0,
   "point group": "c1",
   "gradient norm":       0.000047203699
}
