{
   "temperature":     298.150000000000,
   "unit": "hartree",
   "energy":     -17.981404679370,
   "free energy":     -17.889604388987,
   "G(T)":       0.091800290383,
   "ZPVE":       0.121866126731,
   "number of imags":0,
   "point group": "c1",
   "gradient norm":       0.000084055029
}
