{
   "temperature":     298.150000000000,
   "unit": "hartree",
   "energy":     -41.507211122238,
   "free energy":     -41.425824106355,
   "G(T)":       0.081387015883,
   "ZPVE":       0.121978851425,
   "number of imags":0,
   "point group": "c1",
   "gradient norm":       0.000057676712
}
