{
   "temperature":     298.150000000000,
   "unit": "hartree",
   "energy":     -27.125550236473,
   "free energy":     -26.993392075100,
   "G(T)":       0.132158161373,
   "ZPVE":       0.170567489413,
   "number of imags":0,
   "point group": "c1",
   "gradient norm":       0.000075270800
}
