{
   "temperature":     298.150000000000,
   "unit": "hartree",
   "energy":     -23.954243146154,
   "free energy":     -23.846977258598,
   "G(T)":       0.107265887556,
   "ZPVE":       0.142866554615,
   "number of imags":0,
   "point group": "cs",
   "gradient norm":       0.000058607467
}
