{
   "temperature":     298.150000000000,
   "unit": "hartree",
   "energy":     -16.901727211228,
   "free energy":     -16.803752769813,
   "G(T)":       0.097974441415,
   "ZPVE":       0.130512295411,
   "number of imags":0,
   "point group": "c1",
   "gradient norm":       0.000036228854
}
