{
   "temperature":     298.150000000000,
   "unit": "hartree",
   "energy":     -39.985891339586,
   "free energy":     -39.866321783197,
   "G(T)":       0.119569556389,
   "ZPVE":       0.159394286583,
   "number of imags":0,
   "point group": "c1",
   "gradient norm":       0.000064877909
}
