{
   "temperature":     298.150000000000,
   "unit": "hartree",
   "energy":     -23.957362036427,
   "free energy":     -23.848998176793,
   "G(T)":       0.108363859634,
   "ZPVE":       0.143123437615,
   "number of imags":0,
   "point group": "c1",
   "gradient norm":       0.000067945444
}
