{
   "temperature":     298.150000000000,
   "unit": "hartree",
   "energy":     -23.958023657225,
   "free energy":     -23.850016502124,
   "G(T)":       0.108007155101,
   "ZPVE":       0.143241397818,
   "number of imags":0,
   "point group": "c1",
   "gradient norm":       0.000052861231
}
