{
   "temperature":     298.150000000000,
   "unit": "hartree",
   "energy":     -20.893488737594,
   "free energy":     -20.763868357139,
   "G(T)":       0.129620380456,
   "ZPVE":       0.162016164215,
   "number of imags":0,
   "point group": "c1",
   "gradient norm":       0.000046086285
}
