{
   "temperature":     298.150000000000,
   "unit": "hartree",
   "energy":     -24.056019538533,
   "free energy":     -23.900018365708,
   "G(T)":       0.156001172826,
   "ZPVE":       0.190063699309,
   "number of imags":0,
   "point group": "c1",
   "gradient norm":       0.000181620160
}
