{
   "temperature":     298.150000000000,
   "unit": "hartree",
   "energy":     -20.892847910252,
   "free energy":     -20.762650550910,
   "G(T)":       0.130197359341,
   "ZPVE":       0.162206733548,
   "number of imags":0,
   "point group": "c1",
   "gradient norm":       0.000020994154
}
