{
   "temperature":     298.150000000000,
   "unit": "hartree",
   "energy":     -29.489889404289,
   "free energy":     -29.256783435928,
   "G(T)":       0.233105968362,
   "ZPVE":       0.270566640644,
   "number of imags":0,
   "point group": "c1",
   "gradient norm":       0.000027215908
}
