{
   "temperature":     298.150000000000,
   "unit": "hartree",
   "energy":     -20.890773728016,
   "free energy":     -20.760171467940,
   "G(T)":       0.130602260076,
   "ZPVE":       0.162236010376,
   "number of imags":0,
   "point group": "c1",
   "gradient norm":       0.000034347072
}
