{
   "temperature":     298.150000000000,
   "unit": "hartree",
   "energy":     -19.990386960496,
   "free energy":     -19.835272910286,
   "G(T)":       0.155114050210,
   "ZPVE":       0.187197566799,
   "number of imags":0,
   "point group": "c1",
   "gradient norm":       0.000041781571
}
