{
   "temperature":     298.150000000000,
   "unit": "hartree",
   "energy":     -24.062636143494,
   "free energy":     -23.907479872919,
   "G(T)":       0.155156270574,
   "ZPVE":       0.189525449497,
   "number of imags":0,
   "point group": "c1",
   "gradient norm":       0.000065763589
}
