{
   "temperature":     298.150000000000,
   "unit": "hartree",
   "energy":     -44.042842404502,
   "free energy":     -43.875770801117,
   "G(T)":       0.167071603385,
   "ZPVE":       0.211522542337,
   "number of imags":0,
   "point group": "c1",
   "gradient norm":       0.000077902708
}
