{
   "temperature":     298.150000000000,
   "unit": "hartree",
   "energy":     -26.900272978338,
   "free energy":     -26.844360709046,
   "G(T)":       0.055912269292,
   "ZPVE":       0.089970184399,
   "number of imags":0,
   "point group": "c1",
   "gradient norm":       0.000074094057
}
