{
   "temperature":     298.150000000000,
   "unit": "hartree",
   "energy":     -19.993234928856,
   "free energy":     -19.838555777349,
   "G(T)":       0.154679151508,
   "ZPVE":       0.186981629993,
   "number of imags":0,
   "point group": "c1",
   "gradient norm":       0.000041808575
}
