{
   "temperature":     298.150000000000,
   "unit": "hartree",
   "energy":     -22.694443760218,
   "free energy":     -22.613745173617,
   "G(T)":       0.080698586601,
   "ZPVE":       0.112551348117,
   "number of imags":0,
   "point group": "c1",
   "gradient norm":       0.000038907856
}
