{
   "temperature":     298.150000000000,
   "unit": "hartree",
   "energy":     -26.890508038283,
   "free energy":     -26.835815772802,
   "G(T)":       0.054692265480,
   "ZPVE":       0.089388426872,
   "number of imags":0,
   "point group": "c2v",
   "gradient norm":       0.000077983265
}
