{
    "partname": "prescreening",
    "runtime": 12.772605144418776,
    "results": {
        "CONF6": {
            "xtb_gsolv": {
                "gsolv": 0.0012578907089988434,
                "energy_xtb_gas": -26.319346520558,
                "energy_xtb_solv": -26.318088629849
            },
            "sp": {
                "energy": -314.869102297195
            },
            "gtot": -314.86784440648603,
            "bmw": 0.029815369917675888
        },
        "CONF3": {
            "xtb_gsolv": {
                "gsolv": 0.0012442743090019803,
                "energy_xtb_gas": -26.321253316654,
                "energy_xtb_solv": -26.320009042345
            },
            "sp": {
                "energy": -314.870894523374
            },
            "gtot": -314.869650249065,
            "bmw": 0.201869306650687
        },
        "CONF1": {
            "xtb_gsolv": {
                "gsolv": 0.0012540793889996849,
                "energy_xtb_gas": -26.321301274823,
                "energy_xtb_solv": -26.320047195434
            },
            "sp": {
                "energy": -314.871314480665
            },
            "gtot": -314.87006040127596,
            "bmw": 0.31169314384631724
        },
        "CONF5": {
            "xtb_gsolv": {
                "gsolv": 0.0012604311970001447,
                "energy_xtb_gas": -26.319842352845,
                "energy_xtb_solv": -26.318581921648
            },
            "sp": {
                "energy": -314.869769578376
            },
            "gtot": -314.868509147179,
            "bmw": 0.060283679996671106
        },
        "CONF10": {
            "xtb_gsolv": {
                "gsolv": 0.001285586354999424,
                "energy_xtb_gas": -26.317605951011,
                "energy_xtb_solv": -26.316320364656
            },
            "sp": {
                "energy": -314.868801698179
            },
            "gtot": -314.86751611182405,
            "bmw": 0.021058872257154648
        },
        "CONF2": {
            "xtb_gsolv": {
                "gsolv": 0.0012491046059999178,
                "energy_xtb_gas": -26.321266467591,
                "energy_xtb_solv": -26.320017362985
            },
            "sp": {
                "energy": -314.871135322611
            },
            "gtot": -314.869886218005,
            "bmw": 0.2591841805872186
        },
        "CONF11": {
            "xtb_gsolv": {
                "gsolv": 0.0012434885339978052,
                "energy_xtb_gas": -26.317497011963,
                "energy_xtb_solv": -26.316253523429
            },
            "sp": {
                "energy": -314.866135368041
            },
            "gtot": -314.864891879507,
            "bmw": 0.001307289576174738
        },
        "CONF4": {
            "xtb_gsolv": {
                "gsolv": 0.0012813829679991784,
                "energy_xtb_gas": -26.320241656994,
                "energy_xtb_solv": -26.318960274026
            },
            "sp": {
                "energy": -314.869990641127
            },
            "gtot": -314.868709258159,
            "bmw": 0.07451512515156261
        },
        "CONF8": {
            "xtb_gsolv": {
                "gsolv": 0.0012857936679999682,
                "energy_xtb_gas": -26.31806025989,
                "energy_xtb_solv": -26.316774466222
            },
            "sp": {
                "energy": -314.86781082442
            },
            "gtot": -314.86652503075203,
            "bmw": 0.007371729189866736
        },
        "CONF9": {
            "xtb_gsolv": {
                "gsolv": 0.0012825047600024675,
                "energy_xtb_gas": -26.317617299034,
                "energy_xtb_solv": -26.316334794274
            },
            "sp": {
                "energy": -314.868885081606
            },
            "gtot": -314.86760257684597,
            "bmw": 0.02307843033728842
        },
        "CONF7": {
            "xtb_gsolv": {
                "gsolv": 0.0012412797809986387,
                "energy_xtb_gas": -26.318292152481,
                "energy_xtb_solv": -26.3170508727
            },
            "sp": {
                "energy": -314.867647582502
            },
            "gtot": -314.866406302721,
            "bmw": 0.006500672070592235
        },
        "CONF14": {
            "xtb_gsolv": {
                "gsolv": 0.001307916304998713,
                "energy_xtb_gas": -26.314304231947,
                "energy_xtb_solv": -26.312996315642
            },
            "sp": {
                "energy": -314.866316781145
            },
            "gtot": -314.86500886484,
            "bmw": 0.0014797260747361164
        },
        "CONF12": {
            "xtb_gsolv": {
                "gsolv": 0.0012630541350020508,
                "energy_xtb_gas": -26.315478037514,
                "energy_xtb_solv": -26.314214983379
            },
            "sp": {
                "energy": -314.864232506773
            },
            "gtot": -314.862969452638,
            "bmw": 0.00017065406884239748
        },
        "CONF13": {
            "xtb_gsolv": {
                "gsolv": 0.0013086526919998676,
                "energy_xtb_gas": -26.315119658616,
                "energy_xtb_solv": -26.313811005924
            },
            "sp": {
                "energy": -314.866432760859
            },
            "gtot": -314.86512410816704,
            "bmw": 0.001671820275212283
        }
    },
    "settings": {
        "threshold": 4.0,
        "func": "pbe-d4",
        "basis": "def2-sv(p)",
        "prog": "orca",
        "gfnv": "gfn2",
        "run": true,
        "template": false
    },
    "nconf_in": 14,
    "nconf_out": 13
}