{
    "partname": "screening",
    "runtime": 62.18352290429175,
    "results": {
        "CONF3": {
            "gsolv": {
                "gsolv": 0.004195603049993224,
                "energy_gas": -315.584751057504,
                "energy_solv": -315.580555454454
            },
            "gtot": -315.580555454454,
            "bmw": 0.19421982496386228
        },
        "CONF7": {
            "gsolv": {
                "gsolv": 0.004225552684033573,
                "energy_gas": -315.580653982668,
                "energy_solv": -315.576428429984
            },
            "gtot": -315.576428429984,
            "bmw": 0.0024546733306075592
        },
        "CONF6": {
            "gsolv": {
                "gsolv": 0.004084827135955038,
                "energy_gas": -315.58178835773,
                "energy_solv": -315.577703530594
            },
            "gtot": -315.577703530594,
            "bmw": 0.00947325845890444
        },
        "CONF2": {
            "gsolv": {
                "gsolv": 0.004209001364984033,
                "energy_gas": -315.585130005851,
                "energy_solv": -315.580921004486
            },
            "gtot": -315.580921004486,
            "bmw": 0.2860453776859142
        },
        "CONF11": {
            "gsolv": {
                "gsolv": 0.0041945309860125235,
                "energy_gas": -315.579937509082,
                "energy_solv": -315.575742978096
            },
            "gtot": -315.575742978096,
            "bmw": 0.0011877024710381376
        },
        "CONF5": {
            "gsolv": {
                "gsolv": 0.004161148906007384,
                "energy_gas": -315.583204021043,
                "energy_solv": -315.579042872137
            },
            "gtot": -315.579042872137,
            "bmw": 0.039133965001529436
        },
        "CONF1": {
            "gsolv": {
                "gsolv": 0.004226575627001239,
                "energy_gas": -315.585438002696,
                "energy_solv": -315.581211427069
            },
            "gtot": -315.581211427069,
            "bmw": 0.38906312924978265
        },
        "CONF4": {
            "gsolv": {
                "gsolv": 0.004193761362046189,
                "energy_gas": -315.583483889301,
                "energy_solv": -315.579290127939
            },
            "gtot": -315.579290127939,
            "bmw": 0.050849144275021296
        },
        "CONF9": {
            "gsolv": {
                "gsolv": 0.004103688926022642,
                "energy_gas": -315.581887543016,
                "energy_solv": -315.57778385409
            },
            "gtot": -315.57778385409,
            "bmw": 0.010314439599660512
        },
        "CONF8": {
            "gsolv": {
                "gsolv": 0.0040809078680013045,
                "energy_gas": -315.581230731138,
                "energy_solv": -315.57714982327
            },
            "gtot": -315.57714982327,
            "bmw": 0.005270012520194267
        },
        "CONF10": {
            "gsolv": {
                "gsolv": 0.00409332760699499,
                "energy_gas": -315.58197319621,
                "energy_solv": -315.577879868603
            },
            "gtot": -315.577879868603,
            "bmw": 0.011418505251522987
        },
        "CONF13": {
            "gsolv": {
                "gsolv": 0.004004883469974629,
                "energy_gas": -315.578727249904,
                "energy_solv": -315.574722366434
            },
            "gtot": -315.574722366434,
            "bmw": 0.0004029570803597269
        },
        "CONF14": {
            "gsolv": {
                "gsolv": 0.003808411764964603,
                "energy_gas": -315.577699164062,
                "energy_solv": -315.573890752297
            },
            "gtot": -315.573890752297,
            "bmw": 0.00016701011160257428
        }
    },
    "settings": {
        "threshold": 3.5,
        "func": "r2scan-3c",
        "basis": "def2-tzvp",
        "prog": "orca",
        "sm": "smd",
        "gfnv": "gfn2",
        "run": true,
        "implicit": false,
        "template": false
    },
    "nconf_in": 13,
    "nconf_out": 13
}