{
    "partname": "prescreening",
    "runtime": 10.935258981771767,
    "results": {
        "CONF1": {
            "xtb_gsolv": {
                "gsolv": 0.0014081464959971868,
                "energy_xtb_gas": -23.159198011012,
                "energy_xtb_solv": -23.157789864516
            },
            "sp": {
                "energy": -275.661357736891
            },
            "gtot": -275.659949590395,
            "bmw": 0.5366904890159886
        },
        "CONF3": {
            "xtb_gsolv": {
                "gsolv": 0.0013798188959981417,
                "energy_xtb_gas": -23.158393188865,
                "energy_xtb_solv": -23.157013369969
            },
            "sp": {
                "energy": -275.660636522215
            },
            "gtot": -275.659256703319,
            "bmw": 0.25764273759373824
        },
        "CONF4": {
            "xtb_gsolv": {
                "gsolv": 0.001407102133999416,
                "energy_xtb_gas": -23.156141520859,
                "energy_xtb_solv": -23.154734418725
            },
            "sp": {
                "energy": -275.657438892134
            },
            "gtot": -275.65603179,
            "bmw": 0.008465652893172446
        },
        "CONF2": {
            "xtb_gsolv": {
                "gsolv": 0.001386981662001574,
                "energy_xtb_gas": -23.15877096898,
                "energy_xtb_solv": -23.157383987318
            },
            "sp": {
                "energy": -275.660391257668
            },
            "gtot": -275.659004276006,
            "bmw": 0.19720112049710067
        }
    },
    "settings": {
        "threshold": 4.0,
        "func": "pbe-d4",
        "basis": "def2-sv(p)",
        "prog": "orca",
        "gfnv": "gfn2",
        "run": true,
        "template": false
    },
    "nconf_in": 4,
    "nconf_out": 4
}