{
    "partname": "screening",
    "runtime": 50.065112753771245,
    "results": {
        "CONF3": {
            "gsolv": {
                "gsolv": 0.003664877091978269,
                "energy_gas": -276.287667533593,
                "energy_solv": -276.284002656501
            },
            "gtot": -276.284002656501,
            "bmw": 0.19249782581390718
        },
        "CONF1": {
            "gsolv": {
                "gsolv": 0.0037066333489974568,
                "energy_gas": -276.288766163861,
                "energy_solv": -276.285059530512
            },
            "gtot": -276.285059530512,
            "bmw": 0.5895955860019405
        },
        "CONF2": {
            "gsolv": {
                "gsolv": 0.003704709110024851,
                "energy_gas": -276.287792882492,
                "energy_solv": -276.284088173382
            },
            "gtot": -276.284088173382,
            "bmw": 0.2107467428138797
        },
        "CONF4": {
            "gsolv": {
                "gsolv": 0.0036353044039856286,
                "energy_gas": -276.284530088865,
                "energy_solv": -276.280894784461
            },
            "gtot": -276.280894784461,
            "bmw": 0.007159845370272486
        }
    },
    "settings": {
        "threshold": 3.5,
        "func": "r2scan-3c",
        "basis": "def2-tzvp",
        "prog": "orca",
        "sm": "smd",
        "gfnv": "gfn2",
        "run": true,
        "implicit": false,
        "template": false
    },
    "nconf_in": 4,
    "nconf_out": 4
}