{
   "temperature":     298.150000000000,
   "unit": "hartree",
   "energy":     -24.056335052898,
   "free energy":     -23.900034169690,
   "G(T)":       0.156300883208,
   "ZPVE":       0.190139517635,
   "number of imags":0,
   "point group": "c1",
   "gradient norm":       0.000057879894
}
