{
   "temperature":     298.150000000000,
   "unit": "hartree",
   "energy":     -17.877062547021,
   "free energy":     -17.769364024413,
   "G(T)":       0.107698522608,
   "ZPVE":       0.139457746626,
   "number of imags":0,
   "point group": "cs",
   "gradient norm":       0.000037357905
}
