{
   "temperature":     298.150000000000,
   "unit": "hartree",
   "energy":     -23.957382702637,
   "free energy":     -23.850316342165,
   "G(T)":       0.107066360473,
   "ZPVE":       0.143017838051,
   "number of imags":0,
   "point group": "c1",
   "gradient norm":       0.000061741400
}
