{
   "temperature":     298.150000000000,
   "unit": "hartree",
   "energy":     -23.957776385183,
   "free energy":     -23.849036616194,
   "G(T)":       0.108739768988,
   "ZPVE":       0.143454513666,
   "number of imags":0,
   "point group": "c1",
   "gradient norm":       0.000036545577
}
