{
    "partname": "prescreening",
    "runtime": 17.314121710136533,
    "results": {
        "CONF1": {
            "xtb_gsolv": {
                "gsolv": -0.019408482697997442,
                "energy_xtb_gas": -39.630870724443,
                "energy_xtb_solv": -39.650279207141
            },
            "sp": {
                "energy": -647.389514636651
            },
            "gtot": -647.4089231193491,
            "bmw": 0.5890558825812225
        },
        "CONF2": {
            "xtb_gsolv": {
                "gsolv": -0.019602919911001493,
                "energy_xtb_gas": -39.630042915744,
                "energy_xtb_solv": -39.649645835655
            },
            "sp": {
                "energy": -647.388455059018
            },
            "gtot": -647.408057978929,
            "bmw": 0.2356239594974683
        },
        "CONF6": {
            "xtb_gsolv": {
                "gsolv": -0.01959486205299754,
                "energy_xtb_gas": -39.62196036038,
                "energy_xtb_solv": -39.641555222433
            },
            "sp": {
                "energy": -647.381529311893
            },
            "gtot": -647.4011241739461,
            "bmw": 0.00015236665232655489
        },
        "CONF7": {
            "xtb_gsolv": {
                "gsolv": -0.020824608374994114,
                "energy_xtb_gas": -39.62037710217,
                "energy_xtb_solv": -39.641201710545
            },
            "sp": {
                "energy": -647.383790758697
            },
            "gtot": -647.404615367072,
            "bmw": 0.006147911485935024
        },
        "CONF4": {
            "xtb_gsolv": {
                "gsolv": -0.01760861467700181,
                "energy_xtb_gas": -39.62763094239,
                "energy_xtb_solv": -39.645239557067
            },
            "sp": {
                "energy": -647.387774727548
            },
            "gtot": -647.405383342225,
            "bmw": 0.013866655452792708
        },
        "CONF8": {
            "xtb_gsolv": {
                "gsolv": -0.019823540038999,
                "energy_xtb_gas": -39.621181903681,
                "energy_xtb_solv": -39.64100544372
            },
            "sp": {
                "energy": -647.380474766415
            },
            "gtot": -647.400298306454,
            "bmw": 6.353560569488174e-05
        },
        "CONF5": {
            "xtb_gsolv": {
                "gsolv": -0.01784547327000041,
                "energy_xtb_gas": -39.627325489191,
                "energy_xtb_solv": -39.645170962461
            },
            "sp": {
                "energy": -647.388219276367
            },
            "gtot": -647.4060647496369,
            "bmw": 0.02853628531498861
        },
        "CONF3": {
            "xtb_gsolv": {
                "gsolv": -0.019010396326002876,
                "energy_xtb_gas": -39.628303968755,
                "energy_xtb_solv": -39.647314365081
            },
            "sp": {
                "energy": -647.388460703676
            },
            "gtot": -647.407471100002,
            "bmw": 0.12655340340957147
        }
    },
    "settings": {
        "threshold": 4.0,
        "func": "pbe-d4",
        "basis": "def2-sv(p)",
        "prog": "orca",
        "gfnv": "gfn2",
        "run": true,
        "template": false
    },
    "nconf_in": 8,
    "nconf_out": 6
}