{
    "partname": "screening",
    "runtime": 122.41935819853097,
    "results": {
        "CONF7": {
            "gsolv": {
                "gsolv": -0.019472270799042235,
                "energy_gas": -648.579056333615,
                "energy_solv": -648.598528604414
            },
            "gtot": -648.598528604414,
            "bmw": 0.018661449814488494
        },
        "CONF4": {
            "gsolv": {
                "gsolv": -0.016055713138030114,
                "energy_gas": -648.582627643194,
                "energy_solv": -648.598683356332
            },
            "gtot": -648.598683356332,
            "bmw": 0.02198499323292383
        },
        "CONF5": {
            "gsolv": {
                "gsolv": -0.01662780760500482,
                "energy_gas": -648.583273430382,
                "energy_solv": -648.599901237987
            },
            "gtot": -648.599901237987,
            "bmw": 0.07985702390186868
        },
        "CONF2": {
            "gsolv": {
                "gsolv": -0.016020495770021626,
                "energy_gas": -648.584750516157,
                "energy_solv": -648.600771011927
            },
            "gtot": -648.600771011927,
            "bmw": 0.2006233325991086
        },
        "CONF1": {
            "gsolv": {
                "gsolv": -0.015487650599993685,
                "energy_gas": -648.585738304591,
                "energy_solv": -648.601225955191
            },
            "gtot": -648.601225955191,
            "bmw": 0.3248185749105487
        },
        "CONF3": {
            "gsolv": {
                "gsolv": -0.01685658810993118,
                "energy_gas": -648.584450741009,
                "energy_solv": -648.601307329119
            },
            "gtot": -648.601307329119,
            "bmw": 0.3540546255410616
        }
    },
    "settings": {
        "threshold": 3.5,
        "func": "r2scan-3c",
        "basis": "def2-tzvp",
        "prog": "orca",
        "sm": "smd",
        "gfnv": "gfn2",
        "run": true,
        "implicit": false,
        "template": false
    },
    "nconf_in": 6,
    "nconf_out": 6
}