{
   "temperature":     298.150000000000,
   "unit": "hartree",
   "energy":     -52.662846327385,
   "free energy":     -52.429480840922,
   "G(T)":       0.233365486463,
   "ZPVE":       0.283450388538,
   "number of imags":0,
   "point group": "c1",
   "gradient norm":       0.000171895121
}
