{
   "temperature":     298.150000000000,
   "unit": "hartree",
   "energy":     -23.161177822875,
   "free energy":     -22.979946595471,
   "G(T)":       0.181231227403,
   "ZPVE":       0.214673375986,
   "number of imags":0,
   "point group": "c2",
   "gradient norm":       0.000036250544
}
