{
   "temperature":     298.150000000000,
   "unit": "hartree",
   "energy":     -24.057865398228,
   "free energy":     -23.901338519955,
   "G(T)":       0.156526878273,
   "ZPVE":       0.190121073546,
   "number of imags":0,
   "point group": "c1",
   "gradient norm":       0.000034314327
}
