{
   "temperature":     298.150000000000,
   "unit": "hartree",
   "energy":     -22.695688282895,
   "free energy":     -22.614563264791,
   "G(T)":       0.081125018105,
   "ZPVE":       0.112820775626,
   "number of imags":0,
   "point group": "c1",
   "gradient norm":       0.000062168801
}
