{
   "temperature":     298.150000000000,
   "unit": "hartree",
   "energy":     -53.618433048365,
   "free energy":     -53.485393022028,
   "G(T)":       0.133040026338,
   "ZPVE":       0.175951832268,
   "number of imags":0,
   "point group": "c1",
   "gradient norm":       0.000092157722
}
