{
   "temperature":     298.150000000000,
   "unit": "hartree",
   "energy":     -22.695644258356,
   "free energy":     -22.614721386876,
   "G(T)":       0.080922871480,
   "ZPVE":       0.112608062848,
   "number of imags":0,
   "point group": "c1",
   "gradient norm":       0.000030626410
}
