{
   "temperature":     298.150000000000,
   "unit": "hartree",
   "energy":     -20.894835284098,
   "free energy":     -20.764462143299,
   "G(T)":       0.130373140799,
   "ZPVE":       0.162164928026,
   "number of imags":0,
   "point group": "c1",
   "gradient norm":       0.000040038192
}
