{
   "temperature":     298.150000000000,
   "unit": "hartree",
   "energy":     -25.308559058718,
   "free energy":     -25.118887860748,
   "G(T)":       0.189671197969,
   "ZPVE":       0.223657502195,
   "number of imags":0,
   "point group": "c1",
   "gradient norm":       0.000065079024
}
