{
   "temperature":     298.150000000000,
   "unit": "hartree",
   "energy":     -22.698887689080,
   "free energy":     -22.618006816866,
   "G(T)":       0.080880872215,
   "ZPVE":       0.112432845072,
   "number of imags":0,
   "point group": "c1",
   "gradient norm":       0.000036456944
}
