{
   "temperature":     298.150000000000,
   "unit": "hartree",
   "energy":     -23.158139310215,
   "free energy":     -22.977399638157,
   "G(T)":       0.180739672057,
   "ZPVE":       0.214815817183,
   "number of imags":0,
   "point group": "c1",
   "gradient norm":       0.000021843197
}
