{
   "temperature":     298.150000000000,
   "unit": "hartree",
   "energy":     -20.799572655557,
   "free energy":     -20.716347959202,
   "G(T)":       0.083224696354,
   "ZPVE":       0.115581358859,
   "number of imags":0,
   "point group": "cs",
   "gradient norm":       0.000032373920
}
