{
   "temperature":     298.150000000000,
   "unit": "hartree",
   "energy":     -25.303867181082,
   "free energy":     -25.114302814740,
   "G(T)":       0.189564366343,
   "ZPVE":       0.223890791854,
   "number of imags":0,
   "point group": "c1",
   "gradient norm":       0.000024855102
}
