{
   "temperature":     298.150000000000,
   "unit": "hartree",
   "energy":     -20.892372397046,
   "free energy":     -20.762603362032,
   "G(T)":       0.129769035014,
   "ZPVE":       0.161904908073,
   "number of imags":0,
   "point group": "c1",
   "gradient norm":       0.000083548744
}
