{
   "temperature":     298.150000000000,
   "unit": "hartree",
   "energy":     -24.056007024622,
   "free energy":     -23.901208367408,
   "G(T)":       0.154798657214,
   "ZPVE":       0.190051087485,
   "number of imags":0,
   "point group": "c1",
   "gradient norm":       0.000049711922
}
