{
   "temperature":     298.150000000000,
   "unit": "hartree",
   "energy":     -44.043449280413,
   "free energy":     -43.876612522586,
   "G(T)":       0.166836757827,
   "ZPVE":       0.211505095842,
   "number of imags":0,
   "point group": "c1",
   "gradient norm":       0.000175064119
}
