{
   "temperature":     298.150000000000,
   "unit": "hartree",
   "energy":     -26.318264574223,
   "free energy":     -26.111171088577,
   "G(T)":       0.207093485646,
   "ZPVE":       0.243000999933,
   "number of imags":0,
   "point group": "cs",
   "gradient norm":       0.000175837738
}
