{
   "temperature":     298.150000000000,
   "unit": "hartree",
   "energy":     -23.958394926688,
   "free energy":     -23.849939195890,
   "G(T)":       0.108455730798,
   "ZPVE":       0.143254438711,
   "number of imags":0,
   "point group": "c1",
   "gradient norm":       0.000067084699
}
