{
   "temperature":     298.150000000000,
   "unit": "hartree",
   "energy":     -25.307063212475,
   "free energy":     -25.117662959857,
   "G(T)":       0.189400252618,
   "ZPVE":       0.223722942410,
   "number of imags":0,
   "point group": "c1",
   "gradient norm":       0.000045348562
}
