{
    "partname": "prescreening",
    "runtime": 26.078726484440267,
    "results": {
        "CONF3": {
            "xtb_gsolv": {
                "gsolv": -0.005318618627999427,
                "energy_xtb_gas": -27.118617514007,
                "energy_xtb_solv": -27.123936132635
            },
            "sp": {
                "energy": -385.457909860273
            },
            "gtot": -385.463228478901,
            "bmw": 0.03105317516833868
        },
        "CONF1": {
            "xtb_gsolv": {
                "gsolv": -0.005435954498999251,
                "energy_xtb_gas": -27.119148926802,
                "energy_xtb_solv": -27.124584881301
            },
            "sp": {
                "energy": -385.458748096695
            },
            "gtot": -385.46418405119397,
            "bmw": 0.08543559396177879
        },
        "CONF2": {
            "xtb_gsolv": {
                "gsolv": -0.005335387934998437,
                "energy_xtb_gas": -27.119078664113,
                "energy_xtb_solv": -27.124414052048
            },
            "sp": {
                "energy": -385.458686232038
            },
            "gtot": -385.46402161997304,
            "bmw": 0.07193258261048073
        },
        "CONF9": {
            "xtb_gsolv": {
                "gsolv": -0.005672411290998269,
                "energy_xtb_gas": -27.118045653294,
                "energy_xtb_solv": -27.123718064585
            },
            "sp": {
                "energy": -385.458322268201
            },
            "gtot": -385.46399467949203,
            "bmw": 0.06990912873871542
        },
        "CONF5": {
            "xtb_gsolv": {
                "gsolv": -0.0052353802139997185,
                "energy_xtb_gas": -27.118550341185,
                "energy_xtb_solv": -27.123785721399
            },
            "sp": {
                "energy": -385.458106378401
            },
            "gtot": -385.463341758615,
            "bmw": 0.03501152879231047
        },
        "CONF4": {
            "xtb_gsolv": {
                "gsolv": -0.005279348220998514,
                "energy_xtb_gas": -27.11861742062,
                "energy_xtb_solv": -27.123896768841
            },
            "sp": {
                "energy": -385.457982936622
            },
            "gtot": -385.463262284843,
            "bmw": 0.032185159824935146
        },
        "CONF19": {
            "xtb_gsolv": {
                "gsolv": -0.007755366704000011,
                "energy_xtb_gas": -27.108022731826,
                "energy_xtb_solv": -27.11577809853
            },
            "sp": {
                "energy": -385.448819084499
            },
            "gtot": -385.456574451203,
            "bmw": 2.700630276833475e-05
        },
        "CONF10": {
            "xtb_gsolv": {
                "gsolv": -0.005700845414999378,
                "energy_xtb_gas": -27.117973454516,
                "energy_xtb_solv": -27.123674299931
            },
            "sp": {
                "energy": -385.458474660199
            },
            "gtot": -385.464175505614,
            "bmw": 0.08466582573543205
        },
        "CONF7": {
            "xtb_gsolv": {
                "gsolv": -0.005746982840001635,
                "energy_xtb_gas": -27.117991508828,
                "energy_xtb_solv": -27.123738491668
            },
            "sp": {
                "energy": -385.458543095095
            },
            "gtot": -385.464290077935,
            "bmw": 0.09558896694807203
        },
        "CONF13": {
            "xtb_gsolv": {
                "gsolv": -0.005346287000001837,
                "energy_xtb_gas": -27.118034883596,
                "energy_xtb_solv": -27.123381170596
            },
            "sp": {
                "energy": -385.457797069902
            },
            "gtot": -385.46314335690204,
            "bmw": 0.02837609332801499
        },
        "CONF8": {
            "xtb_gsolv": {
                "gsolv": -0.005755200907000102,
                "energy_xtb_gas": -27.117984192644,
                "energy_xtb_solv": -27.123739393551
            },
            "sp": {
                "energy": -385.458556004287
            },
            "gtot": -385.464311205194,
            "bmw": 0.0977519961234093
        },
        "CONF18": {
            "xtb_gsolv": {
                "gsolv": -0.005116428960999286,
                "energy_xtb_gas": -27.113890246211,
                "energy_xtb_solv": -27.119006675172
            },
            "sp": {
                "energy": -385.45155347926
            },
            "gtot": -385.456669908221,
            "bmw": 2.9879430887157693e-05
        },
        "CONF14": {
            "xtb_gsolv": {
                "gsolv": -0.005849902592999001,
                "energy_xtb_gas": -27.117385690666,
                "energy_xtb_solv": -27.123235593259
            },
            "sp": {
                "energy": -385.457975350457
            },
            "gtot": -385.46382525305,
            "bmw": 0.058425591886669064
        },
        "CONF6": {
            "xtb_gsolv": {
                "gsolv": -0.005754687092998978,
                "energy_xtb_gas": -27.11798877091,
                "energy_xtb_solv": -27.123743458003
            },
            "sp": {
                "energy": -385.457942098086
            },
            "gtot": -385.46369678517897,
            "bmw": 0.05099316760591176
        },
        "CONF16": {
            "xtb_gsolv": {
                "gsolv": -0.005642347088997468,
                "energy_xtb_gas": -27.117531440332,
                "energy_xtb_solv": -27.123173787421
            },
            "sp": {
                "energy": -385.457587220092
            },
            "gtot": -385.46322956718103,
            "bmw": 0.031088988147407338
        },
        "CONF12": {
            "xtb_gsolv": {
                "gsolv": -0.005448616193000078,
                "energy_xtb_gas": -27.118137714076,
                "energy_xtb_solv": -27.123586330269
            },
            "sp": {
                "energy": -385.457581336225
            },
            "gtot": -385.463029952418,
            "bmw": 0.025164606976599183
        },
        "CONF15": {
            "xtb_gsolv": {
                "gsolv": -0.005853242283002658,
                "energy_xtb_gas": -27.117376742949,
                "energy_xtb_solv": -27.123229985232
            },
            "sp": {
                "energy": -385.458092181981
            },
            "gtot": -385.463945424264,
            "bmw": 0.06635567219569723
        },
        "CONF17": {
            "xtb_gsolv": {
                "gsolv": -0.0057487054030005424,
                "energy_xtb_gas": -27.117382253644,
                "energy_xtb_solv": -27.123130959047
            },
            "sp": {
                "energy": -385.45796590762
            },
            "gtot": -385.463714613023,
            "bmw": 0.05196515548084719
        },
        "CONF11": {
            "xtb_gsolv": {
                "gsolv": -0.005699655566001383,
                "energy_xtb_gas": -27.117951991444,
                "energy_xtb_solv": -27.12365164701
            },
            "sp": {
                "energy": -385.458468843648
            },
            "gtot": -385.464168499214,
            "bmw": 0.08403988074172544
        }
    },
    "settings": {
        "threshold": 4.0,
        "func": "pbe-d4",
        "basis": "def2-sv(p)",
        "prog": "orca",
        "gfnv": "gfn2",
        "run": true,
        "template": false
    },
    "nconf_in": 19,
    "nconf_out": 17
}