{
    "partname": "screening",
    "runtime": 123.9845692627132,
    "results": {
        "CONF8": {
            "gsolv": {
                "gsolv": -0.005356482544016217,
                "energy_gas": -386.238444604905,
                "energy_solv": -386.243801087449
            },
            "gtot": -386.243801087449,
            "bmw": 0.10690928705475672
        },
        "CONF9": {
            "gsolv": {
                "gsolv": -0.0052075785350211845,
                "energy_gas": -386.238024804607,
                "energy_solv": -386.243232383142
            },
            "gtot": -386.243232383142,
            "bmw": 0.05853687843956962
        },
        "CONF15": {
            "gsolv": {
                "gsolv": -0.005218703777018163,
                "energy_gas": -386.2381266982,
                "energy_solv": -386.243345401977
            },
            "gtot": -386.243345401977,
            "bmw": 0.0659803515243147
        },
        "CONF6": {
            "gsolv": {
                "gsolv": -0.004912331034006456,
                "energy_gas": -386.237409642186,
                "energy_solv": -386.24232197322
            },
            "gtot": -386.24232197322,
            "bmw": 0.022318755888648328
        },
        "CONF16": {
            "gsolv": {
                "gsolv": -0.004732549076038595,
                "energy_gas": -386.237144022556,
                "energy_solv": -386.241876571632
            },
            "gtot": -386.241876571632,
            "bmw": 0.013925135601258508
        },
        "CONF4": {
            "gsolv": {
                "gsolv": -0.005131741172988313,
                "energy_gas": -386.237930877802,
                "energy_solv": -386.243062618975
            },
            "gtot": -386.243062618975,
            "bmw": 0.04890389470620519
        },
        "CONF2": {
            "gsolv": {
                "gsolv": -0.00479070747798005,
                "energy_gas": -386.238674550263,
                "energy_solv": -386.243465257741
            },
            "gtot": -386.243465257741,
            "bmw": 0.07491080434845042
        },
        "CONF5": {
            "gsolv": {
                "gsolv": -0.005126874046027297,
                "energy_gas": -386.238089483509,
                "energy_solv": -386.243216357555
            },
            "gtot": -386.243216357555,
            "bmw": 0.05755171894352185
        },
        "CONF17": {
            "gsolv": {
                "gsolv": -0.00495916283199449,
                "energy_gas": -386.237702766337,
                "energy_solv": -386.242661929169
            },
            "gtot": -386.242661929169,
            "bmw": 0.03199181610158962
        },
        "CONF1": {
            "gsolv": {
                "gsolv": -0.004771056380036498,
                "energy_gas": -386.238482380603,
                "energy_solv": -386.243253436983
            },
            "gtot": -386.243253436983,
            "bmw": 0.05985682212677732
        },
        "CONF11": {
            "gsolv": {
                "gsolv": -0.005344624326994563,
                "energy_gas": -386.238421826499,
                "energy_solv": -386.243766450826
            },
            "gtot": -386.243766450826,
            "bmw": 0.10305846974841273
        },
        "CONF7": {
            "gsolv": {
                "gsolv": -0.005372676993999903,
                "energy_gas": -386.238450522813,
                "energy_solv": -386.243823199807
            },
            "gtot": -386.243823199807,
            "bmw": 0.10944260304874227
        },
        "CONF10": {
            "gsolv": {
                "gsolv": -0.005391609695038824,
                "energy_gas": -386.238411012775,
                "energy_solv": -386.24380262247
            },
            "gtot": -386.24380262247,
            "bmw": 0.10708323779924662
        },
        "CONF13": {
            "gsolv": {
                "gsolv": -0.004804299721001826,
                "energy_gas": -386.237712839833,
                "energy_solv": -386.242517139554
            },
            "gtot": -386.242517139554,
            "bmw": 0.027443549516265958
        },
        "CONF14": {
            "gsolv": {
                "gsolv": -0.005168736534017171,
                "energy_gas": -386.237932941519,
                "energy_solv": -386.243101678053
            },
            "gtot": -386.243101678053,
            "bmw": 0.05096938342560083
        },
        "CONF3": {
            "gsolv": {
                "gsolv": -0.0051020900760363475,
                "energy_gas": -386.237782939522,
                "energy_solv": -386.242885029598
            },
            "gtot": -386.242885029598,
            "bmw": 0.0405189319035018
        },
        "CONF12": {
            "gsolv": {
                "gsolv": -0.00483362104699836,
                "energy_gas": -386.237412613579,
                "energy_solv": -386.242246234626
            },
            "gtot": -386.242246234626,
            "bmw": 0.02059835982313755
        }
    },
    "settings": {
        "threshold": 3.5,
        "func": "r2scan-3c",
        "basis": "def2-tzvp",
        "prog": "orca",
        "sm": "smd",
        "gfnv": "gfn2",
        "run": true,
        "implicit": false,
        "template": false
    },
    "nconf_in": 17,
    "nconf_out": 17
}