{
   "temperature":     298.150000000000,
   "unit": "hartree",
   "energy":     -31.095990119955,
   "free energy":     -31.062309514454,
   "G(T)":       0.033680605501,
   "ZPVE":       0.069389956598,
   "number of imags":0,
   "point group": "c1",
   "gradient norm":       0.000130031968
}
