{
   "temperature":     298.150000000000,
   "unit": "hartree",
   "energy":     -24.057018155841,
   "free energy":     -23.900449656213,
   "G(T)":       0.156568499628,
   "ZPVE":       0.190087329178,
   "number of imags":0,
   "point group": "c1",
   "gradient norm":       0.000043747151
}
