{
   "temperature":     298.150000000000,
   "unit": "hartree",
   "energy":     -19.866863478120,
   "free energy":     -19.760444629818,
   "G(T)":       0.106418848302,
   "ZPVE":       0.138885840839,
   "number of imags":0,
   "point group": "c1",
   "gradient norm":       0.000046937525
}
