{
   "temperature":     298.150000000000,
   "unit": "hartree",
   "energy":     -20.800126229934,
   "free energy":     -20.716290313837,
   "G(T)":       0.083835916097,
   "ZPVE":       0.115653393567,
   "number of imags":0,
   "point group": "c1",
   "gradient norm":       0.000040434286
}
