{
   "temperature":     298.150000000000,
   "unit": "hartree",
   "energy":     -22.693586192215,
   "free energy":     -22.612789648062,
   "G(T)":       0.080796544153,
   "ZPVE":       0.112705634974,
   "number of imags":0,
   "point group": "c1",
   "gradient norm":       0.000039845681
}
