{
    "partname": "prescreening",
    "runtime": 8.606295210774988,
    "results": {
        "CONF9": {
            "xtb_gsolv": {
                "gsolv": -0.0011171605889970238,
                "energy_xtb_gas": -24.052350456887,
                "energy_xtb_solv": -24.053467617476
            },
            "sp": {
                "energy": -311.517873848039
            },
            "gtot": -311.518991008628,
            "bmw": 0.0008184994356979153
        },
        "CONF10": {
            "xtb_gsolv": {
                "gsolv": -0.0011177928890013789,
                "energy_xtb_gas": -24.052334099956,
                "energy_xtb_solv": -24.053451892845
            },
            "sp": {
                "energy": -311.518003186959
            },
            "gtot": -311.51912097984797,
            "bmw": 0.0009392928302245668
        },
        "CONF5": {
            "xtb_gsolv": {
                "gsolv": -0.0010424879269983478,
                "energy_xtb_gas": -24.054674079571,
                "energy_xtb_solv": -24.055716567498
            },
            "sp": {
                "energy": -311.520016690306
            },
            "gtot": -311.52105917823303,
            "bmw": 0.007316620901651162
        },
        "CONF12": {
            "xtb_gsolv": {
                "gsolv": -0.0014045725549998167,
                "energy_xtb_gas": -24.048187978538,
                "energy_xtb_solv": -24.049592551093
            },
            "sp": {
                "energy": -311.515316193696
            },
            "gtot": -311.51672076625096,
            "bmw": 7.39229303107813e-05
        },
        "CONF7": {
            "xtb_gsolv": {
                "gsolv": -0.0011749854139999627,
                "energy_xtb_gas": -24.053413853272,
                "energy_xtb_solv": -24.054588838686
            },
            "sp": {
                "energy": -311.520944350817
            },
            "gtot": -311.522119336231,
            "bmw": 0.022487929841106653
        },
        "CONF2": {
            "xtb_gsolv": {
                "gsolv": -0.0011884523739986719,
                "energy_xtb_gas": -24.055007620362,
                "energy_xtb_solv": -24.056196072736
            },
            "sp": {
                "energy": -311.522706337133
            },
            "gtot": -311.523894789507,
            "bmw": 0.14743529234175096
        },
        "CONF11": {
            "xtb_gsolv": {
                "gsolv": -0.001064836464998109,
                "energy_xtb_gas": -24.04940764714,
                "energy_xtb_solv": -24.050472483605
            },
            "sp": {
                "energy": -311.512807165573
            },
            "gtot": -311.513872002038,
            "bmw": 3.6177482238668385e-06
        },
        "CONF8": {
            "xtb_gsolv": {
                "gsolv": -0.0011121159779996503,
                "energy_xtb_gas": -24.052375478855,
                "energy_xtb_solv": -24.053487594833
            },
            "sp": {
                "energy": -311.517803030778
            },
            "gtot": -311.518915146756,
            "bmw": 0.0007553084416820609
        },
        "CONF6": {
            "xtb_gsolv": {
                "gsolv": -0.0011558191409974938,
                "energy_xtb_gas": -24.054349759446,
                "energy_xtb_solv": -24.055505578587
            },
            "sp": {
                "energy": -311.521732998796
            },
            "gtot": -311.522888817937,
            "bmw": 0.050802672899866355
        },
        "CONF3": {
            "xtb_gsolv": {
                "gsolv": -0.0011928283580004972,
                "energy_xtb_gas": -24.054986349241,
                "energy_xtb_solv": -24.056179177599
            },
            "sp": {
                "energy": -311.523008440535
            },
            "gtot": -311.524201268893,
            "bmw": 0.20397277984743709
        },
        "CONF1": {
            "xtb_gsolv": {
                "gsolv": -0.0011971407330015893,
                "energy_xtb_gas": -24.055421020653,
                "energy_xtb_solv": -24.056618161386
            },
            "sp": {
                "energy": -311.523684348124
            },
            "gtot": -311.524881488857,
            "bmw": 0.41922940851170265
        },
        "CONF4": {
            "xtb_gsolv": {
                "gsolv": -0.0012203877659970885,
                "energy_xtb_gas": -24.054667723701,
                "energy_xtb_solv": -24.055888111467
            },
            "sp": {
                "energy": -311.522666229237
            },
            "gtot": -311.52388661700303,
            "bmw": 0.1461646542703457
        }
    },
    "settings": {
        "threshold": 4.0,
        "func": "pbe-d4",
        "basis": "def2-sv(p)",
        "prog": "orca",
        "gfnv": "gfn2",
        "run": true,
        "template": false
    },
    "nconf_in": 12,
    "nconf_out": 10
}