{
    "partname": "screening",
    "runtime": 52.5618036207743,
    "results": {
        "CONF7": {
            "gsolv": {
                "gsolv": -0.0016173831470496225,
                "energy_gas": -312.191969878386,
                "energy_solv": -312.193587261533
            },
            "gtot": -312.193587261533,
            "bmw": 0.004835423058294666
        },
        "CONF4": {
            "gsolv": {
                "gsolv": -0.0018266755139961788,
                "energy_gas": -312.195142755724,
                "energy_solv": -312.196969431238
            },
            "gtot": -312.196969431238,
            "bmw": 0.17383005005274282
        },
        "CONF6": {
            "gsolv": {
                "gsolv": -0.0017779264600221723,
                "energy_gas": -312.193119979533,
                "energy_solv": -312.194897905993
            },
            "gtot": -312.194897905993,
            "bmw": 0.01937711865316697
        },
        "CONF3": {
            "gsolv": {
                "gsolv": -0.0018897143229992253,
                "energy_gas": -312.1951047256,
                "energy_solv": -312.196994439923
            },
            "gtot": -312.196994439923,
            "bmw": 0.17849582154372967
        },
        "CONF2": {
            "gsolv": {
                "gsolv": -0.0019185401050094697,
                "energy_gas": -312.194944590906,
                "energy_solv": -312.196863131011
            },
            "gtot": -312.196863131011,
            "bmw": 0.1553209847432568
        },
        "CONF1": {
            "gsolv": {
                "gsolv": -0.0019459642230117424,
                "energy_gas": -312.195908360085,
                "energy_solv": -312.197854324308
            },
            "gtot": -312.197854324308,
            "bmw": 0.4437593257143102
        },
        "CONF5": {
            "gsolv": {
                "gsolv": -0.0023847548370099503,
                "energy_gas": -312.192583584725,
                "energy_solv": -312.194968339562
            },
            "gtot": -312.194968339562,
            "bmw": 0.020877880035794945
        },
        "CONF10": {
            "gsolv": {
                "gsolv": -0.002220846268016885,
                "energy_gas": -312.190151080725,
                "energy_solv": -312.192371926993
            },
            "gtot": -312.192371926993,
            "bmw": 0.0013348094856600772
        },
        "CONF8": {
            "gsolv": {
                "gsolv": -0.002196095935971698,
                "energy_gas": -312.189916078753,
                "energy_solv": -312.192112174689
            },
            "gtot": -312.192112174689,
            "bmw": 0.0010137748075814837
        },
        "CONF9": {
            "gsolv": {
                "gsolv": -0.002193156920952788,
                "energy_gas": -312.190042004015,
                "energy_solv": -312.192235160936
            },
            "gtot": -312.192235160936,
            "bmw": 0.0011548119054622886
        }
    },
    "settings": {
        "threshold": 3.5,
        "func": "r2scan-3c",
        "basis": "def2-tzvp",
        "prog": "orca",
        "sm": "smd",
        "gfnv": "gfn2",
        "run": true,
        "implicit": false,
        "template": false
    },
    "nconf_in": 10,
    "nconf_out": 10
}