{
    "partname": "refinement",
    "runtime": 294.5699946107343,
    "results": {
        "CONF6": {
            "gsolv": {
                "gsolv": -0.002607742679003877,
                "energy_gas": -312.304887289608,
                "energy_solv": -312.307495032287
            },
            "gtot": -312.307495032287,
            "bmw": 0.12385328997557932
        },
        "CONF2": {
            "gsolv": {
                "gsolv": -0.0026529130590233763,
                "energy_gas": -312.304822804504,
                "energy_solv": -312.307475717563
            },
            "gtot": -312.307475717563,
            "bmw": 0.12134542005437482
        },
        "CONF4": {
            "gsolv": {
                "gsolv": -0.0025907496599870683,
                "energy_gas": -312.304928548463,
                "energy_solv": -312.307519298123
            },
            "gtot": -312.307519298123,
            "bmw": 0.1270776161772986
        },
        "CONF3": {
            "gsolv": {
                "gsolv": -0.0026177161270197757,
                "energy_gas": -312.305749981155,
                "energy_solv": -312.308367697282
            },
            "gtot": -312.308367697282,
            "bmw": 0.31210854568037766
        },
        "CONF1": {
            "gsolv": {
                "gsolv": -0.0026226859829989735,
                "energy_gas": -312.305755560185,
                "energy_solv": -312.308378246168
            },
            "gtot": -312.308378246168,
            "bmw": 0.3156151281123696
        }
    },
    "settings": {
        "threshold": 0.95,
        "func": "wb97x-v",
        "basis": "def2-tzvp",
        "prog": "orca",
        "sm": "smd",
        "gfnv": "gfn2",
        "run": true,
        "implicit": false,
        "template": false
    },
    "nconf_in": 5,
    "nconf_out": 5
}