{
   "temperature":     298.150000000000,
   "unit": "hartree",
   "energy":     -42.514013191726,
   "free energy":     -42.412072642575,
   "G(T)":       0.101940549152,
   "ZPVE":       0.143741537098,
   "number of imags":0,
   "point group": "c1",
   "gradient norm":       0.000039855285
}
