{
   "temperature":     298.150000000000,
   "unit": "hartree",
   "energy":     -39.112461203885,
   "free energy":     -38.944005630302,
   "G(T)":       0.168455573583,
   "ZPVE":       0.208983263130,
   "number of imags":0,
   "point group": "c1",
   "gradient norm":       0.000049562309
}
