{
   "temperature":     298.150000000000,
   "unit": "hartree",
   "energy":     -24.058431605476,
   "free energy":     -23.903684432943,
   "G(T)":       0.154747172532,
   "ZPVE":       0.188669296419,
   "number of imags":0,
   "point group": "c2",
   "gradient norm":       0.000038393873
}
