{
   "temperature":     298.150000000000,
   "unit": "hartree",
   "energy":     -23.957397739424,
   "free energy":     -23.851148110627,
   "G(T)":       0.106249628797,
   "ZPVE":       0.142730118210,
   "number of imags":0,
   "point group": "c1",
   "gradient norm":       0.000050284417
}
