{
   "temperature":     298.150000000000,
   "unit": "hartree",
   "energy":     -23.156815556967,
   "free energy":     -22.975652028876,
   "G(T)":       0.181163528091,
   "ZPVE":       0.214968820361,
   "number of imags":0,
   "point group": "c1",
   "gradient norm":       0.000028713021
}
