{
   "temperature":     298.150000000000,
   "unit": "hartree",
   "energy":     -16.827786424212,
   "free energy":     -16.698418090478,
   "G(T)":       0.129368333735,
   "ZPVE":       0.159177920497,
   "number of imags":0,
   "point group": "c2",
   "gradient norm":       0.000021518463
}
