{
   "temperature":     298.150000000000,
   "unit": "hartree",
   "energy":     -28.547347672008,
   "free energy":     -28.373125279307,
   "G(T)":       0.174222392701,
   "ZPVE":       0.209491416755,
   "number of imags":0,
   "point group": "cs",
   "gradient norm":       0.000020576697
}
