{
   "temperature":     298.150000000000,
   "unit": "hartree",
   "energy":     -23.957998054547,
   "free energy":     -23.849926079248,
   "G(T)":       0.108071975299,
   "ZPVE":       0.143234084218,
   "number of imags":0,
   "point group": "c1",
   "gradient norm":       0.000038199071
}
