{
   "temperature":     298.150000000000,
   "unit": "hartree",
   "energy":     -24.058431094508,
   "free energy":     -23.903677527605,
   "G(T)":       0.154753566904,
   "ZPVE":       0.188670889065,
   "number of imags":0,
   "point group": "c2",
   "gradient norm":       0.000052357728
}
