{
   "temperature":     298.150000000000,
   "unit": "hartree",
   "energy":     -16.908569094563,
   "free energy":     -16.810765276216,
   "G(T)":       0.097803818347,
   "ZPVE":       0.129343097160,
   "number of imags":0,
   "point group": "c1",
   "gradient norm":       0.000043431138
}
