{
   "temperature":     298.150000000000,
   "unit": "hartree",
   "energy":     -25.308664273110,
   "free energy":     -25.119608371392,
   "G(T)":       0.189055901717,
   "ZPVE":       0.223581884163,
   "number of imags":0,
   "point group": "c1",
   "gradient norm":       0.000049954454
}
