{
   "temperature":     298.150000000000,
   "unit": "hartree",
   "energy":     -32.358421730189,
   "free energy":     -32.221128381080,
   "G(T)":       0.137293349109,
   "ZPVE":       0.175299617561,
   "number of imags":0,
   "point group": "c1",
   "gradient norm":       0.000062016118
}
