{
   "temperature":     298.150000000000,
   "unit": "hartree",
   "energy":     -23.958591635657,
   "free energy":     -23.851508319636,
   "G(T)":       0.107083316021,
   "ZPVE":       0.142843791718,
   "number of imags":0,
   "point group": "c1",
   "gradient norm":       0.000089889875
}
