{
   "temperature":     298.150000000000,
   "unit": "hartree",
   "energy":     -23.958167214860,
   "free energy":     -23.850421225431,
   "G(T)":       0.107745989429,
   "ZPVE":       0.143328530744,
   "number of imags":0,
   "point group": "c1",
   "gradient norm":       0.000070655471
}
