{
   "temperature":     298.150000000000,
   "unit": "hartree",
   "energy":     -23.968544159281,
   "free energy":     -23.857647772021,
   "G(T)":       0.110896387260,
   "ZPVE":       0.143897223963,
   "number of imags":0,
   "point group": "c1",
   "gradient norm":       0.000075086078
}
