{
   "temperature":     298.150000000000,
   "unit": "hartree",
   "energy":     -20.890320405288,
   "free energy":     -20.760218352010,
   "G(T)":       0.130102053278,
   "ZPVE":       0.162192024935,
   "number of imags":0,
   "point group": "c1",
   "gradient norm":       0.000043876594
}
