{
   "temperature":     298.150000000000,
   "unit": "hartree",
   "energy":     -16.688866128538,
   "free energy":     -16.608157086868,
   "G(T)":       0.080709041670,
   "ZPVE":       0.110574197200,
   "number of imags":0,
   "point group": "cs",
   "gradient norm":       0.000085252262
}
