{
   "temperature":     298.150000000000,
   "unit": "hartree",
   "energy":     -25.307625827810,
   "free energy":     -25.119864530973,
   "G(T)":       0.187761296837,
   "ZPVE":       0.223295014337,
   "number of imags":0,
   "point group": "c1",
   "gradient norm":       0.000065027536
}
