{
   "temperature":     298.150000000000,
   "unit": "hartree",
   "energy":     -18.624029478005,
   "free energy":     -18.544748019151,
   "G(T)":       0.079281458854,
   "ZPVE":       0.109036410027,
   "number of imags":0,
   "point group": "c1",
   "gradient norm":       0.000101223153
}
