{
   "temperature":     298.150000000000,
   "unit": "hartree",
   "energy":     -41.508045502123,
   "free energy":     -41.426832306946,
   "G(T)":       0.081213195178,
   "ZPVE":       0.122263670298,
   "number of imags":0,
   "point group": "c1",
   "gradient norm":       0.000042638101
}
