{
    "partname": "prescreening",
    "runtime": 16.776623180136085,
    "results": {
        "CONF2": {
            "xtb_gsolv": {
                "gsolv": -0.003188299716995857,
                "energy_xtb_gas": -41.493966249354,
                "energy_xtb_solv": -41.497154549071
            },
            "sp": {
                "energy": -701.83123056485
            },
            "gtot": -701.8344188645669,
            "bmw": 0.45555287669239736
        },
        "CONF1": {
            "xtb_gsolv": {
                "gsolv": -0.0034983292320021064,
                "energy_xtb_gas": -41.494269745321,
                "energy_xtb_solv": -41.497768074553
            },
            "sp": {
                "energy": -701.829669707179
            },
            "gtot": -701.833168036411,
            "bmw": 0.12111492576787035
        },
        "CONF3": {
            "xtb_gsolv": {
                "gsolv": -0.0034031326449976973,
                "energy_xtb_gas": -41.49373070018,
                "energy_xtb_solv": -41.497133832825
            },
            "sp": {
                "energy": -701.83092960358
            },
            "gtot": -701.834332736225,
            "bmw": 0.4158363961845589
        },
        "CONF4": {
            "xtb_gsolv": {
                "gsolv": -0.003741367361001835,
                "energy_xtb_gas": -41.493034009249,
                "energy_xtb_solv": -41.49677537661
            },
            "sp": {
                "energy": -701.826102673707
            },
            "gtot": -701.8298440410681,
            "bmw": 0.0035831553984214375
        },
        "CONF7": {
            "xtb_gsolv": {
                "gsolv": -0.002348174798996183,
                "energy_xtb_gas": -41.488027282643,
                "energy_xtb_solv": -41.490375457442
            },
            "sp": {
                "energy": -701.820742227361
            },
            "gtot": -701.82309040216,
            "bmw": 2.804185747130572e-06
        },
        "CONF6": {
            "xtb_gsolv": {
                "gsolv": -0.0034473238900005754,
                "energy_xtb_gas": -41.492547301785,
                "energy_xtb_solv": -41.495994625675
            },
            "sp": {
                "energy": -701.824470903416
            },
            "gtot": -701.827918227306,
            "bmw": 0.0004660715888938822
        },
        "CONF8": {
            "xtb_gsolv": {
                "gsolv": -0.002326953579995461,
                "energy_xtb_gas": -41.4879091839,
                "energy_xtb_solv": -41.49023613748
            },
            "sp": {
                "energy": -701.820225546979
            },
            "gtot": -701.822552500559,
            "bmw": 1.586314038284373e-06
        },
        "CONF5": {
            "xtb_gsolv": {
                "gsolv": -0.003807164801997942,
                "energy_xtb_gas": -41.49294024959,
                "energy_xtb_solv": -41.496747414392
            },
            "sp": {
                "energy": -701.825998532373
            },
            "gtot": -701.829805697175,
            "bmw": 0.003440556337071064
        },
        "CONF9": {
            "xtb_gsolv": {
                "gsolv": -0.002337168775000009,
                "energy_xtb_gas": -41.487859628069,
                "energy_xtb_solv": -41.490196796844
            },
            "sp": {
                "energy": -701.820239551074
            },
            "gtot": -701.8225767198489,
            "bmw": 1.6275310014525733e-06
        }
    },
    "settings": {
        "threshold": 4.0,
        "func": "pbe-d4",
        "basis": "def2-sv(p)",
        "prog": "orca",
        "gfnv": "gfn2",
        "run": true,
        "template": false
    },
    "nconf_in": 9,
    "nconf_out": 5
}