{
    "partname": "screening",
    "runtime": 109.46357528772205,
    "results": {
        "CONF2": {
            "gsolv": {
                "gsolv": -0.00490886780994515,
                "energy_gas": -703.154044711458,
                "energy_solv": -703.158953579268
            },
            "gtot": -703.158953579268,
            "bmw": 0.19063250379923258
        },
        "CONF3": {
            "gsolv": {
                "gsolv": -0.005373140101028184,
                "energy_gas": -703.153638951276,
                "energy_solv": -703.159012091377
            },
            "gtot": -703.159012091377,
            "bmw": 0.2028199443287942
        },
        "CONF4": {
            "gsolv": {
                "gsolv": -0.006464123665068655,
                "energy_gas": -703.150163423671,
                "energy_solv": -703.156627547336
            },
            "gtot": -703.156627547336,
            "bmw": 0.01622917049529452
        },
        "CONF1": {
            "gsolv": {
                "gsolv": -0.007253321708958538,
                "energy_gas": -703.152738231258,
                "energy_solv": -703.159991552967
            },
            "gtot": -703.159991552967,
            "bmw": 0.5723106202490517
        },
        "CONF5": {
            "gsolv": {
                "gsolv": -0.00666087545607752,
                "energy_gas": -703.150064859977,
                "energy_solv": -703.156725735433
            },
            "gtot": -703.156725735433,
            "bmw": 0.01800776112762696
        }
    },
    "settings": {
        "threshold": 3.5,
        "func": "r2scan-3c",
        "basis": "def2-tzvp",
        "prog": "orca",
        "sm": "smd",
        "gfnv": "gfn2",
        "run": true,
        "implicit": false,
        "template": false
    },
    "nconf_in": 5,
    "nconf_out": 5
}