{
   "temperature":     298.150000000000,
   "unit": "hartree",
   "energy":     -22.693086298460,
   "free energy":     -22.612363013399,
   "G(T)":       0.080723285061,
   "ZPVE":       0.112503483133,
   "number of imags":0,
   "point group": "c1",
   "gradient norm":       0.000082633127
}
