{
   "temperature":     298.150000000000,
   "unit": "hartree",
   "energy":     -22.696799796647,
   "free energy":     -22.615524199226,
   "G(T)":       0.081275597421,
   "ZPVE":       0.112800697991,
   "number of imags":0,
   "point group": "c1",
   "gradient norm":       0.000065141479
}
