{
   "temperature":     298.150000000000,
   "unit": "hartree",
   "energy":     -17.241158669448,
   "free energy":     -17.151930567818,
   "G(T)":       0.089228101629,
   "ZPVE":       0.121187265499,
   "number of imags":0,
   "point group": "c1",
   "gradient norm":       0.000042685692
}
