{
   "temperature":     298.150000000000,
   "unit": "hartree",
   "energy":     -25.304815189845,
   "free energy":     -25.114874554751,
   "G(T)":       0.189940635094,
   "ZPVE":       0.223815170277,
   "number of imags":0,
   "point group": "c1",
   "gradient norm":       0.000042245691
}
