{
   "temperature":     298.150000000000,
   "unit": "hartree",
   "energy":     -32.576267246988,
   "free energy":     -32.401609049644,
   "G(T)":       0.174658197344,
   "ZPVE":       0.211606727722,
   "number of imags":0,
   "point group": "c1",
   "gradient norm":       0.000047856344
}
