{
   "temperature":     298.150000000000,
   "unit": "hartree",
   "energy":     -19.867602387828,
   "free energy":     -19.761256178480,
   "G(T)":       0.106346209347,
   "ZPVE":       0.138669910143,
   "number of imags":0,
   "point group": "c1",
   "gradient norm":       0.000032272609
}
