{
   "temperature":     298.150000000000,
   "unit": "hartree",
   "energy":     -36.577728591853,
   "free energy":     -36.447896385075,
   "G(T)":       0.129832206778,
   "ZPVE":       0.168913870890,
   "number of imags":0,
   "point group": "cs",
   "gradient norm":       0.000026788786
}
