{
   "temperature":     298.150000000000,
   "unit": "hartree",
   "energy":     -23.160222266768,
   "free energy":     -22.979279928378,
   "G(T)":       0.180942338390,
   "ZPVE":       0.214801953923,
   "number of imags":0,
   "point group": "c1",
   "gradient norm":       0.000027121055
}
