{
   "temperature":     298.150000000000,
   "unit": "hartree",
   "energy":     -17.615754628401,
   "free energy":     -17.557659888297,
   "G(T)":       0.058094740104,
   "ZPVE":       0.087531001255,
   "number of imags":0,
   "point group": "c1",
   "gradient norm":       0.000051383920
}
