{
   "temperature":     298.150000000000,
   "unit": "hartree",
   "energy":     -20.800226406995,
   "free energy":     -20.716729849928,
   "G(T)":       0.083496557067,
   "ZPVE":       0.115474775012,
   "number of imags":0,
   "point group": "cs",
   "gradient norm":       0.000199288140
}
