{
   "temperature":     298.150000000000,
   "unit": "hartree",
   "energy":     -16.901728198034,
   "free energy":     -16.803796065028,
   "G(T)":       0.097932133005,
   "ZPVE":       0.130504039574,
   "number of imags":0,
   "point group": "c1",
   "gradient norm":       0.000031597670
}
