{
   "temperature":     298.150000000000,
   "unit": "hartree",
   "energy":     -22.696204495475,
   "free energy":     -22.614804458861,
   "G(T)":       0.081400036614,
   "ZPVE":       0.112811841152,
   "number of imags":0,
   "point group": "c1",
   "gradient norm":       0.000079607019
}
