{
   "temperature":     298.150000000000,
   "unit": "hartree",
   "energy":     -29.491250620410,
   "free energy":     -29.259422954648,
   "G(T)":       0.231827665762,
   "ZPVE":       0.270534426627,
   "number of imags":0,
   "point group": "cs",
   "gradient norm":       0.000027302063
}
