{
   "temperature":     298.150000000000,
   "unit": "hartree",
   "energy":     -17.086545285947,
   "free energy":     -16.970558323558,
   "G(T)":       0.115986962390,
   "ZPVE":       0.146413939313,
   "number of imags":0,
   "point group": "c1",
   "gradient norm":       0.000037861485
}
