{
   "temperature":     298.150000000000,
   "unit": "hartree",
   "energy":     -17.721297567907,
   "free energy":     -17.618067982910,
   "G(T)":       0.103229584997,
   "ZPVE":       0.133651423473,
   "number of imags":0,
   "point group": "c1",
   "gradient norm":       0.000023793231
}
