{
   "temperature":     298.150000000000,
   "unit": "hartree",
   "energy":     -24.059678251164,
   "free energy":     -23.902779028655,
   "G(T)":       0.156899222509,
   "ZPVE":       0.190211316696,
   "number of imags":0,
   "point group": "c1",
   "gradient norm":       0.000051021997
}
